GEO,POB,SEX,LMS,ROY,COC,AGE,TIME,PROVIDER,VALUE,FLAGS,FOOTNOTES
DE,NAT,T,TOTAL,TOTAL,TOTAL,TOTAL,2011,Germany,67234125,,,
DE1,NAT,T,TOTAL,TOTAL,TOTAL,TOTAL,2011,Germany,8394470,,,
DE11,NAT,T,TOTAL,TOTAL,TOTAL,TOTAL,2011,Germany,3064878,,,
DE111,NAT,T,TOTAL,TOTAL,TOTAL,TOTAL,2011,Germany,423669,,,
DE112,NAT,T,TOTAL,TOTAL,TOTAL,TOTAL,2011,Germany,282091,,,
DE113,NAT,T,TOTAL,TOTAL,TOTAL,TOTAL,2011,Germany,401309,,,
DE114,NAT,T,TOTAL,TOTAL,TOTAL,TOTAL,2011,Germany,194899,,,
DE115,NAT,T,TOTAL,TOTAL,TOTAL,TOTAL,2011,Germany,400439,,,
DE116,NAT,T,TOTAL,TOTAL,TOTAL,TOTAL,2011,Germany,327930,,,
DE117,NAT,T,TOTAL,TOTAL,TOTAL,TOTAL,2011,Germany,79093,,,
DE118,NAT,T,TOTAL,TOTAL,TOTAL,TOTAL,2011,Germany,260343,,,
DE119,NAT,T,TOTAL,TOTAL,TOTAL,TOTAL,2011,Germany,84220,,,
DE11A,NAT,T,TOTAL,TOTAL,TOTAL,TOTAL,2011,Germany,150581,,,
DE11B,NAT,T,TOTAL,TOTAL,TOTAL,TOTAL,2011,Germany,108705,,,
DE11C,NAT,T,TOTAL,TOTAL,TOTAL,TOTAL,2011,Germany,100481,,,
DE11D,NAT,T,TOTAL,TOTAL,TOTAL,TOTAL,2011,Germany,251118,,,
DE12,NAT,T,TOTAL,TOTAL,TOTAL,TOTAL,2011,Germany,2123616,,,
DE121,NAT,T,TOTAL,TOTAL,TOTAL,TOTAL,2011,Germany,40940,,,
DE122,NAT,T,TOTAL,TOTAL,TOTAL,TOTAL,2011,Germany,217737,,,
DE123,NAT,T,TOTAL,TOTAL,TOTAL,TOTAL,2011,Germany,353392,,,
DE124,NAT,T,TOTAL,TOTAL,TOTAL,TOTAL,2011,Germany,179437,,,
DE125,NAT,T,TOTAL,TOTAL,TOTAL,TOTAL,2011,Germany,109166,,,
DE126,NAT,T,TOTAL,TOTAL,TOTAL,TOTAL,2011,Germany,214442,,,
DE127,NAT,T,TOTAL,TOTAL,TOTAL,TOTAL,2011,Germany,117561,,,
DE128,NAT,T,TOTAL,TOTAL,TOTAL,TOTAL,2011,Germany,435234,,,
DE129,NAT,T,TOTAL,TOTAL,TOTAL,TOTAL,2011,Germany,76245,,,
DE12A,NAT,T,TOTAL,TOTAL,TOTAL,TOTAL,2011,Germany,122964,,,
DE12B,NAT,T,TOTAL,TOTAL,TOTAL,TOTAL,2011,Germany,160438,,,
DE12C,NAT,T,TOTAL,TOTAL,TOTAL,TOTAL,2011,Germany,96060,,,
DE13,NAT,T,TOTAL,TOTAL,TOTAL,TOTAL,2011,Germany,1752543,,,
DE131,NAT,T,TOTAL,TOTAL,TOTAL,TOTAL,2011,Germany,164012,,,
DE132,NAT,T,TOTAL,TOTAL,TOTAL,TOTAL,2011,Germany,212081,,,
DE133,NAT,T,TOTAL,TOTAL,TOTAL,TOTAL,2011,Germany,136288,,,
DE134,NAT,T,TOTAL,TOTAL,TOTAL,TOTAL,2011,Germany,340875,,,
DE135,NAT,T,TOTAL,TOTAL,TOTAL,TOTAL,2011,Germany,114846,,,
DE136,NAT,T,TOTAL,TOTAL,TOTAL,TOTAL,2011,Germany,160728,,,
DE137,NAT,T,TOTAL,TOTAL,TOTAL,TOTAL,2011,Germany,101626,,,
DE138,NAT,T,TOTAL,TOTAL,TOTAL,TOTAL,2011,Germany,216045,,,
DE139,NAT,T,TOTAL,TOTAL,TOTAL,TOTAL,2011,Germany,174782,,,
DE13A,NAT,T,TOTAL,TOTAL,TOTAL,TOTAL,2011,Germany,131260,,,
DE14,NAT,T,TOTAL,TOTAL,TOTAL,TOTAL,2011,Germany,1453433,,,
DE141,NAT,T,TOTAL,TOTAL,TOTAL,TOTAL,2011,Germany,218296,,,
DE142,NAT,T,TOTAL,TOTAL,TOTAL,TOTAL,2011,Germany,176865,,,
DE143,NAT,T,TOTAL,TOTAL,TOTAL,TOTAL,2011,Germany,151178,,,
DE144,NAT,T,TOTAL,TOTAL,TOTAL,TOTAL,2011,Germany,87700,,,
DE145,NAT,T,TOTAL,TOTAL,TOTAL,TOTAL,2011,Germany,157794,,,
DE146,NAT,T,TOTAL,TOTAL,TOTAL,TOTAL,2011,Germany,158519,,,
DE147,NAT,T,TOTAL,TOTAL,TOTAL,TOTAL,2011,Germany,168804,,,
DE148,NAT,T,TOTAL,TOTAL,TOTAL,TOTAL,2011,Germany,227634,,,
DE149,NAT,T,TOTAL,TOTAL,TOTAL,TOTAL,2011,Germany,106643,,,
DE2,NAT,T,TOTAL,TOTAL,TOTAL,TOTAL,2011,Germany,10378816,,,
DE21,NAT,T,TOTAL,TOTAL,TOTAL,TOTAL,2011,Germany,3498238,,,
DE211,NAT,T,TOTAL,TOTAL,TOTAL,TOTAL,2011,Germany,88540,,,
DE212,NAT,T,TOTAL,TOTAL,TOTAL,TOTAL,2011,Germany,991379,,,
DE213,NAT,T,TOTAL,TOTAL,TOTAL,TOTAL,2011,Germany,45062,,,
DE214,NAT,T,TOTAL,TOTAL,TOTAL,TOTAL,2011,Germany,85966,,,
DE215,NAT,T,TOTAL,TOTAL,TOTAL,TOTAL,2011,Germany,78681,,,
DE216,NAT,T,TOTAL,TOTAL,TOTAL,TOTAL,2011,Germany,98690,,,
DE217,NAT,T,TOTAL,TOTAL,TOTAL,TOTAL,2011,Germany,116702,,,
DE218,NAT,T,TOTAL,TOTAL,TOTAL,TOTAL,2011,Germany,109153,,,
DE219,NAT,T,TOTAL,TOTAL,TOTAL,TOTAL,2011,Germany,108004,,,
DE21A,NAT,T,TOTAL,TOTAL,TOTAL,TOTAL,2011,Germany,111363,,,
DE21B,NAT,T,TOTAL,TOTAL,TOTAL,TOTAL,2011,Germany,138068,,,
DE21C,NAT,T,TOTAL,TOTAL,TOTAL,TOTAL,2011,Germany,170303,,,
DE21D,NAT,T,TOTAL,TOTAL,TOTAL,TOTAL,2011,Germany,73269,,,
DE21E,NAT,T,TOTAL,TOTAL,TOTAL,TOTAL,2011,Germany,99537,,,
DE21F,NAT,T,TOTAL,TOTAL,TOTAL,TOTAL,2011,Germany,82168,,,
DE21G,NAT,T,TOTAL,TOTAL,TOTAL,TOTAL,2011,Germany,87937,,,
DE21H,NAT,T,TOTAL,TOTAL,TOTAL,TOTAL,2011,Germany,259157,,,
DE21I,NAT,T,TOTAL,TOTAL,TOTAL,TOTAL,2011,Germany,78088,,,
DE21J,NAT,T,TOTAL,TOTAL,TOTAL,TOTAL,2011,Germany,101261,,,
DE21K,NAT,T,TOTAL,TOTAL,TOTAL,TOTAL,2011,Germany,212411,,,
DE21L,NAT,T,TOTAL,TOTAL,TOTAL,TOTAL,2011,Germany,107525,,,
DE21M,NAT,T,TOTAL,TOTAL,TOTAL,TOTAL,2011,Germany,141515,,,
DE21N,NAT,T,TOTAL,TOTAL,TOTAL,TOTAL,2011,Germany,113459,,,
DE22,NAT,T,TOTAL,TOTAL,TOTAL,TOTAL,2011,Germany,1019950,,,
DE221,NAT,T,TOTAL,TOTAL,TOTAL,TOTAL,2011,Germany,48044,,,
DE222,NAT,T,TOTAL,TOTAL,TOTAL,TOTAL,2011,Germany,39982,,,
DE223,NAT,T,TOTAL,TOTAL,TOTAL,TOTAL,2011,Germany,34657,,,
DE224,NAT,T,TOTAL,TOTAL,TOTAL,TOTAL,2011,Germany,99159,,,
DE225,NAT,T,TOTAL,TOTAL,TOTAL,TOTAL,2011,Germany,72771,,,
DE226,NAT,T,TOTAL,TOTAL,TOTAL,TOTAL,2011,Germany,98440,,,
DE227,NAT,T,TOTAL,TOTAL,TOTAL,TOTAL,2011,Germany,128707,,,
DE228,NAT,T,TOTAL,TOTAL,TOTAL,TOTAL,2011,Germany,163519,,,
DE229,NAT,T,TOTAL,TOTAL,TOTAL,TOTAL,2011,Germany,70918,,,
DE22A,NAT,T,TOTAL,TOTAL,TOTAL,TOTAL,2011,Germany,101796,,,
DE22B,NAT,T,TOTAL,TOTAL,TOTAL,TOTAL,2011,Germany,86643,,,
DE22C,NAT,T,TOTAL,TOTAL,TOTAL,TOTAL,2011,Germany,75314,,,
DE23,NAT,T,TOTAL,TOTAL,TOTAL,TOTAL,2011,Germany,940674,,,
DE231,NAT,T,TOTAL,TOTAL,TOTAL,TOTAL,2011,Germany,32530,,,
DE232,NAT,T,TOTAL,TOTAL,TOTAL,TOTAL,2011,Germany,105672,,,
DE233,NAT,T,TOTAL,TOTAL,TOTAL,TOTAL,2011,Germany,34511,,,
DE234,NAT,T,TOTAL,TOTAL,TOTAL,TOTAL,2011,Germany,93714,,,
DE235,NAT,T,TOTAL,TOTAL,TOTAL,TOTAL,2011,Germany,114617,,,
DE236,NAT,T,TOTAL,TOTAL,TOTAL,TOTAL,2011,Germany,114019,,,
DE237,NAT,T,TOTAL,TOTAL,TOTAL,TOTAL,2011,Germany,88144,,,
DE238,NAT,T,TOTAL,TOTAL,TOTAL,TOTAL,2011,Germany,160337,,,
DE239,NAT,T,TOTAL,TOTAL,TOTAL,TOTAL,2011,Germany,128042,,,
DE23A,NAT,T,TOTAL,TOTAL,TOTAL,TOTAL,2011,Germany,69088,,,
DE24,NAT,T,TOTAL,TOTAL,TOTAL,TOTAL,2011,Germany,936728,,,
DE241,NAT,T,TOTAL,TOTAL,TOTAL,TOTAL,2011,Germany,58349,,,
DE242,NAT,T,TOTAL,TOTAL,TOTAL,TOTAL,2011,Germany,56409,,,
DE243,NAT,T,TOTAL,TOTAL,TOTAL,TOTAL,2011,Germany,33166,,,
DE244,NAT,T,TOTAL,TOTAL,TOTAL,TOTAL,2011,Germany,36257,,,
DE245,NAT,T,TOTAL,TOTAL,TOTAL,TOTAL,2011,Germany,132005,,,
DE246,NAT,T,TOTAL,TOTAL,TOTAL,TOTAL,2011,Germany,96293,,,
DE247,NAT,T,TOTAL,TOTAL,TOTAL,TOTAL,2011,Germany,78178,,,
DE248,NAT,T,TOTAL,TOTAL,TOTAL,TOTAL,2011,Germany,101755,,,
DE249,NAT,T,TOTAL,TOTAL,TOTAL,TOTAL,2011,Germany,89361,,,
DE24A,NAT,T,TOTAL,TOTAL,TOTAL,TOTAL,2011,Germany,64450,,,
DE24B,NAT,T,TOTAL,TOTAL,TOTAL,TOTAL,2011,Germany,66504,,,
DE24C,NAT,T,TOTAL,TOTAL,TOTAL,TOTAL,2011,Germany,59992,,,
DE24D,NAT,T,TOTAL,TOTAL,TOTAL,TOTAL,2011,Germany,64009,,,
DE25,NAT,T,TOTAL,TOTAL,TOTAL,TOTAL,2011,Germany,1369983,,,
DE251,NAT,T,TOTAL,TOTAL,TOTAL,TOTAL,2011,Germany,31168,,,
DE252,NAT,T,TOTAL,TOTAL,TOTAL,TOTAL,2011,Germany,81014,,,
DE253,NAT,T,TOTAL,TOTAL,TOTAL,TOTAL,2011,Germany,87540,,,
DE254,NAT,T,TOTAL,TOTAL,TOTAL,TOTAL,2011,Germany,350679,,,
DE255,NAT,T,TOTAL,TOTAL,TOTAL,TOTAL,2011,Germany,30989,,,
DE256,NAT,T,TOTAL,TOTAL,TOTAL,TOTAL,2011,Germany,156514,,,
DE257,NAT,T,TOTAL,TOTAL,TOTAL,TOTAL,2011,Germany,113767,,,
DE258,NAT,T,TOTAL,TOTAL,TOTAL,TOTAL,2011,Germany,96290,,,
DE259,NAT,T,TOTAL,TOTAL,TOTAL,TOTAL,2011,Germany,144530,,,
DE25A,NAT,T,TOTAL,TOTAL,TOTAL,TOTAL,2011,Germany,85569,,,
DE25B,NAT,T,TOTAL,TOTAL,TOTAL,TOTAL,2011,Germany,110641,,,
DE25C,NAT,T,TOTAL,TOTAL,TOTAL,TOTAL,2011,Germany,81282,,,
DE26,NAT,T,TOTAL,TOTAL,TOTAL,TOTAL,2011,Germany,1129809,,,
DE261,NAT,T,TOTAL,TOTAL,TOTAL,TOTAL,2011,Germany,51037,,,
DE262,NAT,T,TOTAL,TOTAL,TOTAL,TOTAL,2011,Germany,36722,,,
DE263,NAT,T,TOTAL,TOTAL,TOTAL,TOTAL,2011,Germany,99680,,,
DE264,NAT,T,TOTAL,TOTAL,TOTAL,TOTAL,2011,Germany,153543,,,
DE265,NAT,T,TOTAL,TOTAL,TOTAL,TOTAL,2011,Germany,91530,,,
DE266,NAT,T,TOTAL,TOTAL,TOTAL,TOTAL,2011,Germany,71980,,,
DE267,NAT,T,TOTAL,TOTAL,TOTAL,TOTAL,2011,Germany,77227,,,
DE268,NAT,T,TOTAL,TOTAL,TOTAL,TOTAL,2011,Germany,77936,,,
DE269,NAT,T,TOTAL,TOTAL,TOTAL,TOTAL,2011,Germany,109552,,,
DE26A,NAT,T,TOTAL,TOTAL,TOTAL,TOTAL,2011,Germany,115305,,,
DE26B,NAT,T,TOTAL,TOTAL,TOTAL,TOTAL,2011,Germany,101708,,,
DE26C,NAT,T,TOTAL,TOTAL,TOTAL,TOTAL,2011,Germany,143589,,,
DE27,NAT,T,TOTAL,TOTAL,TOTAL,TOTAL,2011,Germany,1483434,,,
DE271,NAT,T,TOTAL,TOTAL,TOTAL,TOTAL,2011,Germany,189243,,,
DE272,NAT,T,TOTAL,TOTAL,TOTAL,TOTAL,2011,Germany,30226,,,
DE273,NAT,T,TOTAL,TOTAL,TOTAL,TOTAL,2011,Germany,48471,,,
DE274,NAT,T,TOTAL,TOTAL,TOTAL,TOTAL,2011,Germany,31406,,,
DE275,NAT,T,TOTAL,TOTAL,TOTAL,TOTAL,2011,Germany,112217,,,
DE276,NAT,T,TOTAL,TOTAL,TOTAL,TOTAL,2011,Germany,203895,,,
DE277,NAT,T,TOTAL,TOTAL,TOTAL,TOTAL,2011,Germany,81087,,,
DE278,NAT,T,TOTAL,TOTAL,TOTAL,TOTAL,2011,Germany,101661,,,
DE279,NAT,T,TOTAL,TOTAL,TOTAL,TOTAL,2011,Germany,132878,,,
DE27A,NAT,T,TOTAL,TOTAL,TOTAL,TOTAL,2011,Germany,66540,,,
DE27B,NAT,T,TOTAL,TOTAL,TOTAL,TOTAL,2011,Germany,118557,,,
DE27C,NAT,T,TOTAL,TOTAL,TOTAL,TOTAL,2011,Germany,120939,,,
DE27D,NAT,T,TOTAL,TOTAL,TOTAL,TOTAL,2011,Germany,113061,,,
DE27E,NAT,T,TOTAL,TOTAL,TOTAL,TOTAL,2011,Germany,133253,,,
DE3,NAT,T,TOTAL,TOTAL,TOTAL,TOTAL,2011,Germany,2674574,,,
DE30,NAT,T,TOTAL,TOTAL,TOTAL,TOTAL,2011,Germany,2674574,,,
DE300,NAT,T,TOTAL,TOTAL,TOTAL,TOTAL,2011,Germany,2674574,,,
DE4,NAT,T,TOTAL,TOTAL,TOTAL,TOTAL,2011,Germany,2230028,,,
DE40,NAT,T,TOTAL,TOTAL,TOTAL,TOTAL,2011,Germany,2230028,,,
DE401,NAT,T,TOTAL,TOTAL,TOTAL,TOTAL,2011,Germany,65224,,,
DE402,NAT,T,TOTAL,TOTAL,TOTAL,TOTAL,2011,Germany,87885,,,
DE403,NAT,T,TOTAL,TOTAL,TOTAL,TOTAL,2011,Germany,52257,,,
DE404,NAT,T,TOTAL,TOTAL,TOTAL,TOTAL,2011,Germany,140519,,,
DE405,NAT,T,TOTAL,TOTAL,TOTAL,TOTAL,2011,Germany,159179,,,
DE406,NAT,T,TOTAL,TOTAL,TOTAL,TOTAL,2011,Germany,144656,,,
DE407,NAT,T,TOTAL,TOTAL,TOTAL,TOTAL,2011,Germany,101765,,,
DE408,NAT,T,TOTAL,TOTAL,TOTAL,TOTAL,2011,Germany,137867,,,
DE409,NAT,T,TOTAL,TOTAL,TOTAL,TOTAL,2011,Germany,168675,,,
DE40A,NAT,T,TOTAL,TOTAL,TOTAL,TOTAL,2011,Germany,183859,,,
DE40B,NAT,T,TOTAL,TOTAL,TOTAL,TOTAL,2011,Germany,107477,,,
DE40C,NAT,T,TOTAL,TOTAL,TOTAL,TOTAL,2011,Germany,161423,,,
DE40D,NAT,T,TOTAL,TOTAL,TOTAL,TOTAL,2011,Germany,91125,,,
DE40E,NAT,T,TOTAL,TOTAL,TOTAL,TOTAL,2011,Germany,187754,,,
DE40F,NAT,T,TOTAL,TOTAL,TOTAL,TOTAL,2011,Germany,72106,,,
DE40G,NAT,T,TOTAL,TOTAL,TOTAL,TOTAL,2011,Germany,111861,,,
DE40H,NAT,T,TOTAL,TOTAL,TOTAL,TOTAL,2011,Germany,145529,,,
DE40I,NAT,T,TOTAL,TOTAL,TOTAL,TOTAL,2011,Germany,110867,,,
DE5,NAT,T,TOTAL,TOTAL,TOTAL,TOTAL,2011,Germany,509480,,,
DE50,NAT,T,TOTAL,TOTAL,TOTAL,TOTAL,2011,Germany,509480,,,
DE501,NAT,T,TOTAL,TOTAL,TOTAL,TOTAL,2011,Germany,423893,,,
DE502,NAT,T,TOTAL,TOTAL,TOTAL,TOTAL,2011,Germany,85587,,,
DE6,NAT,T,TOTAL,TOTAL,TOTAL,TOTAL,2011,Germany,1343283,,,
DE60,NAT,T,TOTAL,TOTAL,TOTAL,TOTAL,2011,Germany,1343283,,,
DE600,NAT,T,TOTAL,TOTAL,TOTAL,TOTAL,2011,Germany,1343283,,,
DE7,NAT,T,TOTAL,TOTAL,TOTAL,TOTAL,2011,Germany,4756572,,,
DE71,NAT,T,TOTAL,TOTAL,TOTAL,TOTAL,2011,Germany,2895790,,,
DE711,NAT,T,TOTAL,TOTAL,TOTAL,TOTAL,2011,Germany,108176,,,
DE712,NAT,T,TOTAL,TOTAL,TOTAL,TOTAL,2011,Germany,449989,,,
DE713,NAT,T,TOTAL,TOTAL,TOTAL,TOTAL,2011,Germany,73435,,,
DE714,NAT,T,TOTAL,TOTAL,TOTAL,TOTAL,2011,Germany,202204,,,
DE715,NAT,T,TOTAL,TOTAL,TOTAL,TOTAL,2011,Germany,219267,,,
DE716,NAT,T,TOTAL,TOTAL,TOTAL,TOTAL,2011,Germany,232564,,,
DE717,NAT,T,TOTAL,TOTAL,TOTAL,TOTAL,2011,Germany,191977,,,
DE718,NAT,T,TOTAL,TOTAL,TOTAL,TOTAL,2011,Germany,181206,,,
DE719,NAT,T,TOTAL,TOTAL,TOTAL,TOTAL,2011,Germany,326346,,,
DE71A,NAT,T,TOTAL,TOTAL,TOTAL,TOTAL,2011,Germany,178697,,,
DE71B,NAT,T,TOTAL,TOTAL,TOTAL,TOTAL,2011,Germany,79870,,,
DE71C,NAT,T,TOTAL,TOTAL,TOTAL,TOTAL,2011,Germany,255823,,,
DE71D,NAT,T,TOTAL,TOTAL,TOTAL,TOTAL,2011,Germany,152213,,,
DE71E,NAT,T,TOTAL,TOTAL,TOTAL,TOTAL,2011,Germany,244023,,,
DE72,NAT,T,TOTAL,TOTAL,TOTAL,TOTAL,2011,Germany,846287,,,
DE721,NAT,T,TOTAL,TOTAL,TOTAL,TOTAL,2011,Germany,201104,,,
DE722,NAT,T,TOTAL,TOTAL,TOTAL,TOTAL,2011,Germany,207555,,,
DE723,NAT,T,TOTAL,TOTAL,TOTAL,TOTAL,2011,Germany,141152,,,
DE724,NAT,T,TOTAL,TOTAL,TOTAL,TOTAL,2011,Germany,202060,,,
DE725,NAT,T,TOTAL,TOTAL,TOTAL,TOTAL,2011,Germany,94416,,,
DE73,NAT,T,TOTAL,TOTAL,TOTAL,TOTAL,2011,Germany,1014495,,,
DE731,NAT,T,TOTAL,TOTAL,TOTAL,TOTAL,2011,Germany,145541,,,
DE732,NAT,T,TOTAL,TOTAL,TOTAL,TOTAL,2011,Germany,183076,,,
DE733,NAT,T,TOTAL,TOTAL,TOTAL,TOTAL,2011,Germany,103504,,,
DE734,NAT,T,TOTAL,TOTAL,TOTAL,TOTAL,2011,Germany,202546,,,
DE735,NAT,T,TOTAL,TOTAL,TOTAL,TOTAL,2011,Germany,156967,,,
DE736,NAT,T,TOTAL,TOTAL,TOTAL,TOTAL,2011,Germany,132526,,,
DE737,NAT,T,TOTAL,TOTAL,TOTAL,TOTAL,2011,Germany,90335,,,
DE8,NAT,T,TOTAL,TOTAL,TOTAL,TOTAL,2011,Germany,1437168,,,
DE80,NAT,T,TOTAL,TOTAL,TOTAL,TOTAL,2011,Germany,1437168,,,
DE801,NAT,T,TOTAL,TOTAL,TOTAL,TOTAL,2011,Germany,49285,,,
DE802,NAT,T,TOTAL,TOTAL,TOTAL,TOTAL,2011,Germany,57406,,,
DE803,NAT,T,TOTAL,TOTAL,TOTAL,TOTAL,2011,Germany,174841,,,
DE804,NAT,T,TOTAL,TOTAL,TOTAL,TOTAL,2011,Germany,78059,,,
DE805,NAT,T,TOTAL,TOTAL,TOTAL,TOTAL,2011,Germany,50660,,,
DE806,NAT,T,TOTAL,TOTAL,TOTAL,TOTAL,2011,Germany,36756,,,
DE807,NAT,T,TOTAL,TOTAL,TOTAL,TOTAL,2011,Germany,104857,,,
DE808,NAT,T,TOTAL,TOTAL,TOTAL,TOTAL,2011,Germany,70229,,,
DE809,NAT,T,TOTAL,TOTAL,TOTAL,TOTAL,2011,Germany,87106,,,
DE80A,NAT,T,TOTAL,TOTAL,TOTAL,TOTAL,2011,Germany,109413,,,
DE80B,NAT,T,TOTAL,TOTAL,TOTAL,TOTAL,2011,Germany,68851,,,
DE80C,NAT,T,TOTAL,TOTAL,TOTAL,TOTAL,2011,Germany,58091,,,
DE80D,NAT,T,TOTAL,TOTAL,TOTAL,TOTAL,2011,Germany,92801,,,
DE80E,NAT,T,TOTAL,TOTAL,TOTAL,TOTAL,2011,Germany,102769,,,
DE80F,NAT,T,TOTAL,TOTAL,TOTAL,TOTAL,2011,Germany,91907,,,
DE80G,NAT,T,TOTAL,TOTAL,TOTAL,TOTAL,2011,Germany,83365,,,
DE80H,NAT,T,TOTAL,TOTAL,TOTAL,TOTAL,2011,Germany,58967,,,
DE80I,NAT,T,TOTAL,TOTAL,TOTAL,TOTAL,2011,Germany,61805,,,
DE9,NAT,T,TOTAL,TOTAL,TOTAL,TOTAL,2011,Germany,6600490,,,
DE91,NAT,T,TOTAL,TOTAL,TOTAL,TOTAL,2011,Germany,1317189,,,
DE911,NAT,T,TOTAL,TOTAL,TOTAL,TOTAL,2011,Germany,197613,,,
DE912,NAT,T,TOTAL,TOTAL,TOTAL,TOTAL,2011,Germany,75197,,,
DE913,NAT,T,TOTAL,TOTAL,TOTAL,TOTAL,2011,Germany,87462,,,
DE914,NAT,T,TOTAL,TOTAL,TOTAL,TOTAL,2011,Germany,141205,,,
DE915,NAT,T,TOTAL,TOTAL,TOTAL,TOTAL,2011,Germany,212343,,,
DE916,NAT,T,TOTAL,TOTAL,TOTAL,TOTAL,2011,Germany,120596,,,
DE917,NAT,T,TOTAL,TOTAL,TOTAL,TOTAL,2011,Germany,79899,,,
DE918,NAT,T,TOTAL,TOTAL,TOTAL,TOTAL,2011,Germany,118471,,,
DE919,NAT,T,TOTAL,TOTAL,TOTAL,TOTAL,2011,Germany,67528,,,
DE91A,NAT,T,TOTAL,TOTAL,TOTAL,TOTAL,2011,Germany,111619,,,
DE91B,NAT,T,TOTAL,TOTAL,TOTAL,TOTAL,2011,Germany,105256,,,
DE92,NAT,T,TOTAL,TOTAL,TOTAL,TOTAL,2011,Germany,1728743,,,
DE922,NAT,T,TOTAL,TOTAL,TOTAL,TOTAL,2011,Germany,184732,,,
DE923,NAT,T,TOTAL,TOTAL,TOTAL,TOTAL,2011,Germany,125138,,,
DE925,NAT,T,TOTAL,TOTAL,TOTAL,TOTAL,2011,Germany,237698,,,
DE926,NAT,T,TOTAL,TOTAL,TOTAL,TOTAL,2011,Germany,62978,,,
DE927,NAT,T,TOTAL,TOTAL,TOTAL,TOTAL,2011,Germany,103862,,,
DE928,NAT,T,TOTAL,TOTAL,TOTAL,TOTAL,2011,Germany,135403,,,
DE929,NAT,T,TOTAL,TOTAL,TOTAL,TOTAL,2011,Germany,878932,,,
DE93,NAT,T,TOTAL,TOTAL,TOTAL,TOTAL,2011,Germany,1457006,,,
DE931,NAT,T,TOTAL,TOTAL,TOTAL,TOTAL,2011,Germany,150448,,,
DE932,NAT,T,TOTAL,TOTAL,TOTAL,TOTAL,2011,Germany,178117,,,
DE933,NAT,T,TOTAL,TOTAL,TOTAL,TOTAL,2011,Germany,210170,,,
DE934,NAT,T,TOTAL,TOTAL,TOTAL,TOTAL,2011,Germany,43392,,,
DE935,NAT,T,TOTAL,TOTAL,TOTAL,TOTAL,2011,Germany,150800,,,
DE936,NAT,T,TOTAL,TOTAL,TOTAL,TOTAL,2011,Germany,98282,,,
DE937,NAT,T,TOTAL,TOTAL,TOTAL,TOTAL,2011,Germany,144334,,,
DE938,NAT,T,TOTAL,TOTAL,TOTAL,TOTAL,2011,Germany,117366,,,
DE939,NAT,T,TOTAL,TOTAL,TOTAL,TOTAL,2011,Germany,169360,,,
DE93A,NAT,T,TOTAL,TOTAL,TOTAL,TOTAL,2011,Germany,81087,,,
DE93B,NAT,T,TOTAL,TOTAL,TOTAL,TOTAL,2011,Germany,113650,,,
DE94,NAT,T,TOTAL,TOTAL,TOTAL,TOTAL,2011,Germany,2097552,,,
DE941,NAT,T,TOTAL,TOTAL,TOTAL,TOTAL,2011,Germany,58594,,,
DE942,NAT,T,TOTAL,TOTAL,TOTAL,TOTAL,2011,Germany,44207,,,
DE943,NAT,T,TOTAL,TOTAL,TOTAL,TOTAL,2011,Germany,133696,,,
DE944,NAT,T,TOTAL,TOTAL,TOTAL,TOTAL,2011,Germany,125065,,,
DE945,NAT,T,TOTAL,TOTAL,TOTAL,TOTAL,2011,Germany,66366,,,
DE946,NAT,T,TOTAL,TOTAL,TOTAL,TOTAL,2011,Germany,105918,,,
DE947,NAT,T,TOTAL,TOTAL,TOTAL,TOTAL,2011,Germany,173444,,,
DE948,NAT,T,TOTAL,TOTAL,TOTAL,TOTAL,2011,Germany,128024,,,
DE949,NAT,T,TOTAL,TOTAL,TOTAL,TOTAL,2011,Germany,266928,,,
DE94A,NAT,T,TOTAL,TOTAL,TOTAL,TOTAL,2011,Germany,90099,,,
DE94B,NAT,T,TOTAL,TOTAL,TOTAL,TOTAL,2011,Germany,111108,,,
DE94C,NAT,T,TOTAL,TOTAL,TOTAL,TOTAL,2011,Germany,147876,,,
DE94D,NAT,T,TOTAL,TOTAL,TOTAL,TOTAL,2011,Germany,110957,,,
DE94E,NAT,T,TOTAL,TOTAL,TOTAL,TOTAL,2011,Germany,293885,,,
DE94F,NAT,T,TOTAL,TOTAL,TOTAL,TOTAL,2011,Germany,109589,,,
DE94G,NAT,T,TOTAL,TOTAL,TOTAL,TOTAL,2011,Germany,79221,,,
DE94H,NAT,T,TOTAL,TOTAL,TOTAL,TOTAL,2011,Germany,52575,,,
DEA,NAT,T,TOTAL,TOTAL,TOTAL,TOTAL,2011,Germany,14305125,,,
DEA1,NAT,T,TOTAL,TOTAL,TOTAL,TOTAL,2011,Germany,4117004,,,
DEA11,NAT,T,TOTAL,TOTAL,TOTAL,TOTAL,2011,Germany,436597,,,
DEA12,NAT,T,TOTAL,TOTAL,TOTAL,TOTAL,2011,Germany,383924,,,
DEA13,NAT,T,TOTAL,TOTAL,TOTAL,TOTAL,2011,Germany,467644,,,
DEA14,NAT,T,TOTAL,TOTAL,TOTAL,TOTAL,2011,Germany,176833,,,
DEA15,NAT,T,TOTAL,TOTAL,TOTAL,TOTAL,2011,Germany,208584,,,
DEA16,NAT,T,TOTAL,TOTAL,TOTAL,TOTAL,2011,Germany,137404,,,
DEA17,NAT,T,TOTAL,TOTAL,TOTAL,TOTAL,2011,Germany,176531,,,
DEA18,NAT,T,TOTAL,TOTAL,TOTAL,TOTAL,2011,Germany,86200,,,
DEA19,NAT,T,TOTAL,TOTAL,TOTAL,TOTAL,2011,Germany,124520,,,
DEA1A,NAT,T,TOTAL,TOTAL,TOTAL,TOTAL,2011,Germany,268044,,,
DEA1B,NAT,T,TOTAL,TOTAL,TOTAL,TOTAL,2011,Germany,255961,,,
DEA1C,NAT,T,TOTAL,TOTAL,TOTAL,TOTAL,2011,Germany,385823,,,
DEA1D,NAT,T,TOTAL,TOTAL,TOTAL,TOTAL,2011,Germany,358284,,,
DEA1E,NAT,T,TOTAL,TOTAL,TOTAL,TOTAL,2011,Germany,256232,,,
DEA1F,NAT,T,TOTAL,TOTAL,TOTAL,TOTAL,2011,Germany,394423,,,
DEA2,NAT,T,TOTAL,TOTAL,TOTAL,TOTAL,2011,Germany,3460931,,,
DEA22,NAT,T,TOTAL,TOTAL,TOTAL,TOTAL,2011,Germany,234164,,,
DEA23,NAT,T,TOTAL,TOTAL,TOTAL,TOTAL,2011,Germany,773903,,,
DEA24,NAT,T,TOTAL,TOTAL,TOTAL,TOTAL,2011,Germany,121479,,,
DEA26,NAT,T,TOTAL,TOTAL,TOTAL,TOTAL,2011,Germany,221394,,,
DEA27,NAT,T,TOTAL,TOTAL,TOTAL,TOTAL,2011,Germany,374951,,,
DEA28,NAT,T,TOTAL,TOTAL,TOTAL,TOTAL,2011,Germany,159740,,,
DEA29,NAT,T,TOTAL,TOTAL,TOTAL,TOTAL,2011,Germany,208057,,,
DEA2A,NAT,T,TOTAL,TOTAL,TOTAL,TOTAL,2011,Germany,211745,,,
DEA2B,NAT,T,TOTAL,TOTAL,TOTAL,TOTAL,2011,Germany,233100,,,
DEA2C,NAT,T,TOTAL,TOTAL,TOTAL,TOTAL,2011,Germany,475361,,,
DEA2D,NAT,T,TOTAL,TOTAL,TOTAL,TOTAL,2011,Germany,447037,,,
DEA3,NAT,T,TOTAL,TOTAL,TOTAL,TOTAL,2011,Germany,2198232,,,
DEA31,NAT,T,TOTAL,TOTAL,TOTAL,TOTAL,2011,Germany,99926,,,
DEA32,NAT,T,TOTAL,TOTAL,TOTAL,TOTAL,2011,Germany,207706,,,
DEA33,NAT,T,TOTAL,TOTAL,TOTAL,TOTAL,2011,Germany,243144,,,
DEA34,NAT,T,TOTAL,TOTAL,TOTAL,TOTAL,2011,Germany,322813,,,
DEA35,NAT,T,TOTAL,TOTAL,TOTAL,TOTAL,2011,Germany,193755,,,
DEA36,NAT,T,TOTAL,TOTAL,TOTAL,TOTAL,2011,Germany,524555,,,
DEA37,NAT,T,TOTAL,TOTAL,TOTAL,TOTAL,2011,Germany,377410,,,
DEA38,NAT,T,TOTAL,TOTAL,TOTAL,TOTAL,2011,Germany,228923,,,
DEA4,NAT,T,TOTAL,TOTAL,TOTAL,TOTAL,2011,Germany,1616240,,,
DEA41,NAT,T,TOTAL,TOTAL,TOTAL,TOTAL,2011,Germany,246431,,,
DEA42,NAT,T,TOTAL,TOTAL,TOTAL,TOTAL,2011,Germany,279012,,,
DEA43,NAT,T,TOTAL,TOTAL,TOTAL,TOTAL,2011,Germany,201080,,,
DEA44,NAT,T,TOTAL,TOTAL,TOTAL,TOTAL,2011,Germany,124936,,,
DEA45,NAT,T,TOTAL,TOTAL,TOTAL,TOTAL,2011,Germany,278848,,,
DEA46,NAT,T,TOTAL,TOTAL,TOTAL,TOTAL,2011,Germany,252825,,,
DEA47,NAT,T,TOTAL,TOTAL,TOTAL,TOTAL,2011,Germany,233108,,,
DEA5,NAT,T,TOTAL,TOTAL,TOTAL,TOTAL,2011,Germany,2912718,,,
DEA51,NAT,T,TOTAL,TOTAL,TOTAL,TOTAL,2011,Germany,296027,,,
DEA52,NAT,T,TOTAL,TOTAL,TOTAL,TOTAL,2011,Germany,448951,,,
DEA53,NAT,T,TOTAL,TOTAL,TOTAL,TOTAL,2011,Germany,143720,,,
DEA54,NAT,T,TOTAL,TOTAL,TOTAL,TOTAL,2011,Germany,139465,,,
DEA55,NAT,T,TOTAL,TOTAL,TOTAL,TOTAL,2011,Germany,129410,,,
DEA56,NAT,T,TOTAL,TOTAL,TOTAL,TOTAL,2011,Germany,273991,,,
DEA57,NAT,T,TOTAL,TOTAL,TOTAL,TOTAL,2011,Germany,225537,,,
DEA58,NAT,T,TOTAL,TOTAL,TOTAL,TOTAL,2011,Germany,333202,,,
DEA59,NAT,T,TOTAL,TOTAL,TOTAL,TOTAL,2011,Germany,116885,,,
DEA5A,NAT,T,TOTAL,TOTAL,TOTAL,TOTAL,2011,Germany,232502,,,
DEA5B,NAT,T,TOTAL,TOTAL,TOTAL,TOTAL,2011,Germany,243987,,,
DEA5C,NAT,T,TOTAL,TOTAL,TOTAL,TOTAL,2011,Germany,329041,,,
DEB,NAT,T,TOTAL,TOTAL,TOTAL,TOTAL,2011,Germany,3387187,,,
DEB1,NAT,T,TOTAL,TOTAL,TOTAL,TOTAL,2011,Germany,1260901,,,
DEB11,NAT,T,TOTAL,TOTAL,TOTAL,TOTAL,2011,Germany,86757,,,
DEB12,NAT,T,TOTAL,TOTAL,TOTAL,TOTAL,2011,Germany,108512,,,
DEB13,NAT,T,TOTAL,TOTAL,TOTAL,TOTAL,2011,Germany,112395,,,
DEB14,NAT,T,TOTAL,TOTAL,TOTAL,TOTAL,2011,Germany,133281,,,
DEB15,NAT,T,TOTAL,TOTAL,TOTAL,TOTAL,2011,Germany,70132,,,
DEB16,NAT,T,TOTAL,TOTAL,TOTAL,TOTAL,2011,Germany,56618,,,
DEB17,NAT,T,TOTAL,TOTAL,TOTAL,TOTAL,2011,Germany,179187,,,
DEB18,NAT,T,TOTAL,TOTAL,TOTAL,TOTAL,2011,Germany,148746,,,
DEB19,NAT,T,TOTAL,TOTAL,TOTAL,TOTAL,2011,Germany,86544,,,
DEB1A,NAT,T,TOTAL,TOTAL,TOTAL,TOTAL,2011,Germany,106775,,,
DEB1B,NAT,T,TOTAL,TOTAL,TOTAL,TOTAL,2011,Germany,171954,,,
DEB2,NAT,T,TOTAL,TOTAL,TOTAL,TOTAL,2011,Germany,455524,,,
DEB21,NAT,T,TOTAL,TOTAL,TOTAL,TOTAL,2011,Germany,90033,,,
DEB22,NAT,T,TOTAL,TOTAL,TOTAL,TOTAL,2011,Germany,100271,,,
DEB23,NAT,T,TOTAL,TOTAL,TOTAL,TOTAL,2011,Germany,83418,,,
DEB24,NAT,T,TOTAL,TOTAL,TOTAL,TOTAL,2011,Germany,54462,,,
DEB25,NAT,T,TOTAL,TOTAL,TOTAL,TOTAL,2011,Germany,127340,,,
DEB3,NAT,T,TOTAL,TOTAL,TOTAL,TOTAL,2011,Germany,1670762,,,
DEB31,NAT,T,TOTAL,TOTAL,TOTAL,TOTAL,2011,Germany,33833,,,
DEB32,NAT,T,TOTAL,TOTAL,TOTAL,TOTAL,2011,Germany,75232,,,
DEB33,NAT,T,TOTAL,TOTAL,TOTAL,TOTAL,2011,Germany,36942,,,
DEB34,NAT,T,TOTAL,TOTAL,TOTAL,TOTAL,2011,Germany,118604,,,
DEB35,NAT,T,TOTAL,TOTAL,TOTAL,TOTAL,2011,Germany,157753,,,
DEB36,NAT,T,TOTAL,TOTAL,TOTAL,TOTAL,2011,Germany,43778,,,
DEB37,NAT,T,TOTAL,TOTAL,TOTAL,TOTAL,2011,Germany,34805,,,
DEB38,NAT,T,TOTAL,TOTAL,TOTAL,TOTAL,2011,Germany,38873,,,
DEB39,NAT,T,TOTAL,TOTAL,TOTAL,TOTAL,2011,Germany,63068,,,
DEB3A,NAT,T,TOTAL,TOTAL,TOTAL,TOTAL,2011,Germany,28193,,,
DEB3B,NAT,T,TOTAL,TOTAL,TOTAL,TOTAL,2011,Germany,108040,,,
DEB3C,NAT,T,TOTAL,TOTAL,TOTAL,TOTAL,2011,Germany,115726,,,
DEB3D,NAT,T,TOTAL,TOTAL,TOTAL,TOTAL,2011,Germany,65615,,,
DEB3E,NAT,T,TOTAL,TOTAL,TOTAL,TOTAL,2011,Germany,101991,,,
DEB3F,NAT,T,TOTAL,TOTAL,TOTAL,TOTAL,2011,Germany,90400,,,
DEB3G,NAT,T,TOTAL,TOTAL,TOTAL,TOTAL,2011,Germany,65224,,,
DEB3H,NAT,T,TOTAL,TOTAL,TOTAL,TOTAL,2011,Germany,97223,,,
DEB3I,NAT,T,TOTAL,TOTAL,TOTAL,TOTAL,2011,Germany,127896,,,
DEB3J,NAT,T,TOTAL,TOTAL,TOTAL,TOTAL,2011,Germany,176792,,,
DEB3K,NAT,T,TOTAL,TOTAL,TOTAL,TOTAL,2011,Germany,90774,,,
DEC,NAT,T,TOTAL,TOTAL,TOTAL,TOTAL,2011,Germany,880870,,,
DEC0,NAT,T,TOTAL,TOTAL,TOTAL,TOTAL,2011,Germany,880870,,,
DEC01,NAT,T,TOTAL,TOTAL,TOTAL,TOTAL,2011,Germany,280688,,,
DEC02,NAT,T,TOTAL,TOTAL,TOTAL,TOTAL,2011,Germany,91684,,,
DEC03,NAT,T,TOTAL,TOTAL,TOTAL,TOTAL,2011,Germany,122317,,,
DEC04,NAT,T,TOTAL,TOTAL,TOTAL,TOTAL,2011,Germany,173905,,,
DEC05,NAT,T,TOTAL,TOTAL,TOTAL,TOTAL,2011,Germany,128656,,,
DEC06,NAT,T,TOTAL,TOTAL,TOTAL,TOTAL,2011,Germany,83620,,,
DED,NAT,T,TOTAL,TOTAL,TOTAL,TOTAL,2011,Germany,3755163,,,
DED2,NAT,T,TOTAL,TOTAL,TOTAL,TOTAL,2011,Germany,1461248,,,
DED21,NAT,T,TOTAL,TOTAL,TOTAL,TOTAL,2011,Germany,471294,,,
DED2C,NAT,T,TOTAL,TOTAL,TOTAL,TOTAL,2011,Germany,291324,,,
DED2D,NAT,T,TOTAL,TOTAL,TOTAL,TOTAL,2011,Germany,239972,,,
DED2E,NAT,T,TOTAL,TOTAL,TOTAL,TOTAL,2011,Germany,227960,,,
DED2F,NAT,T,TOTAL,TOTAL,TOTAL,TOTAL,2011,Germany,230698,,,
DED4,NAT,T,TOTAL,TOTAL,TOTAL,TOTAL,2011,Germany,1408944,,,
DED41,NAT,T,TOTAL,TOTAL,TOTAL,TOTAL,2011,Germany,222699,,,
DED42,NAT,T,TOTAL,TOTAL,TOTAL,TOTAL,2011,Germany,346636,,,
DED43,NAT,T,TOTAL,TOTAL,TOTAL,TOTAL,2011,Germany,300677,,,
DED44,NAT,T,TOTAL,TOTAL,TOTAL,TOTAL,2011,Germany,225214,,,
DED45,NAT,T,TOTAL,TOTAL,TOTAL,TOTAL,2011,Germany,313718,,,
DED5,NAT,T,TOTAL,TOTAL,TOTAL,TOTAL,2011,Germany,884971,,,
DED51,NAT,T,TOTAL,TOTAL,TOTAL,TOTAL,2011,Germany,455502,,,
DED52,NAT,T,TOTAL,TOTAL,TOTAL,TOTAL,2011,Germany,243802,,,
DED53,NAT,T,TOTAL,TOTAL,TOTAL,TOTAL,2011,Germany,185667,,,
DEE,NAT,T,TOTAL,TOTAL,TOTAL,TOTAL,2011,Germany,2107661,,,
DEE0,NAT,T,TOTAL,TOTAL,TOTAL,TOTAL,2011,Germany,2107661,,,
DEE01,NAT,T,TOTAL,TOTAL,TOTAL,TOTAL,2011,Germany,78751,,,
DEE02,NAT,T,TOTAL,TOTAL,TOTAL,TOTAL,2011,Germany,207987,,,
DEE03,NAT,T,TOTAL,TOTAL,TOTAL,TOTAL,2011,Germany,208343,,,
DEE04,NAT,T,TOTAL,TOTAL,TOTAL,TOTAL,2011,Germany,81284,,,
DEE05,NAT,T,TOTAL,TOTAL,TOTAL,TOTAL,2011,Germany,158143,,,
DEE06,NAT,T,TOTAL,TOTAL,TOTAL,TOTAL,2011,Germany,86809,,,
DEE07,NAT,T,TOTAL,TOTAL,TOTAL,TOTAL,2011,Germany,165009,,,
DEE08,NAT,T,TOTAL,TOTAL,TOTAL,TOTAL,2011,Germany,174625,,,
DEE09,NAT,T,TOTAL,TOTAL,TOTAL,TOTAL,2011,Germany,210154,,,
DEE0A,NAT,T,TOTAL,TOTAL,TOTAL,TOTAL,2011,Germany,136517,,,
DEE0B,NAT,T,TOTAL,TOTAL,TOTAL,TOTAL,2011,Germany,178462,,,
DEE0C,NAT,T,TOTAL,TOTAL,TOTAL,TOTAL,2011,Germany,189129,,,
DEE0D,NAT,T,TOTAL,TOTAL,TOTAL,TOTAL,2011,Germany,109162,,,
DEE0E,NAT,T,TOTAL,TOTAL,TOTAL,TOTAL,2011,Germany,123286,,,
DEF,NAT,T,TOTAL,TOTAL,TOTAL,TOTAL,2011,Germany,2439253,,,
DEF0,NAT,T,TOTAL,TOTAL,TOTAL,TOTAL,2011,Germany,2439253,,,
DEF01,NAT,T,TOTAL,TOTAL,TOTAL,TOTAL,2011,Germany,68649,,,
DEF02,NAT,T,TOTAL,TOTAL,TOTAL,TOTAL,2011,Germany,197448,,,
DEF03,NAT,T,TOTAL,TOTAL,TOTAL,TOTAL,2011,Germany,176458,,,
DEF04,NAT,T,TOTAL,TOTAL,TOTAL,TOTAL,2011,Germany,64949,,,
DEF05,NAT,T,TOTAL,TOTAL,TOTAL,TOTAL,2011,Germany,120436,,,
DEF06,NAT,T,TOTAL,TOTAL,TOTAL,TOTAL,2011,Germany,162048,,,
DEF07,NAT,T,TOTAL,TOTAL,TOTAL,TOTAL,2011,Germany,147567,,,
DEF08,NAT,T,TOTAL,TOTAL,TOTAL,TOTAL,2011,Germany,173957,,,
DEF09,NAT,T,TOTAL,TOTAL,TOTAL,TOTAL,2011,Germany,252224,,,
DEF0A,NAT,T,TOTAL,TOTAL,TOTAL,TOTAL,2011,Germany,114133,,,
DEF0B,NAT,T,TOTAL,TOTAL,TOTAL,TOTAL,2011,Germany,241657,,,
DEF0C,NAT,T,TOTAL,TOTAL,TOTAL,TOTAL,2011,Germany,176691,,,
DEF0D,NAT,T,TOTAL,TOTAL,TOTAL,TOTAL,2011,Germany,226850,,,
DEF0E,NAT,T,TOTAL,TOTAL,TOTAL,TOTAL,2011,Germany,116427,,,
DEF0F,NAT,T,TOTAL,TOTAL,TOTAL,TOTAL,2011,Germany,199759,,,
DEG,NAT,T,TOTAL,TOTAL,TOTAL,TOTAL,2011,Germany,2033985,,,
DEG0,NAT,T,TOTAL,TOTAL,TOTAL,TOTAL,2011,Germany,2033985,,,
DEG01,NAT,T,TOTAL,TOTAL,TOTAL,TOTAL,2011,Germany,183205,,,
DEG02,NAT,T,TOTAL,TOTAL,TOTAL,TOTAL,2011,Germany,87046,,,
DEG03,NAT,T,TOTAL,TOTAL,TOTAL,TOTAL,2011,Germany,94668,,,
DEG04,NAT,T,TOTAL,TOTAL,TOTAL,TOTAL,2011,Germany,34190,,,
DEG05,NAT,T,TOTAL,TOTAL,TOTAL,TOTAL,2011,Germany,56089,,,
DEG06,NAT,T,TOTAL,TOTAL,TOTAL,TOTAL,2011,Germany,97476,,,
DEG07,NAT,T,TOTAL,TOTAL,TOTAL,TOTAL,2011,Germany,80570,,,
DEG09,NAT,T,TOTAL,TOTAL,TOTAL,TOTAL,2011,Germany,99934,,,
DEG0A,NAT,T,TOTAL,TOTAL,TOTAL,TOTAL,2011,Germany,74689,,,
DEG0B,NAT,T,TOTAL,TOTAL,TOTAL,TOTAL,2011,Germany,120768,,,
DEG0C,NAT,T,TOTAL,TOTAL,TOTAL,TOTAL,2011,Germany,126882,,,
DEG0D,NAT,T,TOTAL,TOTAL,TOTAL,TOTAL,2011,Germany,68094,,,
DEG0E,NAT,T,TOTAL,TOTAL,TOTAL,TOTAL,2011,Germany,63364,,,
DEG0F,NAT,T,TOTAL,TOTAL,TOTAL,TOTAL,2011,Germany,101847,,,
DEG0G,NAT,T,TOTAL,TOTAL,TOTAL,TOTAL,2011,Germany,77576,,,
DEG0H,NAT,T,TOTAL,TOTAL,TOTAL,TOTAL,2011,Germany,56121,,,
DEG0I,NAT,T,TOTAL,TOTAL,TOTAL,TOTAL,2011,Germany,104999,,,
DEG0J,NAT,T,TOTAL,TOTAL,TOTAL,TOTAL,2011,Germany,78869,,,
DEG0K,NAT,T,TOTAL,TOTAL,TOTAL,TOTAL,2011,Germany,80327,,,
DEG0L,NAT,T,TOTAL,TOTAL,TOTAL,TOTAL,2011,Germany,97949,,,
DEG0M,NAT,T,TOTAL,TOTAL,TOTAL,TOTAL,2011,Germany,89423,,,
DEG0N,NAT,T,TOTAL,TOTAL,TOTAL,TOTAL,2011,Germany,37970,,,
DEG0P,NAT,T,TOTAL,TOTAL,TOTAL,TOTAL,2011,Germany,121929,,,
DEZ,NAT,T,TOTAL,TOTAL,TOTAL,TOTAL,2011,Germany,0,,,
DEZZ,NAT,T,TOTAL,TOTAL,TOTAL,TOTAL,2011,Germany,0,,,
DEZZZ,NAT,T,TOTAL,TOTAL,TOTAL,TOTAL,2011,Germany,0,,,
DE,FOR,T,TOTAL,TOTAL,TOTAL,TOTAL,2011,Germany,11373438,,,
DE1,FOR,T,TOTAL,TOTAL,TOTAL,TOTAL,2011,Germany,1828626,,,
DE11,FOR,T,TOTAL,TOTAL,TOTAL,TOTAL,2011,Germany,746475,,,
DE111,FOR,T,TOTAL,TOTAL,TOTAL,TOTAL,2011,Germany,151081,,,
DE112,FOR,T,TOTAL,TOTAL,TOTAL,TOTAL,2011,Germany,71243,,,
DE113,FOR,T,TOTAL,TOTAL,TOTAL,TOTAL,2011,Germany,88869,,,
DE114,FOR,T,TOTAL,TOTAL,TOTAL,TOTAL,2011,Germany,44722,,,
DE115,FOR,T,TOTAL,TOTAL,TOTAL,TOTAL,2011,Germany,95651,,,
DE116,FOR,T,TOTAL,TOTAL,TOTAL,TOTAL,2011,Germany,67602,,,
DE117,FOR,T,TOTAL,TOTAL,TOTAL,TOTAL,2011,Germany,33530,,,
DE118,FOR,T,TOTAL,TOTAL,TOTAL,TOTAL,2011,Germany,54406,,,
DE119,FOR,T,TOTAL,TOTAL,TOTAL,TOTAL,2011,Germany,19665,,,
DE11A,FOR,T,TOTAL,TOTAL,TOTAL,TOTAL,2011,Germany,30396,,,
DE11B,FOR,T,TOTAL,TOTAL,TOTAL,TOTAL,2011,Germany,18096,,,
DE11C,FOR,T,TOTAL,TOTAL,TOTAL,TOTAL,2011,Germany,24100,,,
DE11D,FOR,T,TOTAL,TOTAL,TOTAL,TOTAL,2011,Germany,47114,,,
DE12,FOR,T,TOTAL,TOTAL,TOTAL,TOTAL,2011,Germany,470908,,,
DE121,FOR,T,TOTAL,TOTAL,TOTAL,TOTAL,2011,Germany,10324,,,
DE122,FOR,T,TOTAL,TOTAL,TOTAL,TOTAL,2011,Germany,65403,,,
DE123,FOR,T,TOTAL,TOTAL,TOTAL,TOTAL,2011,Germany,58482,,,
DE124,FOR,T,TOTAL,TOTAL,TOTAL,TOTAL,2011,Germany,37149,,,
DE125,FOR,T,TOTAL,TOTAL,TOTAL,TOTAL,2011,Germany,34590,,,
DE126,FOR,T,TOTAL,TOTAL,TOTAL,TOTAL,2011,Germany,68830,,,
DE127,FOR,T,TOTAL,TOTAL,TOTAL,TOTAL,2011,Germany,21482,,,
DE128,FOR,T,TOTAL,TOTAL,TOTAL,TOTAL,2011,Germany,76426,,,
DE129,FOR,T,TOTAL,TOTAL,TOTAL,TOTAL,2011,Germany,32856,,,
DE12A,FOR,T,TOTAL,TOTAL,TOTAL,TOTAL,2011,Germany,23907,,,
DE12B,FOR,T,TOTAL,TOTAL,TOTAL,TOTAL,2011,Germany,25528,,,
DE12C,FOR,T,TOTAL,TOTAL,TOTAL,TOTAL,2011,Germany,15931,,,
DE13,FOR,T,TOTAL,TOTAL,TOTAL,TOTAL,2011,Germany,343778,,,
DE131,FOR,T,TOTAL,TOTAL,TOTAL,TOTAL,2011,Germany,42481,,,
DE132,FOR,T,TOTAL,TOTAL,TOTAL,TOTAL,2011,Germany,30763,,,
DE133,FOR,T,TOTAL,TOTAL,TOTAL,TOTAL,2011,Germany,17522,,,
DE134,FOR,T,TOTAL,TOTAL,TOTAL,TOTAL,2011,Germany,59537,,,
DE135,FOR,T,TOTAL,TOTAL,TOTAL,TOTAL,2011,Germany,18270,,,
DE136,FOR,T,TOTAL,TOTAL,TOTAL,TOTAL,2011,Germany,35867,,,
DE137,FOR,T,TOTAL,TOTAL,TOTAL,TOTAL,2011,Germany,25735,,,
DE138,FOR,T,TOTAL,TOTAL,TOTAL,TOTAL,2011,Germany,45772,,,
DE139,FOR,T,TOTAL,TOTAL,TOTAL,TOTAL,2011,Germany,40088,,,
DE13A,FOR,T,TOTAL,TOTAL,TOTAL,TOTAL,2011,Germany,27743,,,
DE14,FOR,T,TOTAL,TOTAL,TOTAL,TOTAL,2011,Germany,267465,,,
DE141,FOR,T,TOTAL,TOTAL,TOTAL,TOTAL,2011,Germany,49575,,,
DE142,FOR,T,TOTAL,TOTAL,TOTAL,TOTAL,2011,Germany,31237,,,
DE143,FOR,T,TOTAL,TOTAL,TOTAL,TOTAL,2011,Germany,28883,,,
DE144,FOR,T,TOTAL,TOTAL,TOTAL,TOTAL,2011,Germany,26062,,,
DE145,FOR,T,TOTAL,TOTAL,TOTAL,TOTAL,2011,Germany,24016,,,
DE146,FOR,T,TOTAL,TOTAL,TOTAL,TOTAL,2011,Germany,23421,,,
DE147,FOR,T,TOTAL,TOTAL,TOTAL,TOTAL,2011,Germany,30816,,,
DE148,FOR,T,TOTAL,TOTAL,TOTAL,TOTAL,2011,Germany,35906,,,
DE149,FOR,T,TOTAL,TOTAL,TOTAL,TOTAL,2011,Germany,17549,,,
DE2,FOR,T,TOTAL,TOTAL,TOTAL,TOTAL,2011,Germany,1832506,,,
DE21,FOR,T,TOTAL,TOTAL,TOTAL,TOTAL,2011,Germany,754568,,,
DE211,FOR,T,TOTAL,TOTAL,TOTAL,TOTAL,2011,Germany,32675,,,
DE212,FOR,T,TOTAL,TOTAL,TOTAL,TOTAL,2011,Germany,332226,,,
DE213,FOR,T,TOTAL,TOTAL,TOTAL,TOTAL,2011,Germany,12719,,,
DE214,FOR,T,TOTAL,TOTAL,TOTAL,TOTAL,2011,Germany,18149,,,
DE215,FOR,T,TOTAL,TOTAL,TOTAL,TOTAL,2011,Germany,20905,,,
DE216,FOR,T,TOTAL,TOTAL,TOTAL,TOTAL,2011,Germany,18028,,,
DE217,FOR,T,TOTAL,TOTAL,TOTAL,TOTAL,2011,Germany,19001,,,
DE218,FOR,T,TOTAL,TOTAL,TOTAL,TOTAL,2011,Germany,15937,,,
DE219,FOR,T,TOTAL,TOTAL,TOTAL,TOTAL,2011,Germany,13685,,,
DE21A,FOR,T,TOTAL,TOTAL,TOTAL,TOTAL,2011,Germany,12879,,,
DE21B,FOR,T,TOTAL,TOTAL,TOTAL,TOTAL,2011,Germany,22272,,,
DE21C,FOR,T,TOTAL,TOTAL,TOTAL,TOTAL,2011,Germany,27865,,,
DE21D,FOR,T,TOTAL,TOTAL,TOTAL,TOTAL,2011,Germany,9508,,,
DE21E,FOR,T,TOTAL,TOTAL,TOTAL,TOTAL,2011,Germany,11910,,,
DE21F,FOR,T,TOTAL,TOTAL,TOTAL,TOTAL,2011,Germany,9964,,,
DE21G,FOR,T,TOTAL,TOTAL,TOTAL,TOTAL,2011,Germany,16289,,,
DE21H,FOR,T,TOTAL,TOTAL,TOTAL,TOTAL,2011,Germany,52749,,,
DE21I,FOR,T,TOTAL,TOTAL,TOTAL,TOTAL,2011,Germany,11048,,,
DE21J,FOR,T,TOTAL,TOTAL,TOTAL,TOTAL,2011,Germany,12934,,,
DE21K,FOR,T,TOTAL,TOTAL,TOTAL,TOTAL,2011,Germany,28222,,,
DE21L,FOR,T,TOTAL,TOTAL,TOTAL,TOTAL,2011,Germany,17599,,,
DE21M,FOR,T,TOTAL,TOTAL,TOTAL,TOTAL,2011,Germany,24759,,,
DE21N,FOR,T,TOTAL,TOTAL,TOTAL,TOTAL,2011,Germany,13245,,,
DE22,FOR,T,TOTAL,TOTAL,TOTAL,TOTAL,2011,Germany,135146,,,
DE221,FOR,T,TOTAL,TOTAL,TOTAL,TOTAL,2011,Germany,14814,,,
DE222,FOR,T,TOTAL,TOTAL,TOTAL,TOTAL,2011,Germany,7745,,,
DE223,FOR,T,TOTAL,TOTAL,TOTAL,TOTAL,2011,Germany,9162,,,
DE224,FOR,T,TOTAL,TOTAL,TOTAL,TOTAL,2011,Germany,13849,,,
DE225,FOR,T,TOTAL,TOTAL,TOTAL,TOTAL,2011,Germany,4567,,,
DE226,FOR,T,TOTAL,TOTAL,TOTAL,TOTAL,2011,Germany,12817,,,
DE227,FOR,T,TOTAL,TOTAL,TOTAL,TOTAL,2011,Germany,16076,,,
DE228,FOR,T,TOTAL,TOTAL,TOTAL,TOTAL,2011,Germany,17970,,,
DE229,FOR,T,TOTAL,TOTAL,TOTAL,TOTAL,2011,Germany,5098,,,
DE22A,FOR,T,TOTAL,TOTAL,TOTAL,TOTAL,2011,Germany,11966,,,
DE22B,FOR,T,TOTAL,TOTAL,TOTAL,TOTAL,2011,Germany,7910,,,
DE22C,FOR,T,TOTAL,TOTAL,TOTAL,TOTAL,2011,Germany,13172,,,
DE23,FOR,T,TOTAL,TOTAL,TOTAL,TOTAL,2011,Germany,116385,,,
DE231,FOR,T,TOTAL,TOTAL,TOTAL,TOTAL,2011,Germany,8889,,,
DE232,FOR,T,TOTAL,TOTAL,TOTAL,TOTAL,2011,Germany,27788,,,
DE233,FOR,T,TOTAL,TOTAL,TOTAL,TOTAL,2011,Germany,6535,,,
DE234,FOR,T,TOTAL,TOTAL,TOTAL,TOTAL,2011,Germany,9147,,,
DE235,FOR,T,TOTAL,TOTAL,TOTAL,TOTAL,2011,Germany,8638,,,
DE236,FOR,T,TOTAL,TOTAL,TOTAL,TOTAL,2011,Germany,10745,,,
DE237,FOR,T,TOTAL,TOTAL,TOTAL,TOTAL,2011,Germany,7138,,,
DE238,FOR,T,TOTAL,TOTAL,TOTAL,TOTAL,2011,Germany,19882,,,
DE239,FOR,T,TOTAL,TOTAL,TOTAL,TOTAL,2011,Germany,12620,,,
DE23A,FOR,T,TOTAL,TOTAL,TOTAL,TOTAL,2011,Germany,5003,,,
DE24,FOR,T,TOTAL,TOTAL,TOTAL,TOTAL,2011,Germany,114577,,,
DE241,FOR,T,TOTAL,TOTAL,TOTAL,TOTAL,2011,Germany,11760,,,
DE242,FOR,T,TOTAL,TOTAL,TOTAL,TOTAL,2011,Germany,13605,,,
DE243,FOR,T,TOTAL,TOTAL,TOTAL,TOTAL,2011,Germany,7286,,,
DE244,FOR,T,TOTAL,TOTAL,TOTAL,TOTAL,2011,Germany,7725,,,
DE245,FOR,T,TOTAL,TOTAL,TOTAL,TOTAL,2011,Germany,10432,,,
DE246,FOR,T,TOTAL,TOTAL,TOTAL,TOTAL,2011,Germany,7623,,,
DE247,FOR,T,TOTAL,TOTAL,TOTAL,TOTAL,2011,Germany,8836,,,
DE248,FOR,T,TOTAL,TOTAL,TOTAL,TOTAL,2011,Germany,9640,,,
DE249,FOR,T,TOTAL,TOTAL,TOTAL,TOTAL,2011,Germany,8798,,,
DE24A,FOR,T,TOTAL,TOTAL,TOTAL,TOTAL,2011,Germany,4677,,,
DE24B,FOR,T,TOTAL,TOTAL,TOTAL,TOTAL,2011,Germany,6590,,,
DE24C,FOR,T,TOTAL,TOTAL,TOTAL,TOTAL,2011,Germany,6589,,,
DE24D,FOR,T,TOTAL,TOTAL,TOTAL,TOTAL,2011,Germany,11016,,,
DE25,FOR,T,TOTAL,TOTAL,TOTAL,TOTAL,2011,Germany,289423,,,
DE251,FOR,T,TOTAL,TOTAL,TOTAL,TOTAL,2011,Germany,7578,,,
DE252,FOR,T,TOTAL,TOTAL,TOTAL,TOTAL,2011,Germany,21220,,,
DE253,FOR,T,TOTAL,TOTAL,TOTAL,TOTAL,2011,Germany,26203,,,
DE254,FOR,T,TOTAL,TOTAL,TOTAL,TOTAL,2011,Germany,129154,,,
DE255,FOR,T,TOTAL,TOTAL,TOTAL,TOTAL,2011,Germany,6890,,,
DE256,FOR,T,TOTAL,TOTAL,TOTAL,TOTAL,2011,Germany,19497,,,
DE257,FOR,T,TOTAL,TOTAL,TOTAL,TOTAL,2011,Germany,15156,,,
DE258,FOR,T,TOTAL,TOTAL,TOTAL,TOTAL,2011,Germany,15124,,,
DE259,FOR,T,TOTAL,TOTAL,TOTAL,TOTAL,2011,Germany,17491,,,
DE25A,FOR,T,TOTAL,TOTAL,TOTAL,TOTAL,2011,Germany,10414,,,
DE25B,FOR,T,TOTAL,TOTAL,TOTAL,TOTAL,2011,Germany,10961,,,
DE25C,FOR,T,TOTAL,TOTAL,TOTAL,TOTAL,2011,Germany,9735,,,
DE26,FOR,T,TOTAL,TOTAL,TOTAL,TOTAL,2011,Germany,156241,,,
DE261,FOR,T,TOTAL,TOTAL,TOTAL,TOTAL,2011,Germany,15276,,,
DE262,FOR,T,TOTAL,TOTAL,TOTAL,TOTAL,2011,Germany,14240,,,
DE263,FOR,T,TOTAL,TOTAL,TOTAL,TOTAL,2011,Germany,22908,,,
DE264,FOR,T,TOTAL,TOTAL,TOTAL,TOTAL,2011,Germany,17236,,,
DE265,FOR,T,TOTAL,TOTAL,TOTAL,TOTAL,2011,Germany,11468,,,
DE266,FOR,T,TOTAL,TOTAL,TOTAL,TOTAL,2011,Germany,8056,,,
DE267,FOR,T,TOTAL,TOTAL,TOTAL,TOTAL,2011,Germany,6375,,,
DE268,FOR,T,TOTAL,TOTAL,TOTAL,TOTAL,2011,Germany,8738,,,
DE269,FOR,T,TOTAL,TOTAL,TOTAL,TOTAL,2011,Germany,17663,,,
DE26A,FOR,T,TOTAL,TOTAL,TOTAL,TOTAL,2011,Germany,10950,,,
DE26B,FOR,T,TOTAL,TOTAL,TOTAL,TOTAL,2011,Germany,10148,,,
DE26C,FOR,T,TOTAL,TOTAL,TOTAL,TOTAL,2011,Germany,13183,,,
DE27,FOR,T,TOTAL,TOTAL,TOTAL,TOTAL,2011,Germany,266166,,,
DE271,FOR,T,TOTAL,TOTAL,TOTAL,TOTAL,2011,Germany,71342,,,
DE272,FOR,T,TOTAL,TOTAL,TOTAL,TOTAL,2011,Germany,10550,,,
DE273,FOR,T,TOTAL,TOTAL,TOTAL,TOTAL,2011,Germany,14486,,,
DE274,FOR,T,TOTAL,TOTAL,TOTAL,TOTAL,2011,Germany,9247,,,
DE275,FOR,T,TOTAL,TOTAL,TOTAL,TOTAL,2011,Germany,12313,,,
DE276,FOR,T,TOTAL,TOTAL,TOTAL,TOTAL,2011,Germany,29447,,,
DE277,FOR,T,TOTAL,TOTAL,TOTAL,TOTAL,2011,Germany,10906,,,
DE278,FOR,T,TOTAL,TOTAL,TOTAL,TOTAL,2011,Germany,16832,,,
DE279,FOR,T,TOTAL,TOTAL,TOTAL,TOTAL,2011,Germany,27357,,,
DE27A,FOR,T,TOTAL,TOTAL,TOTAL,TOTAL,2011,Germany,10664,,,
DE27B,FOR,T,TOTAL,TOTAL,TOTAL,TOTAL,2011,Germany,13374,,,
DE27C,FOR,T,TOTAL,TOTAL,TOTAL,TOTAL,2011,Germany,12619,,,
DE27D,FOR,T,TOTAL,TOTAL,TOTAL,TOTAL,2011,Germany,13145,,,
DE27E,FOR,T,TOTAL,TOTAL,TOTAL,TOTAL,2011,Germany,13884,,,
DE3,FOR,T,TOTAL,TOTAL,TOTAL,TOTAL,2011,Germany,572416,,,
DE30,FOR,T,TOTAL,TOTAL,TOTAL,TOTAL,2011,Germany,572416,,,
DE300,FOR,T,TOTAL,TOTAL,TOTAL,TOTAL,2011,Germany,572416,,,
DE4,FOR,T,TOTAL,TOTAL,TOTAL,TOTAL,2011,Germany,186340,,,
DE40,FOR,T,TOTAL,TOTAL,TOTAL,TOTAL,2011,Germany,186340,,,
DE401,FOR,T,TOTAL,TOTAL,TOTAL,TOTAL,2011,Germany,5188,,,
DE402,FOR,T,TOTAL,TOTAL,TOTAL,TOTAL,2011,Germany,9575,,,
DE403,FOR,T,TOTAL,TOTAL,TOTAL,TOTAL,2011,Germany,6215,,,
DE404,FOR,T,TOTAL,TOTAL,TOTAL,TOTAL,2011,Germany,13704,,,
DE405,FOR,T,TOTAL,TOTAL,TOTAL,TOTAL,2011,Germany,11370,,,
DE406,FOR,T,TOTAL,TOTAL,TOTAL,TOTAL,2011,Germany,12996,,,
DE407,FOR,T,TOTAL,TOTAL,TOTAL,TOTAL,2011,Germany,6712,,,
DE408,FOR,T,TOTAL,TOTAL,TOTAL,TOTAL,2011,Germany,11849,,,
DE409,FOR,T,TOTAL,TOTAL,TOTAL,TOTAL,2011,Germany,15328,,,
DE40A,FOR,T,TOTAL,TOTAL,TOTAL,TOTAL,2011,Germany,13986,,,
DE40B,FOR,T,TOTAL,TOTAL,TOTAL,TOTAL,2011,Germany,8487,,,
DE40C,FOR,T,TOTAL,TOTAL,TOTAL,TOTAL,2011,Germany,14059,,,
DE40D,FOR,T,TOTAL,TOTAL,TOTAL,TOTAL,2011,Germany,7141,,,
DE40E,FOR,T,TOTAL,TOTAL,TOTAL,TOTAL,2011,Germany,12434,,,
DE40F,FOR,T,TOTAL,TOTAL,TOTAL,TOTAL,2011,Germany,6140,,,
DE40G,FOR,T,TOTAL,TOTAL,TOTAL,TOTAL,2011,Germany,8657,,,
DE40H,FOR,T,TOTAL,TOTAL,TOTAL,TOTAL,2011,Germany,11197,,,
DE40I,FOR,T,TOTAL,TOTAL,TOTAL,TOTAL,2011,Germany,11302,,,
DE5,FOR,T,TOTAL,TOTAL,TOTAL,TOTAL,2011,Germany,119724,,,
DE50,FOR,T,TOTAL,TOTAL,TOTAL,TOTAL,2011,Germany,119724,,,
DE501,FOR,T,TOTAL,TOTAL,TOTAL,TOTAL,2011,Germany,102062,,,
DE502,FOR,T,TOTAL,TOTAL,TOTAL,TOTAL,2011,Germany,17662,,,
DE6,FOR,T,TOTAL,TOTAL,TOTAL,TOTAL,2011,Germany,317420,,,
DE60,FOR,T,TOTAL,TOTAL,TOTAL,TOTAL,2011,Germany,317420,,,
DE600,FOR,T,TOTAL,TOTAL,TOTAL,TOTAL,2011,Germany,317420,,,
DE7,FOR,T,TOTAL,TOTAL,TOTAL,TOTAL,2011,Germany,1059717,,,
DE71,FOR,T,TOTAL,TOTAL,TOTAL,TOTAL,2011,Germany,752643,,,
DE711,FOR,T,TOTAL,TOTAL,TOTAL,TOTAL,2011,Germany,31188,,,
DE712,FOR,T,TOTAL,TOTAL,TOTAL,TOTAL,2011,Germany,205982,,,
DE713,FOR,T,TOTAL,TOTAL,TOTAL,TOTAL,2011,Germany,35914,,,
DE714,FOR,T,TOTAL,TOTAL,TOTAL,TOTAL,2011,Germany,58412,,,
DE715,FOR,T,TOTAL,TOTAL,TOTAL,TOTAL,2011,Germany,34785,,,
DE716,FOR,T,TOTAL,TOTAL,TOTAL,TOTAL,2011,Germany,42522,,,
DE717,FOR,T,TOTAL,TOTAL,TOTAL,TOTAL,2011,Germany,52470,,,
DE718,FOR,T,TOTAL,TOTAL,TOTAL,TOTAL,2011,Germany,39246,,,
DE719,FOR,T,TOTAL,TOTAL,TOTAL,TOTAL,2011,Germany,64831,,,
DE71A,FOR,T,TOTAL,TOTAL,TOTAL,TOTAL,2011,Germany,40449,,,
DE71B,FOR,T,TOTAL,TOTAL,TOTAL,TOTAL,2011,Germany,14123,,,
DE71C,FOR,T,TOTAL,TOTAL,TOTAL,TOTAL,2011,Germany,68553,,,
DE71D,FOR,T,TOTAL,TOTAL,TOTAL,TOTAL,2011,Germany,22937,,,
DE71E,FOR,T,TOTAL,TOTAL,TOTAL,TOTAL,2011,Germany,41231,,,
DE72,FOR,T,TOTAL,TOTAL,TOTAL,TOTAL,2011,Germany,146342,,,
DE721,FOR,T,TOTAL,TOTAL,TOTAL,TOTAL,2011,Germany,41308,,,
DE722,FOR,T,TOTAL,TOTAL,TOTAL,TOTAL,2011,Germany,37118,,,
DE723,FOR,T,TOTAL,TOTAL,TOTAL,TOTAL,2011,Germany,24750,,,
DE724,FOR,T,TOTAL,TOTAL,TOTAL,TOTAL,2011,Germany,32310,,,
DE725,FOR,T,TOTAL,TOTAL,TOTAL,TOTAL,2011,Germany,10856,,,
DE73,FOR,T,TOTAL,TOTAL,TOTAL,TOTAL,2011,Germany,160732,,,
DE731,FOR,T,TOTAL,TOTAL,TOTAL,TOTAL,2011,Germany,39668,,,
DE732,FOR,T,TOTAL,TOTAL,TOTAL,TOTAL,2011,Germany,28685,,,
DE733,FOR,T,TOTAL,TOTAL,TOTAL,TOTAL,2011,Germany,13848,,,
DE734,FOR,T,TOTAL,TOTAL,TOTAL,TOTAL,2011,Germany,26777,,,
DE735,FOR,T,TOTAL,TOTAL,TOTAL,TOTAL,2011,Germany,20157,,,
DE736,FOR,T,TOTAL,TOTAL,TOTAL,TOTAL,2011,Germany,22584,,,
DE737,FOR,T,TOTAL,TOTAL,TOTAL,TOTAL,2011,Germany,9013,,,
DE8,FOR,T,TOTAL,TOTAL,TOTAL,TOTAL,2011,Germany,147059,,,
DE80,FOR,T,TOTAL,TOTAL,TOTAL,TOTAL,2011,Germany,147059,,,
DE801,FOR,T,TOTAL,TOTAL,TOTAL,TOTAL,2011,Germany,5244,,,
DE802,FOR,T,TOTAL,TOTAL,TOTAL,TOTAL,2011,Germany,5818,,,
DE803,FOR,T,TOTAL,TOTAL,TOTAL,TOTAL,2011,Germany,22972,,,
DE804,FOR,T,TOTAL,TOTAL,TOTAL,TOTAL,2011,Germany,11936,,,
DE805,FOR,T,TOTAL,TOTAL,TOTAL,TOTAL,2011,Germany,5085,,,
DE806,FOR,T,TOTAL,TOTAL,TOTAL,TOTAL,2011,Germany,5016,,,
DE807,FOR,T,TOTAL,TOTAL,TOTAL,TOTAL,2011,Germany,9021,,,
DE808,FOR,T,TOTAL,TOTAL,TOTAL,TOTAL,2011,Germany,6273,,,
DE809,FOR,T,TOTAL,TOTAL,TOTAL,TOTAL,2011,Germany,7979,,,
DE80A,FOR,T,TOTAL,TOTAL,TOTAL,TOTAL,2011,Germany,9128,,,
DE80B,FOR,T,TOTAL,TOTAL,TOTAL,TOTAL,2011,Germany,5738,,,
DE80C,FOR,T,TOTAL,TOTAL,TOTAL,TOTAL,2011,Germany,4732,,,
DE80D,FOR,T,TOTAL,TOTAL,TOTAL,TOTAL,2011,Germany,8723,,,
DE80E,FOR,T,TOTAL,TOTAL,TOTAL,TOTAL,2011,Germany,9367,,,
DE80F,FOR,T,TOTAL,TOTAL,TOTAL,TOTAL,2011,Germany,9418,,,
DE80G,FOR,T,TOTAL,TOTAL,TOTAL,TOTAL,2011,Germany,8397,,,
DE80H,FOR,T,TOTAL,TOTAL,TOTAL,TOTAL,2011,Germany,5190,,,
DE80I,FOR,T,TOTAL,TOTAL,TOTAL,TOTAL,2011,Germany,7022,,,
DE9,FOR,T,TOTAL,TOTAL,TOTAL,TOTAL,2011,Germany,1030957,,,
DE91,FOR,T,TOTAL,TOTAL,TOTAL,TOTAL,2011,Germany,228453,,,
DE911,FOR,T,TOTAL,TOTAL,TOTAL,TOTAL,2011,Germany,39732,,,
DE912,FOR,T,TOTAL,TOTAL,TOTAL,TOTAL,2011,Germany,19939,,,
DE913,FOR,T,TOTAL,TOTAL,TOTAL,TOTAL,2011,Germany,29335,,,
DE914,FOR,T,TOTAL,TOTAL,TOTAL,TOTAL,2011,Germany,24232,,,
DE915,FOR,T,TOTAL,TOTAL,TOTAL,TOTAL,2011,Germany,33051,,,
DE916,FOR,T,TOTAL,TOTAL,TOTAL,TOTAL,2011,Germany,17468,,,
DE917,FOR,T,TOTAL,TOTAL,TOTAL,TOTAL,2011,Germany,10292,,,
DE918,FOR,T,TOTAL,TOTAL,TOTAL,TOTAL,2011,Germany,15899,,,
DE919,FOR,T,TOTAL,TOTAL,TOTAL,TOTAL,2011,Germany,8220,,,
DE91A,FOR,T,TOTAL,TOTAL,TOTAL,TOTAL,2011,Germany,16538,,,
DE91B,FOR,T,TOTAL,TOTAL,TOTAL,TOTAL,2011,Germany,13747,,,
DE92,FOR,T,TOTAL,TOTAL,TOTAL,TOTAL,2011,Germany,325860,,,
DE922,FOR,T,TOTAL,TOTAL,TOTAL,TOTAL,2011,Germany,23001,,,
DE923,FOR,T,TOTAL,TOTAL,TOTAL,TOTAL,2011,Germany,21482,,,
DE925,FOR,T,TOTAL,TOTAL,TOTAL,TOTAL,2011,Germany,36084,,,
DE926,FOR,T,TOTAL,TOTAL,TOTAL,TOTAL,2011,Germany,9140,,,
DE927,FOR,T,TOTAL,TOTAL,TOTAL,TOTAL,2011,Germany,15965,,,
DE928,FOR,T,TOTAL,TOTAL,TOTAL,TOTAL,2011,Germany,19935,,,
DE929,FOR,T,TOTAL,TOTAL,TOTAL,TOTAL,2011,Germany,200253,,,
DE93,FOR,T,TOTAL,TOTAL,TOTAL,TOTAL,2011,Germany,180365,,,
DE931,FOR,T,TOTAL,TOTAL,TOTAL,TOTAL,2011,Germany,23081,,,
DE932,FOR,T,TOTAL,TOTAL,TOTAL,TOTAL,2011,Germany,18113,,,
DE933,FOR,T,TOTAL,TOTAL,TOTAL,TOTAL,2011,Germany,24098,,,
DE934,FOR,T,TOTAL,TOTAL,TOTAL,TOTAL,2011,Germany,4658,,,
DE935,FOR,T,TOTAL,TOTAL,TOTAL,TOTAL,2011,Germany,17987,,,
DE936,FOR,T,TOTAL,TOTAL,TOTAL,TOTAL,2011,Germany,11172,,,
DE937,FOR,T,TOTAL,TOTAL,TOTAL,TOTAL,2011,Germany,15960,,,
DE938,FOR,T,TOTAL,TOTAL,TOTAL,TOTAL,2011,Germany,15880,,,
DE939,FOR,T,TOTAL,TOTAL,TOTAL,TOTAL,2011,Germany,23294,,,
DE93A,FOR,T,TOTAL,TOTAL,TOTAL,TOTAL,2011,Germany,10478,,,
DE93B,FOR,T,TOTAL,TOTAL,TOTAL,TOTAL,2011,Germany,15644,,,
DE94,FOR,T,TOTAL,TOTAL,TOTAL,TOTAL,2011,Germany,296279,,,
DE941,FOR,T,TOTAL,TOTAL,TOTAL,TOTAL,2011,Germany,12827,,,
DE942,FOR,T,TOTAL,TOTAL,TOTAL,TOTAL,2011,Germany,4440,,,
DE943,FOR,T,TOTAL,TOTAL,TOTAL,TOTAL,2011,Germany,19355,,,
DE944,FOR,T,TOTAL,TOTAL,TOTAL,TOTAL,2011,Germany,27237,,,
DE945,FOR,T,TOTAL,TOTAL,TOTAL,TOTAL,2011,Germany,10439,,,
DE946,FOR,T,TOTAL,TOTAL,TOTAL,TOTAL,2011,Germany,10491,,,
DE947,FOR,T,TOTAL,TOTAL,TOTAL,TOTAL,2011,Germany,11678,,,
DE948,FOR,T,TOTAL,TOTAL,TOTAL,TOTAL,2011,Germany,26050,,,
DE949,FOR,T,TOTAL,TOTAL,TOTAL,TOTAL,2011,Germany,38890,,,
DE94A,FOR,T,TOTAL,TOTAL,TOTAL,TOTAL,2011,Germany,7084,,,
DE94B,FOR,T,TOTAL,TOTAL,TOTAL,TOTAL,2011,Germany,20885,,,
DE94C,FOR,T,TOTAL,TOTAL,TOTAL,TOTAL,2011,Germany,14075,,,
DE94D,FOR,T,TOTAL,TOTAL,TOTAL,TOTAL,2011,Germany,11941,,,
DE94E,FOR,T,TOTAL,TOTAL,TOTAL,TOTAL,2011,Germany,47670,,,
DE94F,FOR,T,TOTAL,TOTAL,TOTAL,TOTAL,2011,Germany,20197,,,
DE94G,FOR,T,TOTAL,TOTAL,TOTAL,TOTAL,2011,Germany,9511,,,
DE94H,FOR,T,TOTAL,TOTAL,TOTAL,TOTAL,2011,Germany,3509,,,
DEA,FOR,T,TOTAL,TOTAL,TOTAL,TOTAL,2011,Germany,2815684,,,
DEA1,FOR,T,TOTAL,TOTAL,TOTAL,TOTAL,2011,Germany,859319,,,
DEA11,FOR,T,TOTAL,TOTAL,TOTAL,TOTAL,2011,Germany,138957,,,
DEA12,FOR,T,TOTAL,TOTAL,TOTAL,TOTAL,2011,Germany,95466,,,
DEA13,FOR,T,TOTAL,TOTAL,TOTAL,TOTAL,2011,Germany,88008,,,
DEA14,FOR,T,TOTAL,TOTAL,TOTAL,TOTAL,2011,Germany,38673,,,
DEA15,FOR,T,TOTAL,TOTAL,TOTAL,TOTAL,2011,Germany,43510,,,
DEA16,FOR,T,TOTAL,TOTAL,TOTAL,TOTAL,2011,Germany,27500,,,
DEA17,FOR,T,TOTAL,TOTAL,TOTAL,TOTAL,2011,Germany,29552,,,
DEA18,FOR,T,TOTAL,TOTAL,TOTAL,TOTAL,2011,Germany,21668,,,
DEA19,FOR,T,TOTAL,TOTAL,TOTAL,TOTAL,2011,Germany,27246,,,
DEA1A,FOR,T,TOTAL,TOTAL,TOTAL,TOTAL,2011,Germany,66277,,,
DEA1B,FOR,T,TOTAL,TOTAL,TOTAL,TOTAL,2011,Germany,39076,,,
DEA1C,FOR,T,TOTAL,TOTAL,TOTAL,TOTAL,2011,Germany,81831,,,
DEA1D,FOR,T,TOTAL,TOTAL,TOTAL,TOTAL,2011,Germany,70690,,,
DEA1E,FOR,T,TOTAL,TOTAL,TOTAL,TOTAL,2011,Germany,34627,,,
DEA1F,FOR,T,TOTAL,TOTAL,TOTAL,TOTAL,2011,Germany,56238,,,
DEA2,FOR,T,TOTAL,TOTAL,TOTAL,TOTAL,2011,Germany,711830,,,
DEA22,FOR,T,TOTAL,TOTAL,TOTAL,TOTAL,2011,Germany,66854,,,
DEA23,FOR,T,TOTAL,TOTAL,TOTAL,TOTAL,2011,Germany,207664,,,
DEA24,FOR,T,TOTAL,TOTAL,TOTAL,TOTAL,2011,Germany,32839,,,
DEA26,FOR,T,TOTAL,TOTAL,TOTAL,TOTAL,2011,Germany,29978,,,
DEA27,FOR,T,TOTAL,TOTAL,TOTAL,TOTAL,2011,Germany,64012,,,
DEA28,FOR,T,TOTAL,TOTAL,TOTAL,TOTAL,2011,Germany,21196,,,
DEA29,FOR,T,TOTAL,TOTAL,TOTAL,TOTAL,2011,Germany,35392,,,
DEA2A,FOR,T,TOTAL,TOTAL,TOTAL,TOTAL,2011,Germany,45710,,,
DEA2B,FOR,T,TOTAL,TOTAL,TOTAL,TOTAL,2011,Germany,37650,,,
DEA2C,FOR,T,TOTAL,TOTAL,TOTAL,TOTAL,2011,Germany,84033,,,
DEA2D,FOR,T,TOTAL,TOTAL,TOTAL,TOTAL,2011,Germany,86502,,,
DEA3,FOR,T,TOTAL,TOTAL,TOTAL,TOTAL,2011,Germany,325375,,,
DEA31,FOR,T,TOTAL,TOTAL,TOTAL,TOTAL,2011,Germany,14778,,,
DEA32,FOR,T,TOTAL,TOTAL,TOTAL,TOTAL,2011,Germany,48475,,,
DEA33,FOR,T,TOTAL,TOTAL,TOTAL,TOTAL,2011,Germany,41957,,,
DEA34,FOR,T,TOTAL,TOTAL,TOTAL,TOTAL,2011,Germany,36152,,,
DEA35,FOR,T,TOTAL,TOTAL,TOTAL,TOTAL,2011,Germany,16724,,,
DEA36,FOR,T,TOTAL,TOTAL,TOTAL,TOTAL,2011,Germany,81825,,,
DEA37,FOR,T,TOTAL,TOTAL,TOTAL,TOTAL,2011,Germany,46995,,,
DEA38,FOR,T,TOTAL,TOTAL,TOTAL,TOTAL,2011,Germany,38469,,,
DEA4,FOR,T,TOTAL,TOTAL,TOTAL,TOTAL,2011,Germany,349072,,,
DEA41,FOR,T,TOTAL,TOTAL,TOTAL,TOTAL,2011,Germany,71909,,,
DEA42,FOR,T,TOTAL,TOTAL,TOTAL,TOTAL,2011,Germany,62224,,,
DEA43,FOR,T,TOTAL,TOTAL,TOTAL,TOTAL,2011,Germany,44281,,,
DEA44,FOR,T,TOTAL,TOTAL,TOTAL,TOTAL,2011,Germany,16540,,,
DEA45,FOR,T,TOTAL,TOTAL,TOTAL,TOTAL,2011,Germany,54190,,,
DEA46,FOR,T,TOTAL,TOTAL,TOTAL,TOTAL,2011,Germany,51651,,,
DEA47,FOR,T,TOTAL,TOTAL,TOTAL,TOTAL,2011,Germany,48277,,,
DEA5,FOR,T,TOTAL,TOTAL,TOTAL,TOTAL,2011,Germany,570088,,,
DEA51,FOR,T,TOTAL,TOTAL,TOTAL,TOTAL,2011,Germany,59372,,,
DEA52,FOR,T,TOTAL,TOTAL,TOTAL,TOTAL,2011,Germany,108568,,,
DEA53,FOR,T,TOTAL,TOTAL,TOTAL,TOTAL,2011,Germany,39718,,,
DEA54,FOR,T,TOTAL,TOTAL,TOTAL,TOTAL,2011,Germany,30716,,,
DEA55,FOR,T,TOTAL,TOTAL,TOTAL,TOTAL,2011,Germany,25562,,,
DEA56,FOR,T,TOTAL,TOTAL,TOTAL,TOTAL,2011,Germany,45460,,,
DEA57,FOR,T,TOTAL,TOTAL,TOTAL,TOTAL,2011,Germany,29196,,,
DEA58,FOR,T,TOTAL,TOTAL,TOTAL,TOTAL,2011,Germany,78779,,,
DEA59,FOR,T,TOTAL,TOTAL,TOTAL,TOTAL,2011,Germany,15115,,,
DEA5A,FOR,T,TOTAL,TOTAL,TOTAL,TOTAL,2011,Germany,34820,,,
DEA5B,FOR,T,TOTAL,TOTAL,TOTAL,TOTAL,2011,Germany,41924,,,
DEA5C,FOR,T,TOTAL,TOTAL,TOTAL,TOTAL,2011,Germany,60858,,,
DEB,FOR,T,TOTAL,TOTAL,TOTAL,TOTAL,2011,Germany,497097,,,
DEB1,FOR,T,TOTAL,TOTAL,TOTAL,TOTAL,2011,Germany,176281,,,
DEB11,FOR,T,TOTAL,TOTAL,TOTAL,TOTAL,2011,Germany,18781,,,
DEB12,FOR,T,TOTAL,TOTAL,TOTAL,TOTAL,2011,Germany,12696,,,
DEB13,FOR,T,TOTAL,TOTAL,TOTAL,TOTAL,2011,Germany,13721,,,
DEB14,FOR,T,TOTAL,TOTAL,TOTAL,TOTAL,2011,Germany,18332,,,
DEB15,FOR,T,TOTAL,TOTAL,TOTAL,TOTAL,2011,Germany,9017,,,
DEB16,FOR,T,TOTAL,TOTAL,TOTAL,TOTAL,2011,Germany,5903,,,
DEB17,FOR,T,TOTAL,TOTAL,TOTAL,TOTAL,2011,Germany,22309,,,
DEB18,FOR,T,TOTAL,TOTAL,TOTAL,TOTAL,2011,Germany,26595,,,
DEB19,FOR,T,TOTAL,TOTAL,TOTAL,TOTAL,2011,Germany,11909,,,
DEB1A,FOR,T,TOTAL,TOTAL,TOTAL,TOTAL,2011,Germany,13646,,,
DEB1B,FOR,T,TOTAL,TOTAL,TOTAL,TOTAL,2011,Germany,23372,,,
DEB2,FOR,T,TOTAL,TOTAL,TOTAL,TOTAL,2011,Germany,52613,,,
DEB21,FOR,T,TOTAL,TOTAL,TOTAL,TOTAL,2011,Germany,13757,,,
DEB22,FOR,T,TOTAL,TOTAL,TOTAL,TOTAL,2011,Germany,9840,,,
DEB23,FOR,T,TOTAL,TOTAL,TOTAL,TOTAL,2011,Germany,10421,,,
DEB24,FOR,T,TOTAL,TOTAL,TOTAL,TOTAL,2011,Germany,5915,,,
DEB25,FOR,T,TOTAL,TOTAL,TOTAL,TOTAL,2011,Germany,12680,,,
DEB3,FOR,T,TOTAL,TOTAL,TOTAL,TOTAL,2011,Germany,268203,,,
DEB31,FOR,T,TOTAL,TOTAL,TOTAL,TOTAL,2011,Germany,10430,,,
DEB32,FOR,T,TOTAL,TOTAL,TOTAL,TOTAL,2011,Germany,18509,,,
DEB33,FOR,T,TOTAL,TOTAL,TOTAL,TOTAL,2011,Germany,5265,,,
DEB34,FOR,T,TOTAL,TOTAL,TOTAL,TOTAL,2011,Germany,35474,,,
DEB35,FOR,T,TOTAL,TOTAL,TOTAL,TOTAL,2011,Germany,39195,,,
DEB36,FOR,T,TOTAL,TOTAL,TOTAL,TOTAL,2011,Germany,6290,,,
DEB37,FOR,T,TOTAL,TOTAL,TOTAL,TOTAL,2011,Germany,4925,,,
DEB38,FOR,T,TOTAL,TOTAL,TOTAL,TOTAL,2011,Germany,8576,,,
DEB39,FOR,T,TOTAL,TOTAL,TOTAL,TOTAL,2011,Germany,14078,,,
DEB3A,FOR,T,TOTAL,TOTAL,TOTAL,TOTAL,2011,Germany,4801,,,
DEB3B,FOR,T,TOTAL,TOTAL,TOTAL,TOTAL,2011,Germany,14092,,,
DEB3C,FOR,T,TOTAL,TOTAL,TOTAL,TOTAL,2011,Germany,12685,,,
DEB3D,FOR,T,TOTAL,TOTAL,TOTAL,TOTAL,2011,Germany,8116,,,
DEB3E,FOR,T,TOTAL,TOTAL,TOTAL,TOTAL,2011,Germany,18186,,,
DEB3F,FOR,T,TOTAL,TOTAL,TOTAL,TOTAL,2011,Germany,11660,,,
DEB3G,FOR,T,TOTAL,TOTAL,TOTAL,TOTAL,2011,Germany,5635,,,
DEB3H,FOR,T,TOTAL,TOTAL,TOTAL,TOTAL,2011,Germany,8508,,,
DEB3I,FOR,T,TOTAL,TOTAL,TOTAL,TOTAL,2011,Germany,15713,,,
DEB3J,FOR,T,TOTAL,TOTAL,TOTAL,TOTAL,2011,Germany,20414,,,
DEB3K,FOR,T,TOTAL,TOTAL,TOTAL,TOTAL,2011,Germany,5651,,,
DEC,FOR,T,TOTAL,TOTAL,TOTAL,TOTAL,2011,Germany,108619,,,
DEC0,FOR,T,TOTAL,TOTAL,TOTAL,TOTAL,2011,Germany,108619,,,
DEC01,FOR,T,TOTAL,TOTAL,TOTAL,TOTAL,2011,Germany,44007,,,
DEC02,FOR,T,TOTAL,TOTAL,TOTAL,TOTAL,2011,Germany,10937,,,
DEC03,FOR,T,TOTAL,TOTAL,TOTAL,TOTAL,2011,Germany,11014,,,
DEC04,FOR,T,TOTAL,TOTAL,TOTAL,TOTAL,2011,Germany,21974,,,
DEC05,FOR,T,TOTAL,TOTAL,TOTAL,TOTAL,2011,Germany,15187,,,
DEC06,FOR,T,TOTAL,TOTAL,TOTAL,TOTAL,2011,Germany,5500,,,
DED,FOR,T,TOTAL,TOTAL,TOTAL,TOTAL,2011,Germany,259971,,,
DED2,FOR,T,TOTAL,TOTAL,TOTAL,TOTAL,2011,Germany,110440,,,
DED21,FOR,T,TOTAL,TOTAL,TOTAL,TOTAL,2011,Germany,35118,,,
DED2C,FOR,T,TOTAL,TOTAL,TOTAL,TOTAL,2011,Germany,19619,,,
DED2D,FOR,T,TOTAL,TOTAL,TOTAL,TOTAL,2011,Germany,25383,,,
DED2E,FOR,T,TOTAL,TOTAL,TOTAL,TOTAL,2011,Germany,16389,,,
DED2F,FOR,T,TOTAL,TOTAL,TOTAL,TOTAL,2011,Germany,13931,,,
DED4,FOR,T,TOTAL,TOTAL,TOTAL,TOTAL,2011,Germany,79419,,,
DED41,FOR,T,TOTAL,TOTAL,TOTAL,TOTAL,2011,Germany,15897,,,
DED42,FOR,T,TOTAL,TOTAL,TOTAL,TOTAL,2011,Germany,13069,,,
DED43,FOR,T,TOTAL,TOTAL,TOTAL,TOTAL,2011,Germany,18546,,,
DED44,FOR,T,TOTAL,TOTAL,TOTAL,TOTAL,2011,Germany,12641,,,
DED45,FOR,T,TOTAL,TOTAL,TOTAL,TOTAL,2011,Germany,19266,,,
DED5,FOR,T,TOTAL,TOTAL,TOTAL,TOTAL,2011,Germany,70112,,,
DED51,FOR,T,TOTAL,TOTAL,TOTAL,TOTAL,2011,Germany,41326,,,
DED52,FOR,T,TOTAL,TOTAL,TOTAL,TOTAL,2011,Germany,15627,,,
DED53,FOR,T,TOTAL,TOTAL,TOTAL,TOTAL,2011,Germany,13159,,,
DEE,FOR,T,TOTAL,TOTAL,TOTAL,TOTAL,2011,Germany,150196,,,
DEE0,FOR,T,TOTAL,TOTAL,TOTAL,TOTAL,2011,Germany,150196,,,
DEE01,FOR,T,TOTAL,TOTAL,TOTAL,TOTAL,2011,Germany,6279,,,
DEE02,FOR,T,TOTAL,TOTAL,TOTAL,TOTAL,2011,Germany,18360,,,
DEE03,FOR,T,TOTAL,TOTAL,TOTAL,TOTAL,2011,Germany,17240,,,
DEE04,FOR,T,TOTAL,TOTAL,TOTAL,TOTAL,2011,Germany,5590,,,
DEE05,FOR,T,TOTAL,TOTAL,TOTAL,TOTAL,2011,Germany,11479,,,
DEE06,FOR,T,TOTAL,TOTAL,TOTAL,TOTAL,2011,Germany,5966,,,
DEE07,FOR,T,TOTAL,TOTAL,TOTAL,TOTAL,2011,Germany,9165,,,
DEE08,FOR,T,TOTAL,TOTAL,TOTAL,TOTAL,2011,Germany,11999,,,
DEE09,FOR,T,TOTAL,TOTAL,TOTAL,TOTAL,2011,Germany,14025,,,
DEE0A,FOR,T,TOTAL,TOTAL,TOTAL,TOTAL,2011,Germany,9412,,,
DEE0B,FOR,T,TOTAL,TOTAL,TOTAL,TOTAL,2011,Germany,10825,,,
DEE0C,FOR,T,TOTAL,TOTAL,TOTAL,TOTAL,2011,Germany,13797,,,
DEE0D,FOR,T,TOTAL,TOTAL,TOTAL,TOTAL,2011,Germany,8246,,,
DEE0E,FOR,T,TOTAL,TOTAL,TOTAL,TOTAL,2011,Germany,7813,,,
DEF,FOR,T,TOTAL,TOTAL,TOTAL,TOTAL,2011,Germany,319485,,,
DEF0,FOR,T,TOTAL,TOTAL,TOTAL,TOTAL,2011,Germany,319485,,,
DEF01,FOR,T,TOTAL,TOTAL,TOTAL,TOTAL,2011,Germany,12088,,,
DEF02,FOR,T,TOTAL,TOTAL,TOTAL,TOTAL,2011,Germany,34579,,,
DEF03,FOR,T,TOTAL,TOTAL,TOTAL,TOTAL,2011,Germany,33305,,,
DEF04,FOR,T,TOTAL,TOTAL,TOTAL,TOTAL,2011,Germany,10880,,,
DEF05,FOR,T,TOTAL,TOTAL,TOTAL,TOTAL,2011,Germany,11543,,,
DEF06,FOR,T,TOTAL,TOTAL,TOTAL,TOTAL,2011,Germany,22087,,,
DEF07,FOR,T,TOTAL,TOTAL,TOTAL,TOTAL,2011,Germany,13767,,,
DEF08,FOR,T,TOTAL,TOTAL,TOTAL,TOTAL,2011,Germany,20674,,,
DEF09,FOR,T,TOTAL,TOTAL,TOTAL,TOTAL,2011,Germany,38481,,,
DEF0A,FOR,T,TOTAL,TOTAL,TOTAL,TOTAL,2011,Germany,11616,,,
DEF0B,FOR,T,TOTAL,TOTAL,TOTAL,TOTAL,2011,Germany,23968,,,
DEF0C,FOR,T,TOTAL,TOTAL,TOTAL,TOTAL,2011,Germany,16239,,,
DEF0D,FOR,T,TOTAL,TOTAL,TOTAL,TOTAL,2011,Germany,30338,,,
DEF0E,FOR,T,TOTAL,TOTAL,TOTAL,TOTAL,2011,Germany,12780,,,
DEF0F,FOR,T,TOTAL,TOTAL,TOTAL,TOTAL,2011,Germany,27140,,,
DEG,FOR,T,TOTAL,TOTAL,TOTAL,TOTAL,2011,Germany,127621,,,
DEG0,FOR,T,TOTAL,TOTAL,TOTAL,TOTAL,2011,Germany,127621,,,
DEG01,FOR,T,TOTAL,TOTAL,TOTAL,TOTAL,2011,Germany,15185,,,
DEG02,FOR,T,TOTAL,TOTAL,TOTAL,TOTAL,2011,Germany,7988,,,
DEG03,FOR,T,TOTAL,TOTAL,TOTAL,TOTAL,2011,Germany,9864,,,
DEG04,FOR,T,TOTAL,TOTAL,TOTAL,TOTAL,2011,Germany,2342,,,
DEG05,FOR,T,TOTAL,TOTAL,TOTAL,TOTAL,2011,Germany,6158,,,
DEG06,FOR,T,TOTAL,TOTAL,TOTAL,TOTAL,2011,Germany,3872,,,
DEG07,FOR,T,TOTAL,TOTAL,TOTAL,TOTAL,2011,Germany,5287,,,
DEG09,FOR,T,TOTAL,TOTAL,TOTAL,TOTAL,2011,Germany,4956,,,
DEG0A,FOR,T,TOTAL,TOTAL,TOTAL,TOTAL,2011,Germany,4426,,,
DEG0B,FOR,T,TOTAL,TOTAL,TOTAL,TOTAL,2011,Germany,5224,,,
DEG0C,FOR,T,TOTAL,TOTAL,TOTAL,TOTAL,2011,Germany,7562,,,
DEG0D,FOR,T,TOTAL,TOTAL,TOTAL,TOTAL,2011,Germany,3019,,,
DEG0E,FOR,T,TOTAL,TOTAL,TOTAL,TOTAL,2011,Germany,2316,,,
DEG0F,FOR,T,TOTAL,TOTAL,TOTAL,TOTAL,2011,Germany,7109,,,
DEG0G,FOR,T,TOTAL,TOTAL,TOTAL,TOTAL,2011,Germany,4101,,,
DEG0H,FOR,T,TOTAL,TOTAL,TOTAL,TOTAL,2011,Germany,2181,,,
DEG0I,FOR,T,TOTAL,TOTAL,TOTAL,TOTAL,2011,Germany,6760,,,
DEG0J,FOR,T,TOTAL,TOTAL,TOTAL,TOTAL,2011,Germany,4753,,,
DEG0K,FOR,T,TOTAL,TOTAL,TOTAL,TOTAL,2011,Germany,4268,,,
DEG0L,FOR,T,TOTAL,TOTAL,TOTAL,TOTAL,2011,Germany,5802,,,
DEG0M,FOR,T,TOTAL,TOTAL,TOTAL,TOTAL,2011,Germany,6176,,,
DEG0N,FOR,T,TOTAL,TOTAL,TOTAL,TOTAL,2011,Germany,3327,,,
DEG0P,FOR,T,TOTAL,TOTAL,TOTAL,TOTAL,2011,Germany,4945,,,
DEZ,FOR,T,TOTAL,TOTAL,TOTAL,TOTAL,2011,Germany,0,,,
DEZZ,FOR,T,TOTAL,TOTAL,TOTAL,TOTAL,2011,Germany,0,,,
DEZZZ,FOR,T,TOTAL,TOTAL,TOTAL,TOTAL,2011,Germany,0,,,
DE,OTH,T,TOTAL,TOTAL,TOTAL,TOTAL,2011,Germany,432252,,,
DE1,OTH,T,TOTAL,TOTAL,TOTAL,TOTAL,2011,Germany,93495,,,
DE11,OTH,T,TOTAL,TOTAL,TOTAL,TOTAL,2011,Germany,38347,,,
DE111,OTH,T,TOTAL,TOTAL,TOTAL,TOTAL,2011,Germany,5596,,,
DE112,OTH,T,TOTAL,TOTAL,TOTAL,TOTAL,2011,Germany,3907,,,
DE113,OTH,T,TOTAL,TOTAL,TOTAL,TOTAL,2011,Germany,3871,,,
DE114,OTH,T,TOTAL,TOTAL,TOTAL,TOTAL,2011,Germany,2857,,,
DE115,OTH,T,TOTAL,TOTAL,TOTAL,TOTAL,2011,Germany,4667,,,
DE116,OTH,T,TOTAL,TOTAL,TOTAL,TOTAL,2011,Germany,4192,,,
DE117,OTH,T,TOTAL,TOTAL,TOTAL,TOTAL,2011,Germany,2041,,,
DE118,OTH,T,TOTAL,TOTAL,TOTAL,TOTAL,2011,Germany,2633,,,
DE119,OTH,T,TOTAL,TOTAL,TOTAL,TOTAL,2011,Germany,783,,,
DE11A,OTH,T,TOTAL,TOTAL,TOTAL,TOTAL,2011,Germany,1780,,,
DE11B,OTH,T,TOTAL,TOTAL,TOTAL,TOTAL,2011,Germany,1177,,,
DE11C,OTH,T,TOTAL,TOTAL,TOTAL,TOTAL,2011,Germany,1306,,,
DE11D,OTH,T,TOTAL,TOTAL,TOTAL,TOTAL,2011,Germany,3537,,,
DE12,OTH,T,TOTAL,TOTAL,TOTAL,TOTAL,2011,Germany,23061,,,
DE121,OTH,T,TOTAL,TOTAL,TOTAL,TOTAL,2011,Germany,381,,,
DE122,OTH,T,TOTAL,TOTAL,TOTAL,TOTAL,2011,Germany,3173,,,
DE123,OTH,T,TOTAL,TOTAL,TOTAL,TOTAL,2011,Germany,3510,,,
DE124,OTH,T,TOTAL,TOTAL,TOTAL,TOTAL,2011,Germany,2058,,,
DE125,OTH,T,TOTAL,TOTAL,TOTAL,TOTAL,2011,Germany,791,,,
DE126,OTH,T,TOTAL,TOTAL,TOTAL,TOTAL,2011,Germany,2019,,,
DE127,OTH,T,TOTAL,TOTAL,TOTAL,TOTAL,2011,Germany,1841,,,
DE128,OTH,T,TOTAL,TOTAL,TOTAL,TOTAL,2011,Germany,2870,,,
DE129,OTH,T,TOTAL,TOTAL,TOTAL,TOTAL,2011,Germany,1944,,,
DE12A,OTH,T,TOTAL,TOTAL,TOTAL,TOTAL,2011,Germany,1753,,,
DE12B,OTH,T,TOTAL,TOTAL,TOTAL,TOTAL,2011,Germany,1281,,,
DE12C,OTH,T,TOTAL,TOTAL,TOTAL,TOTAL,2011,Germany,1440,,,
DE13,OTH,T,TOTAL,TOTAL,TOTAL,TOTAL,2011,Germany,16983,,,
DE131,OTH,T,TOTAL,TOTAL,TOTAL,TOTAL,2011,Germany,1603,,,
DE132,OTH,T,TOTAL,TOTAL,TOTAL,TOTAL,2011,Germany,1125,,,
DE133,OTH,T,TOTAL,TOTAL,TOTAL,TOTAL,2011,Germany,823,,,
DE134,OTH,T,TOTAL,TOTAL,TOTAL,TOTAL,2011,Germany,3673,,,
DE135,OTH,T,TOTAL,TOTAL,TOTAL,TOTAL,2011,Germany,1311,,,
DE136,OTH,T,TOTAL,TOTAL,TOTAL,TOTAL,2011,Germany,2184,,,
DE137,OTH,T,TOTAL,TOTAL,TOTAL,TOTAL,2011,Germany,1938,,,
DE138,OTH,T,TOTAL,TOTAL,TOTAL,TOTAL,2011,Germany,1978,,,
DE139,OTH,T,TOTAL,TOTAL,TOTAL,TOTAL,2011,Germany,1281,,,
DE13A,OTH,T,TOTAL,TOTAL,TOTAL,TOTAL,2011,Germany,1067,,,
DE14,OTH,T,TOTAL,TOTAL,TOTAL,TOTAL,2011,Germany,15104,,,
DE141,OTH,T,TOTAL,TOTAL,TOTAL,TOTAL,2011,Germany,2485,,,
DE142,OTH,T,TOTAL,TOTAL,TOTAL,TOTAL,2011,Germany,1553,,,
DE143,OTH,T,TOTAL,TOTAL,TOTAL,TOTAL,2011,Germany,2127,,,
DE144,OTH,T,TOTAL,TOTAL,TOTAL,TOTAL,2011,Germany,1375,,,
DE145,OTH,T,TOTAL,TOTAL,TOTAL,TOTAL,2011,Germany,1360,,,
DE146,OTH,T,TOTAL,TOTAL,TOTAL,TOTAL,2011,Germany,1662,,,
DE147,OTH,T,TOTAL,TOTAL,TOTAL,TOTAL,2011,Germany,1568,,,
DE148,OTH,T,TOTAL,TOTAL,TOTAL,TOTAL,2011,Germany,1911,,,
DE149,OTH,T,TOTAL,TOTAL,TOTAL,TOTAL,2011,Germany,1063,,,
DE2,OTH,T,TOTAL,TOTAL,TOTAL,TOTAL,2011,Germany,56252,,,
DE21,OTH,T,TOTAL,TOTAL,TOTAL,TOTAL,2011,Germany,22932,,,
DE211,OTH,T,TOTAL,TOTAL,TOTAL,TOTAL,2011,Germany,2178,,,
DE212,OTH,T,TOTAL,TOTAL,TOTAL,TOTAL,2011,Germany,6928,,,
DE213,OTH,T,TOTAL,TOTAL,TOTAL,TOTAL,2011,Germany,521,,,
DE214,OTH,T,TOTAL,TOTAL,TOTAL,TOTAL,2011,Germany,772,,,
DE215,OTH,T,TOTAL,TOTAL,TOTAL,TOTAL,2011,Germany,392,,,
DE216,OTH,T,TOTAL,TOTAL,TOTAL,TOTAL,2011,Germany,941,,,
DE217,OTH,T,TOTAL,TOTAL,TOTAL,TOTAL,2011,Germany,767,,,
DE218,OTH,T,TOTAL,TOTAL,TOTAL,TOTAL,2011,Germany,643,,,
DE219,OTH,T,TOTAL,TOTAL,TOTAL,TOTAL,2011,Germany,441,,,
DE21A,OTH,T,TOTAL,TOTAL,TOTAL,TOTAL,2011,Germany,334,,,
DE21B,OTH,T,TOTAL,TOTAL,TOTAL,TOTAL,2011,Germany,806,,,
DE21C,OTH,T,TOTAL,TOTAL,TOTAL,TOTAL,2011,Germany,1227,,,
DE21D,OTH,T,TOTAL,TOTAL,TOTAL,TOTAL,2011,Germany,317,,,
DE21E,OTH,T,TOTAL,TOTAL,TOTAL,TOTAL,2011,Germany,305,,,
DE21F,OTH,T,TOTAL,TOTAL,TOTAL,TOTAL,2011,Germany,331,,,
DE21G,OTH,T,TOTAL,TOTAL,TOTAL,TOTAL,2011,Germany,699,,,
DE21H,OTH,T,TOTAL,TOTAL,TOTAL,TOTAL,2011,Germany,1844,,,
DE21I,OTH,T,TOTAL,TOTAL,TOTAL,TOTAL,2011,Germany,346,,,
DE21J,OTH,T,TOTAL,TOTAL,TOTAL,TOTAL,2011,Germany,449,,,
DE21K,OTH,T,TOTAL,TOTAL,TOTAL,TOTAL,2011,Germany,811,,,
DE21L,OTH,T,TOTAL,TOTAL,TOTAL,TOTAL,2011,Germany,574,,,
DE21M,OTH,T,TOTAL,TOTAL,TOTAL,TOTAL,2011,Germany,761,,,
DE21N,OTH,T,TOTAL,TOTAL,TOTAL,TOTAL,2011,Germany,545,,,
DE22,OTH,T,TOTAL,TOTAL,TOTAL,TOTAL,2011,Germany,4275,,,
DE221,OTH,T,TOTAL,TOTAL,TOTAL,TOTAL,2011,Germany,277,,,
DE222,OTH,T,TOTAL,TOTAL,TOTAL,TOTAL,2011,Germany,350,,,
DE223,OTH,T,TOTAL,TOTAL,TOTAL,TOTAL,2011,Germany,343,,,
DE224,OTH,T,TOTAL,TOTAL,TOTAL,TOTAL,2011,Germany,403,,,
DE225,OTH,T,TOTAL,TOTAL,TOTAL,TOTAL,2011,Germany,101,,,
DE226,OTH,T,TOTAL,TOTAL,TOTAL,TOTAL,2011,Germany,490,,,
DE227,OTH,T,TOTAL,TOTAL,TOTAL,TOTAL,2011,Germany,511,,,
DE228,OTH,T,TOTAL,TOTAL,TOTAL,TOTAL,2011,Germany,614,,,
DE229,OTH,T,TOTAL,TOTAL,TOTAL,TOTAL,2011,Germany,111,,,
DE22A,OTH,T,TOTAL,TOTAL,TOTAL,TOTAL,2011,Germany,416,,,
DE22B,OTH,T,TOTAL,TOTAL,TOTAL,TOTAL,2011,Germany,180,,,
DE22C,OTH,T,TOTAL,TOTAL,TOTAL,TOTAL,2011,Germany,479,,,
DE23,OTH,T,TOTAL,TOTAL,TOTAL,TOTAL,2011,Germany,3006,,,
DE231,OTH,T,TOTAL,TOTAL,TOTAL,TOTAL,2011,Germany,184,,,
DE232,OTH,T,TOTAL,TOTAL,TOTAL,TOTAL,2011,Germany,819,,,
DE233,OTH,T,TOTAL,TOTAL,TOTAL,TOTAL,2011,Germany,123,,,
DE234,OTH,T,TOTAL,TOTAL,TOTAL,TOTAL,2011,Germany,233,,,
DE235,OTH,T,TOTAL,TOTAL,TOTAL,TOTAL,2011,Germany,214,,,
DE236,OTH,T,TOTAL,TOTAL,TOTAL,TOTAL,2011,Germany,352,,,
DE237,OTH,T,TOTAL,TOTAL,TOTAL,TOTAL,2011,Germany,145,,,
DE238,OTH,T,TOTAL,TOTAL,TOTAL,TOTAL,2011,Germany,566,,,
DE239,OTH,T,TOTAL,TOTAL,TOTAL,TOTAL,2011,Germany,255,,,
DE23A,OTH,T,TOTAL,TOTAL,TOTAL,TOTAL,2011,Germany,115,,,
DE24,OTH,T,TOTAL,TOTAL,TOTAL,TOTAL,2011,Germany,2569,,,
DE241,OTH,T,TOTAL,TOTAL,TOTAL,TOTAL,2011,Germany,217,,,
DE242,OTH,T,TOTAL,TOTAL,TOTAL,TOTAL,2011,Germany,218,,,
DE243,OTH,T,TOTAL,TOTAL,TOTAL,TOTAL,2011,Germany,228,,,
DE244,OTH,T,TOTAL,TOTAL,TOTAL,TOTAL,2011,Germany,253,,,
DE245,OTH,T,TOTAL,TOTAL,TOTAL,TOTAL,2011,Germany,224,,,
DE246,OTH,T,TOTAL,TOTAL,TOTAL,TOTAL,2011,Germany,183,,,
DE247,OTH,T,TOTAL,TOTAL,TOTAL,TOTAL,2011,Germany,132,,,
DE248,OTH,T,TOTAL,TOTAL,TOTAL,TOTAL,2011,Germany,183,,,
DE249,OTH,T,TOTAL,TOTAL,TOTAL,TOTAL,2011,Germany,202,,,
DE24A,OTH,T,TOTAL,TOTAL,TOTAL,TOTAL,2011,Germany,146,,,
DE24B,OTH,T,TOTAL,TOTAL,TOTAL,TOTAL,2011,Germany,178,,,
DE24C,OTH,T,TOTAL,TOTAL,TOTAL,TOTAL,2011,Germany,121,,,
DE24D,OTH,T,TOTAL,TOTAL,TOTAL,TOTAL,2011,Germany,284,,,
DE25,OTH,T,TOTAL,TOTAL,TOTAL,TOTAL,2011,Germany,7545,,,
DE251,OTH,T,TOTAL,TOTAL,TOTAL,TOTAL,2011,Germany,172,,,
DE252,OTH,T,TOTAL,TOTAL,TOTAL,TOTAL,2011,Germany,588,,,
DE253,OTH,T,TOTAL,TOTAL,TOTAL,TOTAL,2011,Germany,862,,,
DE254,OTH,T,TOTAL,TOTAL,TOTAL,TOTAL,2011,Germany,2888,,,
DE255,OTH,T,TOTAL,TOTAL,TOTAL,TOTAL,2011,Germany,124,,,
DE256,OTH,T,TOTAL,TOTAL,TOTAL,TOTAL,2011,Germany,564,,,
DE257,OTH,T,TOTAL,TOTAL,TOTAL,TOTAL,2011,Germany,457,,,
DE258,OTH,T,TOTAL,TOTAL,TOTAL,TOTAL,2011,Germany,363,,,
DE259,OTH,T,TOTAL,TOTAL,TOTAL,TOTAL,2011,Germany,475,,,
DE25A,OTH,T,TOTAL,TOTAL,TOTAL,TOTAL,2011,Germany,287,,,
DE25B,OTH,T,TOTAL,TOTAL,TOTAL,TOTAL,2011,Germany,360,,,
DE25C,OTH,T,TOTAL,TOTAL,TOTAL,TOTAL,2011,Germany,405,,,
DE26,OTH,T,TOTAL,TOTAL,TOTAL,TOTAL,2011,Germany,3874,,,
DE261,OTH,T,TOTAL,TOTAL,TOTAL,TOTAL,2011,Germany,423,,,
DE262,OTH,T,TOTAL,TOTAL,TOTAL,TOTAL,2011,Germany,366,,,
DE263,OTH,T,TOTAL,TOTAL,TOTAL,TOTAL,2011,Germany,614,,,
DE264,OTH,T,TOTAL,TOTAL,TOTAL,TOTAL,2011,Germany,484,,,
DE265,OTH,T,TOTAL,TOTAL,TOTAL,TOTAL,2011,Germany,210,,,
DE266,OTH,T,TOTAL,TOTAL,TOTAL,TOTAL,2011,Germany,118,,,
DE267,OTH,T,TOTAL,TOTAL,TOTAL,TOTAL,2011,Germany,136,,,
DE268,OTH,T,TOTAL,TOTAL,TOTAL,TOTAL,2011,Germany,259,,,
DE269,OTH,T,TOTAL,TOTAL,TOTAL,TOTAL,2011,Germany,306,,,
DE26A,OTH,T,TOTAL,TOTAL,TOTAL,TOTAL,2011,Germany,262,,,
DE26B,OTH,T,TOTAL,TOTAL,TOTAL,TOTAL,2011,Germany,394,,,
DE26C,OTH,T,TOTAL,TOTAL,TOTAL,TOTAL,2011,Germany,302,,,
DE27,OTH,T,TOTAL,TOTAL,TOTAL,TOTAL,2011,Germany,12051,,,
DE271,OTH,T,TOTAL,TOTAL,TOTAL,TOTAL,2011,Germany,5133,,,
DE272,OTH,T,TOTAL,TOTAL,TOTAL,TOTAL,2011,Germany,611,,,
DE273,OTH,T,TOTAL,TOTAL,TOTAL,TOTAL,2011,Germany,264,,,
DE274,OTH,T,TOTAL,TOTAL,TOTAL,TOTAL,2011,Germany,147,,,
DE275,OTH,T,TOTAL,TOTAL,TOTAL,TOTAL,2011,Germany,385,,,
DE276,OTH,T,TOTAL,TOTAL,TOTAL,TOTAL,2011,Germany,1396,,,
DE277,OTH,T,TOTAL,TOTAL,TOTAL,TOTAL,2011,Germany,435,,,
DE278,OTH,T,TOTAL,TOTAL,TOTAL,TOTAL,2011,Germany,453,,,
DE279,OTH,T,TOTAL,TOTAL,TOTAL,TOTAL,2011,Germany,1569,,,
DE27A,OTH,T,TOTAL,TOTAL,TOTAL,TOTAL,2011,Germany,329,,,
DE27B,OTH,T,TOTAL,TOTAL,TOTAL,TOTAL,2011,Germany,249,,,
DE27C,OTH,T,TOTAL,TOTAL,TOTAL,TOTAL,2011,Germany,385,,,
DE27D,OTH,T,TOTAL,TOTAL,TOTAL,TOTAL,2011,Germany,388,,,
DE27E,OTH,T,TOTAL,TOTAL,TOTAL,TOTAL,2011,Germany,307,,,
DE3,OTH,T,TOTAL,TOTAL,TOTAL,TOTAL,2011,Germany,16135,,,
DE30,OTH,T,TOTAL,TOTAL,TOTAL,TOTAL,2011,Germany,16135,,,
DE300,OTH,T,TOTAL,TOTAL,TOTAL,TOTAL,2011,Germany,16135,,,
DE4,OTH,T,TOTAL,TOTAL,TOTAL,TOTAL,2011,Germany,3451,,,
DE40,OTH,T,TOTAL,TOTAL,TOTAL,TOTAL,2011,Germany,3451,,,
DE401,OTH,T,TOTAL,TOTAL,TOTAL,TOTAL,2011,Germany,187,,,
DE402,OTH,T,TOTAL,TOTAL,TOTAL,TOTAL,2011,Germany,144,,,
DE403,OTH,T,TOTAL,TOTAL,TOTAL,TOTAL,2011,Germany,194,,,
DE404,OTH,T,TOTAL,TOTAL,TOTAL,TOTAL,2011,Germany,209,,,
DE405,OTH,T,TOTAL,TOTAL,TOTAL,TOTAL,2011,Germany,168,,,
DE406,OTH,T,TOTAL,TOTAL,TOTAL,TOTAL,2011,Germany,221,,,
DE407,OTH,T,TOTAL,TOTAL,TOTAL,TOTAL,2011,Germany,194,,,
DE408,OTH,T,TOTAL,TOTAL,TOTAL,TOTAL,2011,Germany,248,,,
DE409,OTH,T,TOTAL,TOTAL,TOTAL,TOTAL,2011,Germany,292,,,
DE40A,OTH,T,TOTAL,TOTAL,TOTAL,TOTAL,2011,Germany,266,,,
DE40B,OTH,T,TOTAL,TOTAL,TOTAL,TOTAL,2011,Germany,55,,,
DE40C,OTH,T,TOTAL,TOTAL,TOTAL,TOTAL,2011,Germany,239,,,
DE40D,OTH,T,TOTAL,TOTAL,TOTAL,TOTAL,2011,Germany,86,,,
DE40E,OTH,T,TOTAL,TOTAL,TOTAL,TOTAL,2011,Germany,307,,,
DE40F,OTH,T,TOTAL,TOTAL,TOTAL,TOTAL,2011,Germany,125,,,
DE40G,OTH,T,TOTAL,TOTAL,TOTAL,TOTAL,2011,Germany,128,,,
DE40H,OTH,T,TOTAL,TOTAL,TOTAL,TOTAL,2011,Germany,134,,,
DE40I,OTH,T,TOTAL,TOTAL,TOTAL,TOTAL,2011,Germany,254,,,
DE5,OTH,T,TOTAL,TOTAL,TOTAL,TOTAL,2011,Germany,16440,,,
DE50,OTH,T,TOTAL,TOTAL,TOTAL,TOTAL,2011,Germany,16440,,,
DE501,OTH,T,TOTAL,TOTAL,TOTAL,TOTAL,2011,Germany,12193,,,
DE502,OTH,T,TOTAL,TOTAL,TOTAL,TOTAL,2011,Germany,4247,,,
DE6,OTH,T,TOTAL,TOTAL,TOTAL,TOTAL,2011,Germany,5739,,,
DE60,OTH,T,TOTAL,TOTAL,TOTAL,TOTAL,2011,Germany,5739,,,
DE600,OTH,T,TOTAL,TOTAL,TOTAL,TOTAL,2011,Germany,5739,,,
DE7,OTH,T,TOTAL,TOTAL,TOTAL,TOTAL,2011,Germany,37995,,,
DE71,OTH,T,TOTAL,TOTAL,TOTAL,TOTAL,2011,Germany,24835,,,
DE711,OTH,T,TOTAL,TOTAL,TOTAL,TOTAL,2011,Germany,888,,,
DE712,OTH,T,TOTAL,TOTAL,TOTAL,TOTAL,2011,Germany,5486,,,
DE713,OTH,T,TOTAL,TOTAL,TOTAL,TOTAL,2011,Germany,1835,,,
DE714,OTH,T,TOTAL,TOTAL,TOTAL,TOTAL,2011,Germany,1811,,,
DE715,OTH,T,TOTAL,TOTAL,TOTAL,TOTAL,2011,Germany,1040,,,
DE716,OTH,T,TOTAL,TOTAL,TOTAL,TOTAL,2011,Germany,1564,,,
DE717,OTH,T,TOTAL,TOTAL,TOTAL,TOTAL,2011,Germany,1338,,,
DE718,OTH,T,TOTAL,TOTAL,TOTAL,TOTAL,2011,Germany,2212,,,
DE719,OTH,T,TOTAL,TOTAL,TOTAL,TOTAL,2011,Germany,2160,,,
DE71A,OTH,T,TOTAL,TOTAL,TOTAL,TOTAL,2011,Germany,768,,,
DE71B,OTH,T,TOTAL,TOTAL,TOTAL,TOTAL,2011,Germany,398,,,
DE71C,OTH,T,TOTAL,TOTAL,TOTAL,TOTAL,2011,Germany,2514,,,
DE71D,OTH,T,TOTAL,TOTAL,TOTAL,TOTAL,2011,Germany,775,,,
DE71E,OTH,T,TOTAL,TOTAL,TOTAL,TOTAL,2011,Germany,2046,,,
DE72,OTH,T,TOTAL,TOTAL,TOTAL,TOTAL,2011,Germany,5978,,,
DE721,OTH,T,TOTAL,TOTAL,TOTAL,TOTAL,2011,Germany,1531,,,
DE722,OTH,T,TOTAL,TOTAL,TOTAL,TOTAL,2011,Germany,1722,,,
DE723,OTH,T,TOTAL,TOTAL,TOTAL,TOTAL,2011,Germany,733,,,
DE724,OTH,T,TOTAL,TOTAL,TOTAL,TOTAL,2011,Germany,1299,,,
DE725,OTH,T,TOTAL,TOTAL,TOTAL,TOTAL,2011,Germany,693,,,
DE73,OTH,T,TOTAL,TOTAL,TOTAL,TOTAL,2011,Germany,7182,,,
DE731,OTH,T,TOTAL,TOTAL,TOTAL,TOTAL,2011,Germany,1536,,,
DE732,OTH,T,TOTAL,TOTAL,TOTAL,TOTAL,2011,Germany,526,,,
DE733,OTH,T,TOTAL,TOTAL,TOTAL,TOTAL,2011,Germany,1092,,,
DE734,OTH,T,TOTAL,TOTAL,TOTAL,TOTAL,2011,Germany,1186,,,
DE735,OTH,T,TOTAL,TOTAL,TOTAL,TOTAL,2011,Germany,1103,,,
DE736,OTH,T,TOTAL,TOTAL,TOTAL,TOTAL,2011,Germany,1001,,,
DE737,OTH,T,TOTAL,TOTAL,TOTAL,TOTAL,2011,Germany,738,,,
DE8,OTH,T,TOTAL,TOTAL,TOTAL,TOTAL,2011,Germany,4469,,,
DE80,OTH,T,TOTAL,TOTAL,TOTAL,TOTAL,2011,Germany,4469,,,
DE801,OTH,T,TOTAL,TOTAL,TOTAL,TOTAL,2011,Germany,188,,,
DE802,OTH,T,TOTAL,TOTAL,TOTAL,TOTAL,2011,Germany,64,,,
DE803,OTH,T,TOTAL,TOTAL,TOTAL,TOTAL,2011,Germany,995,,,
DE804,OTH,T,TOTAL,TOTAL,TOTAL,TOTAL,2011,Germany,478,,,
DE805,OTH,T,TOTAL,TOTAL,TOTAL,TOTAL,2011,Germany,46,,,
DE806,OTH,T,TOTAL,TOTAL,TOTAL,TOTAL,2011,Germany,157,,,
DE807,OTH,T,TOTAL,TOTAL,TOTAL,TOTAL,2011,Germany,368,,,
DE808,OTH,T,TOTAL,TOTAL,TOTAL,TOTAL,2011,Germany,142,,,
DE809,OTH,T,TOTAL,TOTAL,TOTAL,TOTAL,2011,Germany,458,,,
DE80A,OTH,T,TOTAL,TOTAL,TOTAL,TOTAL,2011,Germany,209,,,
DE80B,OTH,T,TOTAL,TOTAL,TOTAL,TOTAL,2011,Germany,89,,,
DE80C,OTH,T,TOTAL,TOTAL,TOTAL,TOTAL,2011,Germany,222,,,
DE80D,OTH,T,TOTAL,TOTAL,TOTAL,TOTAL,2011,Germany,234,,,
DE80E,OTH,T,TOTAL,TOTAL,TOTAL,TOTAL,2011,Germany,275,,,
DE80F,OTH,T,TOTAL,TOTAL,TOTAL,TOTAL,2011,Germany,126,,,
DE80G,OTH,T,TOTAL,TOTAL,TOTAL,TOTAL,2011,Germany,279,,,
DE80H,OTH,T,TOTAL,TOTAL,TOTAL,TOTAL,2011,Germany,52,,,
DE80I,OTH,T,TOTAL,TOTAL,TOTAL,TOTAL,2011,Germany,87,,,
DE9,OTH,T,TOTAL,TOTAL,TOTAL,TOTAL,2011,Germany,50742,,,
DE91,OTH,T,TOTAL,TOTAL,TOTAL,TOTAL,2011,Germany,9159,,,
DE911,OTH,T,TOTAL,TOTAL,TOTAL,TOTAL,2011,Germany,769,,,
DE912,OTH,T,TOTAL,TOTAL,TOTAL,TOTAL,2011,Germany,565,,,
DE913,OTH,T,TOTAL,TOTAL,TOTAL,TOTAL,2011,Germany,363,,,
DE914,OTH,T,TOTAL,TOTAL,TOTAL,TOTAL,2011,Germany,3091,,,
DE915,OTH,T,TOTAL,TOTAL,TOTAL,TOTAL,2011,Germany,1181,,,
DE916,OTH,T,TOTAL,TOTAL,TOTAL,TOTAL,2011,Germany,436,,,
DE917,OTH,T,TOTAL,TOTAL,TOTAL,TOTAL,2011,Germany,163,,,
DE918,OTH,T,TOTAL,TOTAL,TOTAL,TOTAL,2011,Germany,1546,,,
DE919,OTH,T,TOTAL,TOTAL,TOTAL,TOTAL,2011,Germany,232,,,
DE91A,OTH,T,TOTAL,TOTAL,TOTAL,TOTAL,2011,Germany,634,,,
DE91B,OTH,T,TOTAL,TOTAL,TOTAL,TOTAL,2011,Germany,179,,,
DE92,OTH,T,TOTAL,TOTAL,TOTAL,TOTAL,2011,Germany,13873,,,
DE922,OTH,T,TOTAL,TOTAL,TOTAL,TOTAL,2011,Germany,902,,,
DE923,OTH,T,TOTAL,TOTAL,TOTAL,TOTAL,2011,Germany,2128,,,
DE925,OTH,T,TOTAL,TOTAL,TOTAL,TOTAL,2011,Germany,1386,,,
DE926,OTH,T,TOTAL,TOTAL,TOTAL,TOTAL,2011,Germany,500,,,
DE927,OTH,T,TOTAL,TOTAL,TOTAL,TOTAL,2011,Germany,827,,,
DE928,OTH,T,TOTAL,TOTAL,TOTAL,TOTAL,2011,Germany,803,,,
DE929,OTH,T,TOTAL,TOTAL,TOTAL,TOTAL,2011,Germany,7327,,,
DE93,OTH,T,TOTAL,TOTAL,TOTAL,TOTAL,2011,Germany,8772,,,
DE931,OTH,T,TOTAL,TOTAL,TOTAL,TOTAL,2011,Germany,985,,,
DE932,OTH,T,TOTAL,TOTAL,TOTAL,TOTAL,2011,Germany,762,,,
DE933,OTH,T,TOTAL,TOTAL,TOTAL,TOTAL,2011,Germany,777,,,
DE934,OTH,T,TOTAL,TOTAL,TOTAL,TOTAL,2011,Germany,106,,,
DE935,OTH,T,TOTAL,TOTAL,TOTAL,TOTAL,2011,Germany,2972,,,
DE936,OTH,T,TOTAL,TOTAL,TOTAL,TOTAL,2011,Germany,196,,,
DE937,OTH,T,TOTAL,TOTAL,TOTAL,TOTAL,2011,Germany,281,,,
DE938,OTH,T,TOTAL,TOTAL,TOTAL,TOTAL,2011,Germany,772,,,
DE939,OTH,T,TOTAL,TOTAL,TOTAL,TOTAL,2011,Germany,529,,,
DE93A,OTH,T,TOTAL,TOTAL,TOTAL,TOTAL,2011,Germany,546,,,
DE93B,OTH,T,TOTAL,TOTAL,TOTAL,TOTAL,2011,Germany,846,,,
DE94,OTH,T,TOTAL,TOTAL,TOTAL,TOTAL,2011,Germany,18938,,,
DE941,OTH,T,TOTAL,TOTAL,TOTAL,TOTAL,2011,Germany,407,,,
DE942,OTH,T,TOTAL,TOTAL,TOTAL,TOTAL,2011,Germany,789,,,
DE943,OTH,T,TOTAL,TOTAL,TOTAL,TOTAL,2011,Germany,2804,,,
DE944,OTH,T,TOTAL,TOTAL,TOTAL,TOTAL,2011,Germany,1063,,,
DE945,OTH,T,TOTAL,TOTAL,TOTAL,TOTAL,2011,Germany,181,,,
DE946,OTH,T,TOTAL,TOTAL,TOTAL,TOTAL,2011,Germany,239,,,
DE947,OTH,T,TOTAL,TOTAL,TOTAL,TOTAL,2011,Germany,505,,,
DE948,OTH,T,TOTAL,TOTAL,TOTAL,TOTAL,2011,Germany,1893,,,
DE949,OTH,T,TOTAL,TOTAL,TOTAL,TOTAL,2011,Germany,2863,,,
DE94A,OTH,T,TOTAL,TOTAL,TOTAL,TOTAL,2011,Germany,275,,,
DE94B,OTH,T,TOTAL,TOTAL,TOTAL,TOTAL,2011,Germany,599,,,
DE94C,OTH,T,TOTAL,TOTAL,TOTAL,TOTAL,2011,Germany,518,,,
DE94D,OTH,T,TOTAL,TOTAL,TOTAL,TOTAL,2011,Germany,298,,,
DE94E,OTH,T,TOTAL,TOTAL,TOTAL,TOTAL,2011,Germany,5065,,,
DE94F,OTH,T,TOTAL,TOTAL,TOTAL,TOTAL,2011,Germany,1095,,,
DE94G,OTH,T,TOTAL,TOTAL,TOTAL,TOTAL,2011,Germany,234,,,
DE94H,OTH,T,TOTAL,TOTAL,TOTAL,TOTAL,2011,Germany,110,,,
DEA,OTH,T,TOTAL,TOTAL,TOTAL,TOTAL,2011,Germany,88510,,,
DEA1,OTH,T,TOTAL,TOTAL,TOTAL,TOTAL,2011,Germany,19249,,,
DEA11,OTH,T,TOTAL,TOTAL,TOTAL,TOTAL,2011,Germany,3141,,,
DEA12,OTH,T,TOTAL,TOTAL,TOTAL,TOTAL,2011,Germany,1555,,,
DEA13,OTH,T,TOTAL,TOTAL,TOTAL,TOTAL,2011,Germany,1008,,,
DEA14,OTH,T,TOTAL,TOTAL,TOTAL,TOTAL,2011,Germany,618,,,
DEA15,OTH,T,TOTAL,TOTAL,TOTAL,TOTAL,2011,Germany,536,,,
DEA16,OTH,T,TOTAL,TOTAL,TOTAL,TOTAL,2011,Germany,842,,,
DEA17,OTH,T,TOTAL,TOTAL,TOTAL,TOTAL,2011,Germany,673,,,
DEA18,OTH,T,TOTAL,TOTAL,TOTAL,TOTAL,2011,Germany,971,,,
DEA19,OTH,T,TOTAL,TOTAL,TOTAL,TOTAL,2011,Germany,589,,,
DEA1A,OTH,T,TOTAL,TOTAL,TOTAL,TOTAL,2011,Germany,2730,,,
DEA1B,OTH,T,TOTAL,TOTAL,TOTAL,TOTAL,2011,Germany,574,,,
DEA1C,OTH,T,TOTAL,TOTAL,TOTAL,TOTAL,2011,Germany,2772,,,
DEA1D,OTH,T,TOTAL,TOTAL,TOTAL,TOTAL,2011,Germany,1255,,,
DEA1E,OTH,T,TOTAL,TOTAL,TOTAL,TOTAL,2011,Germany,535,,,
DEA1F,OTH,T,TOTAL,TOTAL,TOTAL,TOTAL,2011,Germany,1450,,,
DEA2,OTH,T,TOTAL,TOTAL,TOTAL,TOTAL,2011,Germany,21882,,,
DEA22,OTH,T,TOTAL,TOTAL,TOTAL,TOTAL,2011,Germany,1015,,,
DEA23,OTH,T,TOTAL,TOTAL,TOTAL,TOTAL,2011,Germany,5315,,,
DEA24,OTH,T,TOTAL,TOTAL,TOTAL,TOTAL,2011,Germany,609,,,
DEA26,OTH,T,TOTAL,TOTAL,TOTAL,TOTAL,2011,Germany,1495,,,
DEA27,OTH,T,TOTAL,TOTAL,TOTAL,TOTAL,2011,Germany,1171,,,
DEA28,OTH,T,TOTAL,TOTAL,TOTAL,TOTAL,2011,Germany,497,,,
DEA29,OTH,T,TOTAL,TOTAL,TOTAL,TOTAL,2011,Germany,1716,,,
DEA2A,OTH,T,TOTAL,TOTAL,TOTAL,TOTAL,2011,Germany,3450,,,
DEA2B,OTH,T,TOTAL,TOTAL,TOTAL,TOTAL,2011,Germany,697,,,
DEA2C,OTH,T,TOTAL,TOTAL,TOTAL,TOTAL,2011,Germany,2978,,,
DEA2D,OTH,T,TOTAL,TOTAL,TOTAL,TOTAL,2011,Germany,2939,,,
DEA3,OTH,T,TOTAL,TOTAL,TOTAL,TOTAL,2011,Germany,10805,,,
DEA31,OTH,T,TOTAL,TOTAL,TOTAL,TOTAL,2011,Germany,297,,,
DEA32,OTH,T,TOTAL,TOTAL,TOTAL,TOTAL,2011,Germany,663,,,
DEA33,OTH,T,TOTAL,TOTAL,TOTAL,TOTAL,2011,Germany,727,,,
DEA34,OTH,T,TOTAL,TOTAL,TOTAL,TOTAL,2011,Germany,1420,,,
DEA35,OTH,T,TOTAL,TOTAL,TOTAL,TOTAL,2011,Germany,1664,,,
DEA36,OTH,T,TOTAL,TOTAL,TOTAL,TOTAL,2011,Germany,1489,,,
DEA37,OTH,T,TOTAL,TOTAL,TOTAL,TOTAL,2011,Germany,3127,,,
DEA38,OTH,T,TOTAL,TOTAL,TOTAL,TOTAL,2011,Germany,1418,,,
DEA4,OTH,T,TOTAL,TOTAL,TOTAL,TOTAL,2011,Germany,17147,,,
DEA41,OTH,T,TOTAL,TOTAL,TOTAL,TOTAL,2011,Germany,5538,,,
DEA42,OTH,T,TOTAL,TOTAL,TOTAL,TOTAL,2011,Germany,2910,,,
DEA43,OTH,T,TOTAL,TOTAL,TOTAL,TOTAL,2011,Germany,712,,,
DEA44,OTH,T,TOTAL,TOTAL,TOTAL,TOTAL,2011,Germany,1539,,,
DEA45,OTH,T,TOTAL,TOTAL,TOTAL,TOTAL,2011,Germany,2950,,,
DEA46,OTH,T,TOTAL,TOTAL,TOTAL,TOTAL,2011,Germany,1298,,,
DEA47,OTH,T,TOTAL,TOTAL,TOTAL,TOTAL,2011,Germany,2200,,,
DEA5,OTH,T,TOTAL,TOTAL,TOTAL,TOTAL,2011,Germany,19427,,,
DEA51,OTH,T,TOTAL,TOTAL,TOTAL,TOTAL,2011,Germany,980,,,
DEA52,OTH,T,TOTAL,TOTAL,TOTAL,TOTAL,2011,Germany,2213,,,
DEA53,OTH,T,TOTAL,TOTAL,TOTAL,TOTAL,2011,Germany,3085,,,
DEA54,OTH,T,TOTAL,TOTAL,TOTAL,TOTAL,2011,Germany,2154,,,
DEA55,OTH,T,TOTAL,TOTAL,TOTAL,TOTAL,2011,Germany,93,,,
DEA56,OTH,T,TOTAL,TOTAL,TOTAL,TOTAL,2011,Germany,1941,,,
DEA57,OTH,T,TOTAL,TOTAL,TOTAL,TOTAL,2011,Germany,1428,,,
DEA58,OTH,T,TOTAL,TOTAL,TOTAL,TOTAL,2011,Germany,2017,,,
DEA59,OTH,T,TOTAL,TOTAL,TOTAL,TOTAL,2011,Germany,635,,,
DEA5A,OTH,T,TOTAL,TOTAL,TOTAL,TOTAL,2011,Germany,1492,,,
DEA5B,OTH,T,TOTAL,TOTAL,TOTAL,TOTAL,2011,Germany,1505,,,
DEA5C,OTH,T,TOTAL,TOTAL,TOTAL,TOTAL,2011,Germany,1884,,,
DEB,OTH,T,TOTAL,TOTAL,TOTAL,TOTAL,2011,Germany,29253,,,
DEB1,OTH,T,TOTAL,TOTAL,TOTAL,TOTAL,2011,Germany,11366,,,
DEB11,OTH,T,TOTAL,TOTAL,TOTAL,TOTAL,2011,Germany,498,,,
DEB12,OTH,T,TOTAL,TOTAL,TOTAL,TOTAL,2011,Germany,619,,,
DEB13,OTH,T,TOTAL,TOTAL,TOTAL,TOTAL,2011,Germany,1271,,,
DEB14,OTH,T,TOTAL,TOTAL,TOTAL,TOTAL,2011,Germany,993,,,
DEB15,OTH,T,TOTAL,TOTAL,TOTAL,TOTAL,2011,Germany,614,,,
DEB16,OTH,T,TOTAL,TOTAL,TOTAL,TOTAL,2011,Germany,514,,,
DEB17,OTH,T,TOTAL,TOTAL,TOTAL,TOTAL,2011,Germany,2269,,,
DEB18,OTH,T,TOTAL,TOTAL,TOTAL,TOTAL,2011,Germany,1316,,,
DEB19,OTH,T,TOTAL,TOTAL,TOTAL,TOTAL,2011,Germany,1382,,,
DEB1A,OTH,T,TOTAL,TOTAL,TOTAL,TOTAL,2011,Germany,700,,,
DEB1B,OTH,T,TOTAL,TOTAL,TOTAL,TOTAL,2011,Germany,1190,,,
DEB2,OTH,T,TOTAL,TOTAL,TOTAL,TOTAL,2011,Germany,2385,,,
DEB21,OTH,T,TOTAL,TOTAL,TOTAL,TOTAL,2011,Germany,869,,,
DEB22,OTH,T,TOTAL,TOTAL,TOTAL,TOTAL,2011,Germany,550,,,
DEB23,OTH,T,TOTAL,TOTAL,TOTAL,TOTAL,2011,Germany,202,,,
DEB24,OTH,T,TOTAL,TOTAL,TOTAL,TOTAL,2011,Germany,338,,,
DEB25,OTH,T,TOTAL,TOTAL,TOTAL,TOTAL,2011,Germany,426,,,
DEB3,OTH,T,TOTAL,TOTAL,TOTAL,TOTAL,2011,Germany,15502,,,
DEB31,OTH,T,TOTAL,TOTAL,TOTAL,TOTAL,2011,Germany,1048,,,
DEB32,OTH,T,TOTAL,TOTAL,TOTAL,TOTAL,2011,Germany,915,,,
DEB33,OTH,T,TOTAL,TOTAL,TOTAL,TOTAL,2011,Germany,225,,,
DEB34,OTH,T,TOTAL,TOTAL,TOTAL,TOTAL,2011,Germany,1056,,,
DEB35,OTH,T,TOTAL,TOTAL,TOTAL,TOTAL,2011,Germany,1319,,,
DEB36,OTH,T,TOTAL,TOTAL,TOTAL,TOTAL,2011,Germany,837,,,
DEB37,OTH,T,TOTAL,TOTAL,TOTAL,TOTAL,2011,Germany,206,,,
DEB38,OTH,T,TOTAL,TOTAL,TOTAL,TOTAL,2011,Germany,988,,,
DEB39,OTH,T,TOTAL,TOTAL,TOTAL,TOTAL,2011,Germany,700,,,
DEB3A,OTH,T,TOTAL,TOTAL,TOTAL,TOTAL,2011,Germany,231,,,
DEB3B,OTH,T,TOTAL,TOTAL,TOTAL,TOTAL,2011,Germany,785,,,
DEB3C,OTH,T,TOTAL,TOTAL,TOTAL,TOTAL,2011,Germany,794,,,
DEB3D,OTH,T,TOTAL,TOTAL,TOTAL,TOTAL,2011,Germany,764,,,
DEB3E,OTH,T,TOTAL,TOTAL,TOTAL,TOTAL,2011,Germany,1359,,,
DEB3F,OTH,T,TOTAL,TOTAL,TOTAL,TOTAL,2011,Germany,973,,,
DEB3G,OTH,T,TOTAL,TOTAL,TOTAL,TOTAL,2011,Germany,449,,,
DEB3H,OTH,T,TOTAL,TOTAL,TOTAL,TOTAL,2011,Germany,488,,,
DEB3I,OTH,T,TOTAL,TOTAL,TOTAL,TOTAL,2011,Germany,1175,,,
DEB3J,OTH,T,TOTAL,TOTAL,TOTAL,TOTAL,2011,Germany,819,,,
DEB3K,OTH,T,TOTAL,TOTAL,TOTAL,TOTAL,2011,Germany,371,,,
DEC,OTH,T,TOTAL,TOTAL,TOTAL,TOTAL,2011,Germany,3064,,,
DEC0,OTH,T,TOTAL,TOTAL,TOTAL,TOTAL,2011,Germany,3064,,,
DEC01,OTH,T,TOTAL,TOTAL,TOTAL,TOTAL,2011,Germany,770,,,
DEC02,OTH,T,TOTAL,TOTAL,TOTAL,TOTAL,2011,Germany,333,,,
DEC03,OTH,T,TOTAL,TOTAL,TOTAL,TOTAL,2011,Germany,616,,,
DEC04,OTH,T,TOTAL,TOTAL,TOTAL,TOTAL,2011,Germany,679,,,
DEC05,OTH,T,TOTAL,TOTAL,TOTAL,TOTAL,2011,Germany,427,,,
DEC06,OTH,T,TOTAL,TOTAL,TOTAL,TOTAL,2011,Germany,239,,,
DED,OTH,T,TOTAL,TOTAL,TOTAL,TOTAL,2011,Germany,8907,,,
DED2,OTH,T,TOTAL,TOTAL,TOTAL,TOTAL,2011,Germany,5643,,,
DED21,OTH,T,TOTAL,TOTAL,TOTAL,TOTAL,2011,Germany,3475,,,
DED2C,OTH,T,TOTAL,TOTAL,TOTAL,TOTAL,2011,Germany,597,,,
DED2D,OTH,T,TOTAL,TOTAL,TOTAL,TOTAL,2011,Germany,611,,,
DED2E,OTH,T,TOTAL,TOTAL,TOTAL,TOTAL,2011,Germany,579,,,
DED2F,OTH,T,TOTAL,TOTAL,TOTAL,TOTAL,2011,Germany,381,,,
DED4,OTH,T,TOTAL,TOTAL,TOTAL,TOTAL,2011,Germany,2030,,,
DED41,OTH,T,TOTAL,TOTAL,TOTAL,TOTAL,2011,Germany,213,,,
DED42,OTH,T,TOTAL,TOTAL,TOTAL,TOTAL,2011,Germany,360,,,
DED43,OTH,T,TOTAL,TOTAL,TOTAL,TOTAL,2011,Germany,684,,,
DED44,OTH,T,TOTAL,TOTAL,TOTAL,TOTAL,2011,Germany,248,,,
DED45,OTH,T,TOTAL,TOTAL,TOTAL,TOTAL,2011,Germany,525,,,
DED5,OTH,T,TOTAL,TOTAL,TOTAL,TOTAL,2011,Germany,1234,,,
DED51,OTH,T,TOTAL,TOTAL,TOTAL,TOTAL,2011,Germany,437,,,
DED52,OTH,T,TOTAL,TOTAL,TOTAL,TOTAL,2011,Germany,342,,,
DED53,OTH,T,TOTAL,TOTAL,TOTAL,TOTAL,2011,Germany,455,,,
DEE,OTH,T,TOTAL,TOTAL,TOTAL,TOTAL,2011,Germany,4726,,,
DEE0,OTH,T,TOTAL,TOTAL,TOTAL,TOTAL,2011,Germany,4726,,,
DEE01,OTH,T,TOTAL,TOTAL,TOTAL,TOTAL,2011,Germany,181,,,
DEE02,OTH,T,TOTAL,TOTAL,TOTAL,TOTAL,2011,Germany,1059,,,
DEE03,OTH,T,TOTAL,TOTAL,TOTAL,TOTAL,2011,Germany,246,,,
DEE04,OTH,T,TOTAL,TOTAL,TOTAL,TOTAL,2011,Germany,233,,,
DEE05,OTH,T,TOTAL,TOTAL,TOTAL,TOTAL,2011,Germany,310,,,
DEE06,OTH,T,TOTAL,TOTAL,TOTAL,TOTAL,2011,Germany,245,,,
DEE07,OTH,T,TOTAL,TOTAL,TOTAL,TOTAL,2011,Germany,170,,,
DEE08,OTH,T,TOTAL,TOTAL,TOTAL,TOTAL,2011,Germany,301,,,
DEE09,OTH,T,TOTAL,TOTAL,TOTAL,TOTAL,2011,Germany,384,,,
DEE0A,OTH,T,TOTAL,TOTAL,TOTAL,TOTAL,2011,Germany,479,,,
DEE0B,OTH,T,TOTAL,TOTAL,TOTAL,TOTAL,2011,Germany,471,,,
DEE0C,OTH,T,TOTAL,TOTAL,TOTAL,TOTAL,2011,Germany,256,,,
DEE0D,OTH,T,TOTAL,TOTAL,TOTAL,TOTAL,2011,Germany,253,,,
DEE0E,OTH,T,TOTAL,TOTAL,TOTAL,TOTAL,2011,Germany,138,,,
DEF,OTH,T,TOTAL,TOTAL,TOTAL,TOTAL,2011,Germany,8446,,,
DEF0,OTH,T,TOTAL,TOTAL,TOTAL,TOTAL,2011,Germany,8446,,,
DEF01,OTH,T,TOTAL,TOTAL,TOTAL,TOTAL,2011,Germany,336,,,
DEF02,OTH,T,TOTAL,TOTAL,TOTAL,TOTAL,2011,Germany,2230,,,
DEF03,OTH,T,TOTAL,TOTAL,TOTAL,TOTAL,2011,Germany,261,,,
DEF04,OTH,T,TOTAL,TOTAL,TOTAL,TOTAL,2011,Germany,284,,,
DEF05,OTH,T,TOTAL,TOTAL,TOTAL,TOTAL,2011,Germany,139,,,
DEF06,OTH,T,TOTAL,TOTAL,TOTAL,TOTAL,2011,Germany,414,,,
DEF07,OTH,T,TOTAL,TOTAL,TOTAL,TOTAL,2011,Germany,211,,,
DEF08,OTH,T,TOTAL,TOTAL,TOTAL,TOTAL,2011,Germany,280,,,
DEF09,OTH,T,TOTAL,TOTAL,TOTAL,TOTAL,2011,Germany,2278,,,
DEF0A,OTH,T,TOTAL,TOTAL,TOTAL,TOTAL,2011,Germany,162,,,
DEF0B,OTH,T,TOTAL,TOTAL,TOTAL,TOTAL,2011,Germany,318,,,
DEF0C,OTH,T,TOTAL,TOTAL,TOTAL,TOTAL,2011,Germany,153,,,
DEF0D,OTH,T,TOTAL,TOTAL,TOTAL,TOTAL,2011,Germany,615,,,
DEF0E,OTH,T,TOTAL,TOTAL,TOTAL,TOTAL,2011,Germany,208,,,
DEF0F,OTH,T,TOTAL,TOTAL,TOTAL,TOTAL,2011,Germany,557,,,
DEG,OTH,T,TOTAL,TOTAL,TOTAL,TOTAL,2011,Germany,4628,,,
DEG0,OTH,T,TOTAL,TOTAL,TOTAL,TOTAL,2011,Germany,4628,,,
DEG01,OTH,T,TOTAL,TOTAL,TOTAL,TOTAL,2011,Germany,1046,,,
DEG02,OTH,T,TOTAL,TOTAL,TOTAL,TOTAL,2011,Germany,310,,,
DEG03,OTH,T,TOTAL,TOTAL,TOTAL,TOTAL,2011,Germany,491,,,
DEG04,OTH,T,TOTAL,TOTAL,TOTAL,TOTAL,2011,Germany,97,,,
DEG05,OTH,T,TOTAL,TOTAL,TOTAL,TOTAL,2011,Germany,81,,,
DEG06,OTH,T,TOTAL,TOTAL,TOTAL,TOTAL,2011,Germany,148,,,
DEG07,OTH,T,TOTAL,TOTAL,TOTAL,TOTAL,2011,Germany,185,,,
DEG09,OTH,T,TOTAL,TOTAL,TOTAL,TOTAL,2011,Germany,94,,,
DEG0A,OTH,T,TOTAL,TOTAL,TOTAL,TOTAL,2011,Germany,106,,,
DEG0B,OTH,T,TOTAL,TOTAL,TOTAL,TOTAL,2011,Germany,240,,,
DEG0C,OTH,T,TOTAL,TOTAL,TOTAL,TOTAL,2011,Germany,354,,,
DEG0D,OTH,T,TOTAL,TOTAL,TOTAL,TOTAL,2011,Germany,50,,,
DEG0E,OTH,T,TOTAL,TOTAL,TOTAL,TOTAL,2011,Germany,100,,,
DEG0F,OTH,T,TOTAL,TOTAL,TOTAL,TOTAL,2011,Germany,173,,,
DEG0G,OTH,T,TOTAL,TOTAL,TOTAL,TOTAL,2011,Germany,84,,,
DEG0H,OTH,T,TOTAL,TOTAL,TOTAL,TOTAL,2011,Germany,136,,,
DEG0I,OTH,T,TOTAL,TOTAL,TOTAL,TOTAL,2011,Germany,249,,,
DEG0J,OTH,T,TOTAL,TOTAL,TOTAL,TOTAL,2011,Germany,71,,,
DEG0K,OTH,T,TOTAL,TOTAL,TOTAL,TOTAL,2011,Germany,68,,,
DEG0L,OTH,T,TOTAL,TOTAL,TOTAL,TOTAL,2011,Germany,238,,,
DEG0M,OTH,T,TOTAL,TOTAL,TOTAL,TOTAL,2011,Germany,104,,,
DEG0N,OTH,T,TOTAL,TOTAL,TOTAL,TOTAL,2011,Germany,104,,,
DEG0P,OTH,T,TOTAL,TOTAL,TOTAL,TOTAL,2011,Germany,99,,,
DEZ,OTH,T,TOTAL,TOTAL,TOTAL,TOTAL,2011,Germany,0,,,
DEZZ,OTH,T,TOTAL,TOTAL,TOTAL,TOTAL,2011,Germany,0,,,
DEZZZ,OTH,T,TOTAL,TOTAL,TOTAL,TOTAL,2011,Germany,0,,,
DE,UNK,T,TOTAL,TOTAL,TOTAL,TOTAL,2011,Germany,1179880,,,
DE1,UNK,T,TOTAL,TOTAL,TOTAL,TOTAL,2011,Germany,170069,,,
DE11,UNK,T,TOTAL,TOTAL,TOTAL,TOTAL,2011,Germany,64660,,,
DE111,UNK,T,TOTAL,TOTAL,TOTAL,TOTAL,2011,Germany,5544,,,
DE112,UNK,T,TOTAL,TOTAL,TOTAL,TOTAL,2011,Germany,6708,,,
DE113,UNK,T,TOTAL,TOTAL,TOTAL,TOTAL,2011,Germany,8844,,,
DE114,UNK,T,TOTAL,TOTAL,TOTAL,TOTAL,2011,Germany,4929,,,
DE115,UNK,T,TOTAL,TOTAL,TOTAL,TOTAL,2011,Germany,9114,,,
DE116,UNK,T,TOTAL,TOTAL,TOTAL,TOTAL,2011,Germany,7150,,,
DE117,UNK,T,TOTAL,TOTAL,TOTAL,TOTAL,2011,Germany,1395,,,
DE118,UNK,T,TOTAL,TOTAL,TOTAL,TOTAL,2011,Germany,5431,,,
DE119,UNK,T,TOTAL,TOTAL,TOTAL,TOTAL,2011,Germany,2612,,,
DE11A,UNK,T,TOTAL,TOTAL,TOTAL,TOTAL,2011,Germany,3596,,,
DE11B,UNK,T,TOTAL,TOTAL,TOTAL,TOTAL,2011,Germany,2647,,,
DE11C,UNK,T,TOTAL,TOTAL,TOTAL,TOTAL,2011,Germany,1930,,,
DE11D,UNK,T,TOTAL,TOTAL,TOTAL,TOTAL,2011,Germany,4760,,,
DE12,UNK,T,TOTAL,TOTAL,TOTAL,TOTAL,2011,Germany,46851,,,
DE121,UNK,T,TOTAL,TOTAL,TOTAL,TOTAL,2011,Germany,670,,,
DE122,UNK,T,TOTAL,TOTAL,TOTAL,TOTAL,2011,Germany,2860,,,
DE123,UNK,T,TOTAL,TOTAL,TOTAL,TOTAL,2011,Germany,8737,,,
DE124,UNK,T,TOTAL,TOTAL,TOTAL,TOTAL,2011,Germany,3680,,,
DE125,UNK,T,TOTAL,TOTAL,TOTAL,TOTAL,2011,Germany,2204,,,
DE126,UNK,T,TOTAL,TOTAL,TOTAL,TOTAL,2011,Germany,4826,,,
DE127,UNK,T,TOTAL,TOTAL,TOTAL,TOTAL,2011,Germany,1926,,,
DE128,UNK,T,TOTAL,TOTAL,TOTAL,TOTAL,2011,Germany,9509,,,
DE129,UNK,T,TOTAL,TOTAL,TOTAL,TOTAL,2011,Germany,3366,,,
DE12A,UNK,T,TOTAL,TOTAL,TOTAL,TOTAL,2011,Germany,2425,,,
DE12B,UNK,T,TOTAL,TOTAL,TOTAL,TOTAL,2011,Germany,4106,,,
DE12C,UNK,T,TOTAL,TOTAL,TOTAL,TOTAL,2011,Germany,2542,,,
DE13,UNK,T,TOTAL,TOTAL,TOTAL,TOTAL,2011,Germany,32021,,,
DE131,UNK,T,TOTAL,TOTAL,TOTAL,TOTAL,2011,Germany,1533,,,
DE132,UNK,T,TOTAL,TOTAL,TOTAL,TOTAL,2011,Germany,3310,,,
DE133,UNK,T,TOTAL,TOTAL,TOTAL,TOTAL,2011,Germany,1820,,,
DE134,UNK,T,TOTAL,TOTAL,TOTAL,TOTAL,2011,Germany,6117,,,
DE135,UNK,T,TOTAL,TOTAL,TOTAL,TOTAL,2011,Germany,2051,,,
DE136,UNK,T,TOTAL,TOTAL,TOTAL,TOTAL,2011,Germany,5188,,,
DE137,UNK,T,TOTAL,TOTAL,TOTAL,TOTAL,2011,Germany,2914,,,
DE138,UNK,T,TOTAL,TOTAL,TOTAL,TOTAL,2011,Germany,3170,,,
DE139,UNK,T,TOTAL,TOTAL,TOTAL,TOTAL,2011,Germany,2852,,,
DE13A,UNK,T,TOTAL,TOTAL,TOTAL,TOTAL,2011,Germany,3066,,,
DE14,UNK,T,TOTAL,TOTAL,TOTAL,TOTAL,2011,Germany,26537,,,
DE141,UNK,T,TOTAL,TOTAL,TOTAL,TOTAL,2011,Germany,2997,,,
DE142,UNK,T,TOTAL,TOTAL,TOTAL,TOTAL,2011,Germany,2297,,,
DE143,UNK,T,TOTAL,TOTAL,TOTAL,TOTAL,2011,Germany,3371,,,
DE144,UNK,T,TOTAL,TOTAL,TOTAL,TOTAL,2011,Germany,1624,,,
DE145,UNK,T,TOTAL,TOTAL,TOTAL,TOTAL,2011,Germany,3022,,,
DE146,UNK,T,TOTAL,TOTAL,TOTAL,TOTAL,2011,Germany,3842,,,
DE147,UNK,T,TOTAL,TOTAL,TOTAL,TOTAL,2011,Germany,2895,,,
DE148,UNK,T,TOTAL,TOTAL,TOTAL,TOTAL,2011,Germany,4144,,,
DE149,UNK,T,TOTAL,TOTAL,TOTAL,TOTAL,2011,Germany,2345,,,
DE2,UNK,T,TOTAL,TOTAL,TOTAL,TOTAL,2011,Germany,130040,,,
DE21,UNK,T,TOTAL,TOTAL,TOTAL,TOTAL,2011,Germany,52480,,,
DE211,UNK,T,TOTAL,TOTAL,TOTAL,TOTAL,2011,Germany,1534,,,
DE212,UNK,T,TOTAL,TOTAL,TOTAL,TOTAL,2011,Germany,17802,,,
DE213,UNK,T,TOTAL,TOTAL,TOTAL,TOTAL,2011,Germany,1027,,,
DE214,UNK,T,TOTAL,TOTAL,TOTAL,TOTAL,2011,Germany,1135,,,
DE215,UNK,T,TOTAL,TOTAL,TOTAL,TOTAL,2011,Germany,851,,,
DE216,UNK,T,TOTAL,TOTAL,TOTAL,TOTAL,2011,Germany,1519,,,
DE217,UNK,T,TOTAL,TOTAL,TOTAL,TOTAL,2011,Germany,2227,,,
DE218,UNK,T,TOTAL,TOTAL,TOTAL,TOTAL,2011,Germany,1834,,,
DE219,UNK,T,TOTAL,TOTAL,TOTAL,TOTAL,2011,Germany,1290,,,
DE21A,UNK,T,TOTAL,TOTAL,TOTAL,TOTAL,2011,Germany,1130,,,
DE21B,UNK,T,TOTAL,TOTAL,TOTAL,TOTAL,2011,Germany,1672,,,
DE21C,UNK,T,TOTAL,TOTAL,TOTAL,TOTAL,2011,Germany,2202,,,
DE21D,UNK,T,TOTAL,TOTAL,TOTAL,TOTAL,2011,Germany,952,,,
DE21E,UNK,T,TOTAL,TOTAL,TOTAL,TOTAL,2011,Germany,1332,,,
DE21F,UNK,T,TOTAL,TOTAL,TOTAL,TOTAL,2011,Germany,1167,,,
DE21G,UNK,T,TOTAL,TOTAL,TOTAL,TOTAL,2011,Germany,1490,,,
DE21H,UNK,T,TOTAL,TOTAL,TOTAL,TOTAL,2011,Germany,3499,,,
DE21I,UNK,T,TOTAL,TOTAL,TOTAL,TOTAL,2011,Germany,1111,,,
DE21J,UNK,T,TOTAL,TOTAL,TOTAL,TOTAL,2011,Germany,1472,,,
DE21K,UNK,T,TOTAL,TOTAL,TOTAL,TOTAL,2011,Germany,2812,,,
DE21L,UNK,T,TOTAL,TOTAL,TOTAL,TOTAL,2011,Germany,1434,,,
DE21M,UNK,T,TOTAL,TOTAL,TOTAL,TOTAL,2011,Germany,1475,,,
DE21N,UNK,T,TOTAL,TOTAL,TOTAL,TOTAL,2011,Germany,1513,,,
DE22,UNK,T,TOTAL,TOTAL,TOTAL,TOTAL,2011,Germany,13463,,,
DE221,UNK,T,TOTAL,TOTAL,TOTAL,TOTAL,2011,Germany,409,,,
DE222,UNK,T,TOTAL,TOTAL,TOTAL,TOTAL,2011,Germany,572,,,
DE223,UNK,T,TOTAL,TOTAL,TOTAL,TOTAL,2011,Germany,326,,,
DE224,UNK,T,TOTAL,TOTAL,TOTAL,TOTAL,2011,Germany,1043,,,
DE225,UNK,T,TOTAL,TOTAL,TOTAL,TOTAL,2011,Germany,731,,,
DE226,UNK,T,TOTAL,TOTAL,TOTAL,TOTAL,2011,Germany,1006,,,
DE227,UNK,T,TOTAL,TOTAL,TOTAL,TOTAL,2011,Germany,1867,,,
DE228,UNK,T,TOTAL,TOTAL,TOTAL,TOTAL,2011,Germany,2087,,,
DE229,UNK,T,TOTAL,TOTAL,TOTAL,TOTAL,2011,Germany,655,,,
DE22A,UNK,T,TOTAL,TOTAL,TOTAL,TOTAL,2011,Germany,2456,,,
DE22B,UNK,T,TOTAL,TOTAL,TOTAL,TOTAL,2011,Germany,1120,,,
DE22C,UNK,T,TOTAL,TOTAL,TOTAL,TOTAL,2011,Germany,1191,,,
DE23,UNK,T,TOTAL,TOTAL,TOTAL,TOTAL,2011,Germany,10901,,,
DE231,UNK,T,TOTAL,TOTAL,TOTAL,TOTAL,2011,Germany,309,,,
DE232,UNK,T,TOTAL,TOTAL,TOTAL,TOTAL,2011,Germany,1124,,,
DE233,UNK,T,TOTAL,TOTAL,TOTAL,TOTAL,2011,Germany,577,,,
DE234,UNK,T,TOTAL,TOTAL,TOTAL,TOTAL,2011,Germany,808,,,
DE235,UNK,T,TOTAL,TOTAL,TOTAL,TOTAL,2011,Germany,2220,,,
DE236,UNK,T,TOTAL,TOTAL,TOTAL,TOTAL,2011,Germany,1320,,,
DE237,UNK,T,TOTAL,TOTAL,TOTAL,TOTAL,2011,Germany,890,,,
DE238,UNK,T,TOTAL,TOTAL,TOTAL,TOTAL,2011,Germany,1504,,,
DE239,UNK,T,TOTAL,TOTAL,TOTAL,TOTAL,2011,Germany,1489,,,
DE23A,UNK,T,TOTAL,TOTAL,TOTAL,TOTAL,2011,Germany,660,,,
DE24,UNK,T,TOTAL,TOTAL,TOTAL,TOTAL,2011,Germany,9579,,,
DE241,UNK,T,TOTAL,TOTAL,TOTAL,TOTAL,2011,Germany,309,,,
DE242,UNK,T,TOTAL,TOTAL,TOTAL,TOTAL,2011,Germany,576,,,
DE243,UNK,T,TOTAL,TOTAL,TOTAL,TOTAL,2011,Germany,343,,,
DE244,UNK,T,TOTAL,TOTAL,TOTAL,TOTAL,2011,Germany,524,,,
DE245,UNK,T,TOTAL,TOTAL,TOTAL,TOTAL,2011,Germany,949,,,
DE246,UNK,T,TOTAL,TOTAL,TOTAL,TOTAL,2011,Germany,1297,,,
DE247,UNK,T,TOTAL,TOTAL,TOTAL,TOTAL,2011,Germany,629,,,
DE248,UNK,T,TOTAL,TOTAL,TOTAL,TOTAL,2011,Germany,1160,,,
DE249,UNK,T,TOTAL,TOTAL,TOTAL,TOTAL,2011,Germany,1010,,,
DE24A,UNK,T,TOTAL,TOTAL,TOTAL,TOTAL,2011,Germany,654,,,
DE24B,UNK,T,TOTAL,TOTAL,TOTAL,TOTAL,2011,Germany,798,,,
DE24C,UNK,T,TOTAL,TOTAL,TOTAL,TOTAL,2011,Germany,595,,,
DE24D,UNK,T,TOTAL,TOTAL,TOTAL,TOTAL,2011,Germany,735,,,
DE25,UNK,T,TOTAL,TOTAL,TOTAL,TOTAL,2011,Germany,15346,,,
DE251,UNK,T,TOTAL,TOTAL,TOTAL,TOTAL,2011,Germany,573,,,
DE252,UNK,T,TOTAL,TOTAL,TOTAL,TOTAL,2011,Germany,898,,,
DE253,UNK,T,TOTAL,TOTAL,TOTAL,TOTAL,2011,Germany,1008,,,
DE254,UNK,T,TOTAL,TOTAL,TOTAL,TOTAL,2011,Germany,3593,,,
DE255,UNK,T,TOTAL,TOTAL,TOTAL,TOTAL,2011,Germany,466,,,
DE256,UNK,T,TOTAL,TOTAL,TOTAL,TOTAL,2011,Germany,1779,,,
DE257,UNK,T,TOTAL,TOTAL,TOTAL,TOTAL,2011,Germany,1015,,,
DE258,UNK,T,TOTAL,TOTAL,TOTAL,TOTAL,2011,Germany,1009,,,
DE259,UNK,T,TOTAL,TOTAL,TOTAL,TOTAL,2011,Germany,1471,,,
DE25A,UNK,T,TOTAL,TOTAL,TOTAL,TOTAL,2011,Germany,1205,,,
DE25B,UNK,T,TOTAL,TOTAL,TOTAL,TOTAL,2011,Germany,1382,,,
DE25C,UNK,T,TOTAL,TOTAL,TOTAL,TOTAL,2011,Germany,947,,,
DE26,UNK,T,TOTAL,TOTAL,TOTAL,TOTAL,2011,Germany,10722,,,
DE261,UNK,T,TOTAL,TOTAL,TOTAL,TOTAL,2011,Germany,623,,,
DE262,UNK,T,TOTAL,TOTAL,TOTAL,TOTAL,2011,Germany,815,,,
DE263,UNK,T,TOTAL,TOTAL,TOTAL,TOTAL,2011,Germany,1095,,,
DE264,UNK,T,TOTAL,TOTAL,TOTAL,TOTAL,2011,Germany,1349,,,
DE265,UNK,T,TOTAL,TOTAL,TOTAL,TOTAL,2011,Germany,812,,,
DE266,UNK,T,TOTAL,TOTAL,TOTAL,TOTAL,2011,Germany,675,,,
DE267,UNK,T,TOTAL,TOTAL,TOTAL,TOTAL,2011,Germany,837,,,
DE268,UNK,T,TOTAL,TOTAL,TOTAL,TOTAL,2011,Germany,786,,,
DE269,UNK,T,TOTAL,TOTAL,TOTAL,TOTAL,2011,Germany,884,,,
DE26A,UNK,T,TOTAL,TOTAL,TOTAL,TOTAL,2011,Germany,991,,,
DE26B,UNK,T,TOTAL,TOTAL,TOTAL,TOTAL,2011,Germany,834,,,
DE26C,UNK,T,TOTAL,TOTAL,TOTAL,TOTAL,2011,Germany,1021,,,
DE27,UNK,T,TOTAL,TOTAL,TOTAL,TOTAL,2011,Germany,17549,,,
DE271,UNK,T,TOTAL,TOTAL,TOTAL,TOTAL,2011,Germany,2049,,,
DE272,UNK,T,TOTAL,TOTAL,TOTAL,TOTAL,2011,Germany,163,,,
DE273,UNK,T,TOTAL,TOTAL,TOTAL,TOTAL,2011,Germany,857,,,
DE274,UNK,T,TOTAL,TOTAL,TOTAL,TOTAL,2011,Germany,441,,,
DE275,UNK,T,TOTAL,TOTAL,TOTAL,TOTAL,2011,Germany,1472,,,
DE276,UNK,T,TOTAL,TOTAL,TOTAL,TOTAL,2011,Germany,2357,,,
DE277,UNK,T,TOTAL,TOTAL,TOTAL,TOTAL,2011,Germany,880,,,
DE278,UNK,T,TOTAL,TOTAL,TOTAL,TOTAL,2011,Germany,1237,,,
DE279,UNK,T,TOTAL,TOTAL,TOTAL,TOTAL,2011,Germany,2050,,,
DE27A,UNK,T,TOTAL,TOTAL,TOTAL,TOTAL,2011,Germany,889,,,
DE27B,UNK,T,TOTAL,TOTAL,TOTAL,TOTAL,2011,Germany,1405,,,
DE27C,UNK,T,TOTAL,TOTAL,TOTAL,TOTAL,2011,Germany,1218,,,
DE27D,UNK,T,TOTAL,TOTAL,TOTAL,TOTAL,2011,Germany,1326,,,
DE27E,UNK,T,TOTAL,TOTAL,TOTAL,TOTAL,2011,Germany,1205,,,
DE3,UNK,T,TOTAL,TOTAL,TOTAL,TOTAL,2011,Germany,29240,,,
DE30,UNK,T,TOTAL,TOTAL,TOTAL,TOTAL,2011,Germany,29240,,,
DE300,UNK,T,TOTAL,TOTAL,TOTAL,TOTAL,2011,Germany,29240,,,
DE4,UNK,T,TOTAL,TOTAL,TOTAL,TOTAL,2011,Germany,35961,,,
DE40,UNK,T,TOTAL,TOTAL,TOTAL,TOTAL,2011,Germany,35961,,,
DE401,UNK,T,TOTAL,TOTAL,TOTAL,TOTAL,2011,Germany,970,,,
DE402,UNK,T,TOTAL,TOTAL,TOTAL,TOTAL,2011,Germany,2380,,,
DE403,UNK,T,TOTAL,TOTAL,TOTAL,TOTAL,2011,Germany,474,,,
DE404,UNK,T,TOTAL,TOTAL,TOTAL,TOTAL,2011,Germany,1589,,,
DE405,UNK,T,TOTAL,TOTAL,TOTAL,TOTAL,2011,Germany,1448,,,
DE406,UNK,T,TOTAL,TOTAL,TOTAL,TOTAL,2011,Germany,2289,,,
DE407,UNK,T,TOTAL,TOTAL,TOTAL,TOTAL,2011,Germany,1517,,,
DE408,UNK,T,TOTAL,TOTAL,TOTAL,TOTAL,2011,Germany,2493,,,
DE409,UNK,T,TOTAL,TOTAL,TOTAL,TOTAL,2011,Germany,3079,,,
DE40A,UNK,T,TOTAL,TOTAL,TOTAL,TOTAL,2011,Germany,2696,,,
DE40B,UNK,T,TOTAL,TOTAL,TOTAL,TOTAL,2011,Germany,1924,,,
DE40C,UNK,T,TOTAL,TOTAL,TOTAL,TOTAL,2011,Germany,2455,,,
DE40D,UNK,T,TOTAL,TOTAL,TOTAL,TOTAL,2011,Germany,1890,,,
DE40E,UNK,T,TOTAL,TOTAL,TOTAL,TOTAL,2011,Germany,2321,,,
DE40F,UNK,T,TOTAL,TOTAL,TOTAL,TOTAL,2011,Germany,1905,,,
DE40G,UNK,T,TOTAL,TOTAL,TOTAL,TOTAL,2011,Germany,1877,,,
DE40H,UNK,T,TOTAL,TOTAL,TOTAL,TOTAL,2011,Germany,2395,,,
DE40I,UNK,T,TOTAL,TOTAL,TOTAL,TOTAL,2011,Germany,2259,,,
DE5,UNK,T,TOTAL,TOTAL,TOTAL,TOTAL,2011,Germany,5219,,,
DE50,UNK,T,TOTAL,TOTAL,TOTAL,TOTAL,2011,Germany,5219,,,
DE501,UNK,T,TOTAL,TOTAL,TOTAL,TOTAL,2011,Germany,4559,,,
DE502,UNK,T,TOTAL,TOTAL,TOTAL,TOTAL,2011,Germany,660,,,
DE6,UNK,T,TOTAL,TOTAL,TOTAL,TOTAL,2011,Germany,40254,,,
DE60,UNK,T,TOTAL,TOTAL,TOTAL,TOTAL,2011,Germany,40254,,,
DE600,UNK,T,TOTAL,TOTAL,TOTAL,TOTAL,2011,Germany,40254,,,
DE7,UNK,T,TOTAL,TOTAL,TOTAL,TOTAL,2011,Germany,117532,,,
DE71,UNK,T,TOTAL,TOTAL,TOTAL,TOTAL,2011,Germany,67902,,,
DE711,UNK,T,TOTAL,TOTAL,TOTAL,TOTAL,2011,Germany,3247,,,
DE712,UNK,T,TOTAL,TOTAL,TOTAL,TOTAL,2011,Germany,6468,,,
DE713,UNK,T,TOTAL,TOTAL,TOTAL,TOTAL,2011,Germany,2259,,,
DE714,UNK,T,TOTAL,TOTAL,TOTAL,TOTAL,2011,Germany,6694,,,
DE715,UNK,T,TOTAL,TOTAL,TOTAL,TOTAL,2011,Germany,5649,,,
DE716,UNK,T,TOTAL,TOTAL,TOTAL,TOTAL,2011,Germany,5951,,,
DE717,UNK,T,TOTAL,TOTAL,TOTAL,TOTAL,2011,Germany,5264,,,
DE718,UNK,T,TOTAL,TOTAL,TOTAL,TOTAL,2011,Germany,3466,,,
DE719,UNK,T,TOTAL,TOTAL,TOTAL,TOTAL,2011,Germany,7525,,,
DE71A,UNK,T,TOTAL,TOTAL,TOTAL,TOTAL,2011,Germany,4145,,,
DE71B,UNK,T,TOTAL,TOTAL,TOTAL,TOTAL,2011,Germany,2222,,,
DE71C,UNK,T,TOTAL,TOTAL,TOTAL,TOTAL,2011,Germany,5438,,,
DE71D,UNK,T,TOTAL,TOTAL,TOTAL,TOTAL,2011,Germany,4301,,,
DE71E,UNK,T,TOTAL,TOTAL,TOTAL,TOTAL,2011,Germany,5273,,,
DE72,UNK,T,TOTAL,TOTAL,TOTAL,TOTAL,2011,Germany,26504,,,
DE721,UNK,T,TOTAL,TOTAL,TOTAL,TOTAL,2011,Germany,7295,,,
DE722,UNK,T,TOTAL,TOTAL,TOTAL,TOTAL,2011,Germany,7046,,,
DE723,UNK,T,TOTAL,TOTAL,TOTAL,TOTAL,2011,Germany,4061,,,
DE724,UNK,T,TOTAL,TOTAL,TOTAL,TOTAL,2011,Germany,5557,,,
DE725,UNK,T,TOTAL,TOTAL,TOTAL,TOTAL,2011,Germany,2545,,,
DE73,UNK,T,TOTAL,TOTAL,TOTAL,TOTAL,2011,Germany,23126,,,
DE731,UNK,T,TOTAL,TOTAL,TOTAL,TOTAL,2011,Germany,4020,,,
DE732,UNK,T,TOTAL,TOTAL,TOTAL,TOTAL,2011,Germany,3892,,,
DE733,UNK,T,TOTAL,TOTAL,TOTAL,TOTAL,2011,Germany,2250,,,
DE734,UNK,T,TOTAL,TOTAL,TOTAL,TOTAL,2011,Germany,4424,,,
DE735,UNK,T,TOTAL,TOTAL,TOTAL,TOTAL,2011,Germany,3623,,,
DE736,UNK,T,TOTAL,TOTAL,TOTAL,TOTAL,2011,Germany,2879,,,
DE737,UNK,T,TOTAL,TOTAL,TOTAL,TOTAL,2011,Germany,2038,,,
DE8,UNK,T,TOTAL,TOTAL,TOTAL,TOTAL,2011,Germany,21285,,,
DE80,UNK,T,TOTAL,TOTAL,TOTAL,TOTAL,2011,Germany,21285,,,
DE801,UNK,T,TOTAL,TOTAL,TOTAL,TOTAL,2011,Germany,730,,,
DE802,UNK,T,TOTAL,TOTAL,TOTAL,TOTAL,2011,Germany,823,,,
DE803,UNK,T,TOTAL,TOTAL,TOTAL,TOTAL,2011,Germany,1458,,,
DE804,UNK,T,TOTAL,TOTAL,TOTAL,TOTAL,2011,Germany,820,,,
DE805,UNK,T,TOTAL,TOTAL,TOTAL,TOTAL,2011,Germany,938,,,
DE806,UNK,T,TOTAL,TOTAL,TOTAL,TOTAL,2011,Germany,540,,,
DE807,UNK,T,TOTAL,TOTAL,TOTAL,TOTAL,2011,Germany,1408,,,
DE808,UNK,T,TOTAL,TOTAL,TOTAL,TOTAL,2011,Germany,929,,,
DE809,UNK,T,TOTAL,TOTAL,TOTAL,TOTAL,2011,Germany,1362,,,
DE80A,UNK,T,TOTAL,TOTAL,TOTAL,TOTAL,2011,Germany,2175,,,
DE80B,UNK,T,TOTAL,TOTAL,TOTAL,TOTAL,2011,Germany,1330,,,
DE80C,UNK,T,TOTAL,TOTAL,TOTAL,TOTAL,2011,Germany,674,,,
DE80D,UNK,T,TOTAL,TOTAL,TOTAL,TOTAL,2011,Germany,1531,,,
DE80E,UNK,T,TOTAL,TOTAL,TOTAL,TOTAL,2011,Germany,1754,,,
DE80F,UNK,T,TOTAL,TOTAL,TOTAL,TOTAL,2011,Germany,1427,,,
DE80G,UNK,T,TOTAL,TOTAL,TOTAL,TOTAL,2011,Germany,1404,,,
DE80H,UNK,T,TOTAL,TOTAL,TOTAL,TOTAL,2011,Germany,1286,,,
DE80I,UNK,T,TOTAL,TOTAL,TOTAL,TOTAL,2011,Germany,696,,,
DE9,UNK,T,TOTAL,TOTAL,TOTAL,TOTAL,2011,Germany,95803,,,
DE91,UNK,T,TOTAL,TOTAL,TOTAL,TOTAL,2011,Germany,22933,,,
DE911,UNK,T,TOTAL,TOTAL,TOTAL,TOTAL,2011,Germany,4423,,,
DE912,UNK,T,TOTAL,TOTAL,TOTAL,TOTAL,2011,Germany,3194,,,
DE913,UNK,T,TOTAL,TOTAL,TOTAL,TOTAL,2011,Germany,2824,,,
DE914,UNK,T,TOTAL,TOTAL,TOTAL,TOTAL,2011,Germany,2803,,,
DE915,UNK,T,TOTAL,TOTAL,TOTAL,TOTAL,2011,Germany,1462,,,
DE916,UNK,T,TOTAL,TOTAL,TOTAL,TOTAL,2011,Germany,1637,,,
DE917,UNK,T,TOTAL,TOTAL,TOTAL,TOTAL,2011,Germany,1056,,,
DE918,UNK,T,TOTAL,TOTAL,TOTAL,TOTAL,2011,Germany,1530,,,
DE919,UNK,T,TOTAL,TOTAL,TOTAL,TOTAL,2011,Germany,806,,,
DE91A,UNK,T,TOTAL,TOTAL,TOTAL,TOTAL,2011,Germany,1607,,,
DE91B,UNK,T,TOTAL,TOTAL,TOTAL,TOTAL,2011,Germany,1591,,,
DE92,UNK,T,TOTAL,TOTAL,TOTAL,TOTAL,2011,Germany,26089,,,
DE922,UNK,T,TOTAL,TOTAL,TOTAL,TOTAL,2011,Germany,2549,,,
DE923,UNK,T,TOTAL,TOTAL,TOTAL,TOTAL,2011,Germany,1511,,,
DE925,UNK,T,TOTAL,TOTAL,TOTAL,TOTAL,2011,Germany,2426,,,
DE926,UNK,T,TOTAL,TOTAL,TOTAL,TOTAL,2011,Germany,929,,,
DE927,UNK,T,TOTAL,TOTAL,TOTAL,TOTAL,2011,Germany,1588,,,
DE928,UNK,T,TOTAL,TOTAL,TOTAL,TOTAL,2011,Germany,1356,,,
DE929,UNK,T,TOTAL,TOTAL,TOTAL,TOTAL,2011,Germany,15730,,,
DE93,UNK,T,TOTAL,TOTAL,TOTAL,TOTAL,2011,Germany,22766,,,
DE931,UNK,T,TOTAL,TOTAL,TOTAL,TOTAL,2011,Germany,2176,,,
DE932,UNK,T,TOTAL,TOTAL,TOTAL,TOTAL,2011,Germany,1786,,,
DE933,UNK,T,TOTAL,TOTAL,TOTAL,TOTAL,2011,Germany,3397,,,
DE934,UNK,T,TOTAL,TOTAL,TOTAL,TOTAL,2011,Germany,1049,,,
DE935,UNK,T,TOTAL,TOTAL,TOTAL,TOTAL,2011,Germany,2364,,,
DE936,UNK,T,TOTAL,TOTAL,TOTAL,TOTAL,2011,Germany,1257,,,
DE937,UNK,T,TOTAL,TOTAL,TOTAL,TOTAL,2011,Germany,2151,,,
DE938,UNK,T,TOTAL,TOTAL,TOTAL,TOTAL,2011,Germany,2675,,,
DE939,UNK,T,TOTAL,TOTAL,TOTAL,TOTAL,2011,Germany,2267,,,
DE93A,UNK,T,TOTAL,TOTAL,TOTAL,TOTAL,2011,Germany,1484,,,
DE93B,UNK,T,TOTAL,TOTAL,TOTAL,TOTAL,2011,Germany,2160,,,
DE94,UNK,T,TOTAL,TOTAL,TOTAL,TOTAL,2011,Germany,24015,,,
DE941,UNK,T,TOTAL,TOTAL,TOTAL,TOTAL,2011,Germany,1494,,,
DE942,UNK,T,TOTAL,TOTAL,TOTAL,TOTAL,2011,Germany,351,,,
DE943,UNK,T,TOTAL,TOTAL,TOTAL,TOTAL,2011,Germany,1412,,,
DE944,UNK,T,TOTAL,TOTAL,TOTAL,TOTAL,2011,Germany,334,,,
DE945,UNK,T,TOTAL,TOTAL,TOTAL,TOTAL,2011,Germany,465,,,
DE946,UNK,T,TOTAL,TOTAL,TOTAL,TOTAL,2011,Germany,1264,,,
DE947,UNK,T,TOTAL,TOTAL,TOTAL,TOTAL,2011,Germany,1508,,,
DE948,UNK,T,TOTAL,TOTAL,TOTAL,TOTAL,2011,Germany,3370,,,
DE949,UNK,T,TOTAL,TOTAL,TOTAL,TOTAL,2011,Germany,2408,,,
DE94A,UNK,T,TOTAL,TOTAL,TOTAL,TOTAL,2011,Germany,771,,,
DE94B,UNK,T,TOTAL,TOTAL,TOTAL,TOTAL,2011,Germany,803,,,
DE94C,UNK,T,TOTAL,TOTAL,TOTAL,TOTAL,2011,Germany,1363,,,
DE94D,UNK,T,TOTAL,TOTAL,TOTAL,TOTAL,2011,Germany,1818,,,
DE94E,UNK,T,TOTAL,TOTAL,TOTAL,TOTAL,2011,Germany,3527,,,
DE94F,UNK,T,TOTAL,TOTAL,TOTAL,TOTAL,2011,Germany,1413,,,
DE94G,UNK,T,TOTAL,TOTAL,TOTAL,TOTAL,2011,Germany,1069,,,
DE94H,UNK,T,TOTAL,TOTAL,TOTAL,TOTAL,2011,Germany,645,,,
DEA,UNK,T,TOTAL,TOTAL,TOTAL,TOTAL,2011,Germany,328933,,,
DEA1,UNK,T,TOTAL,TOTAL,TOTAL,TOTAL,2011,Germany,81293,,,
DEA11,UNK,T,TOTAL,TOTAL,TOTAL,TOTAL,2011,Germany,7596,,,
DEA12,UNK,T,TOTAL,TOTAL,TOTAL,TOTAL,2011,Germany,7523,,,
DEA13,UNK,T,TOTAL,TOTAL,TOTAL,TOTAL,2011,Germany,9541,,,
DEA14,UNK,T,TOTAL,TOTAL,TOTAL,TOTAL,2011,Germany,6123,,,
DEA15,UNK,T,TOTAL,TOTAL,TOTAL,TOTAL,2011,Germany,2558,,,
DEA16,UNK,T,TOTAL,TOTAL,TOTAL,TOTAL,2011,Germany,1119,,,
DEA17,UNK,T,TOTAL,TOTAL,TOTAL,TOTAL,2011,Germany,3459,,,
DEA18,UNK,T,TOTAL,TOTAL,TOTAL,TOTAL,2011,Germany,1869,,,
DEA19,UNK,T,TOTAL,TOTAL,TOTAL,TOTAL,2011,Germany,2910,,,
DEA1A,UNK,T,TOTAL,TOTAL,TOTAL,TOTAL,2011,Germany,5610,,,
DEA1B,UNK,T,TOTAL,TOTAL,TOTAL,TOTAL,2011,Germany,5379,,,
DEA1C,UNK,T,TOTAL,TOTAL,TOTAL,TOTAL,2011,Germany,7351,,,
DEA1D,UNK,T,TOTAL,TOTAL,TOTAL,TOTAL,2011,Germany,7164,,,
DEA1E,UNK,T,TOTAL,TOTAL,TOTAL,TOTAL,2011,Germany,4782,,,
DEA1F,UNK,T,TOTAL,TOTAL,TOTAL,TOTAL,2011,Germany,8309,,,
DEA2,UNK,T,TOTAL,TOTAL,TOTAL,TOTAL,2011,Germany,91217,,,
DEA22,UNK,T,TOTAL,TOTAL,TOTAL,TOTAL,2011,Germany,3732,,,
DEA23,UNK,T,TOTAL,TOTAL,TOTAL,TOTAL,2011,Germany,18893,,,
DEA24,UNK,T,TOTAL,TOTAL,TOTAL,TOTAL,2011,Germany,4057,,,
DEA26,UNK,T,TOTAL,TOTAL,TOTAL,TOTAL,2011,Germany,5894,,,
DEA27,UNK,T,TOTAL,TOTAL,TOTAL,TOTAL,2011,Germany,11381,,,
DEA28,UNK,T,TOTAL,TOTAL,TOTAL,TOTAL,2011,Germany,6506,,,
DEA29,UNK,T,TOTAL,TOTAL,TOTAL,TOTAL,2011,Germany,2996,,,
DEA2A,UNK,T,TOTAL,TOTAL,TOTAL,TOTAL,2011,Germany,12106,,,
DEA2B,UNK,T,TOTAL,TOTAL,TOTAL,TOTAL,2011,Germany,6735,,,
DEA2C,UNK,T,TOTAL,TOTAL,TOTAL,TOTAL,2011,Germany,15880,,,
DEA2D,UNK,T,TOTAL,TOTAL,TOTAL,TOTAL,2011,Germany,3037,,,
DEA3,UNK,T,TOTAL,TOTAL,TOTAL,TOTAL,2011,Germany,36783,,,
DEA31,UNK,T,TOTAL,TOTAL,TOTAL,TOTAL,2011,Germany,2310,,,
DEA32,UNK,T,TOTAL,TOTAL,TOTAL,TOTAL,2011,Germany,1922,,,
DEA33,UNK,T,TOTAL,TOTAL,TOTAL,TOTAL,2011,Germany,3748,,,
DEA34,UNK,T,TOTAL,TOTAL,TOTAL,TOTAL,2011,Germany,3369,,,
DEA35,UNK,T,TOTAL,TOTAL,TOTAL,TOTAL,2011,Germany,3126,,,
DEA36,UNK,T,TOTAL,TOTAL,TOTAL,TOTAL,2011,Germany,11513,,,
DEA37,UNK,T,TOTAL,TOTAL,TOTAL,TOTAL,2011,Germany,6128,,,
DEA38,UNK,T,TOTAL,TOTAL,TOTAL,TOTAL,2011,Germany,4667,,,
DEA4,UNK,T,TOTAL,TOTAL,TOTAL,TOTAL,2011,Germany,46665,,,
DEA41,UNK,T,TOTAL,TOTAL,TOTAL,TOTAL,2011,Germany,2992,,,
DEA42,UNK,T,TOTAL,TOTAL,TOTAL,TOTAL,2011,Germany,6273,,,
DEA43,UNK,T,TOTAL,TOTAL,TOTAL,TOTAL,2011,Germany,4631,,,
DEA44,UNK,T,TOTAL,TOTAL,TOTAL,TOTAL,2011,Germany,2664,,,
DEA45,UNK,T,TOTAL,TOTAL,TOTAL,TOTAL,2011,Germany,12693,,,
DEA46,UNK,T,TOTAL,TOTAL,TOTAL,TOTAL,2011,Germany,6395,,,
DEA47,UNK,T,TOTAL,TOTAL,TOTAL,TOTAL,2011,Germany,11017,,,
DEA5,UNK,T,TOTAL,TOTAL,TOTAL,TOTAL,2011,Germany,72975,,,
DEA51,UNK,T,TOTAL,TOTAL,TOTAL,TOTAL,2011,Germany,5907,,,
DEA52,UNK,T,TOTAL,TOTAL,TOTAL,TOTAL,2011,Germany,11411,,,
DEA53,UNK,T,TOTAL,TOTAL,TOTAL,TOTAL,2011,Germany,1421,,,
DEA54,UNK,T,TOTAL,TOTAL,TOTAL,TOTAL,2011,Germany,3702,,,
DEA55,UNK,T,TOTAL,TOTAL,TOTAL,TOTAL,2011,Germany,95,,,
DEA56,UNK,T,TOTAL,TOTAL,TOTAL,TOTAL,2011,Germany,4658,,,
DEA57,UNK,T,TOTAL,TOTAL,TOTAL,TOTAL,2011,Germany,10350,,,
DEA58,UNK,T,TOTAL,TOTAL,TOTAL,TOTAL,2011,Germany,9820,,,
DEA59,UNK,T,TOTAL,TOTAL,TOTAL,TOTAL,2011,Germany,3855,,,
DEA5A,UNK,T,TOTAL,TOTAL,TOTAL,TOTAL,2011,Germany,8020,,,
DEA5B,UNK,T,TOTAL,TOTAL,TOTAL,TOTAL,2011,Germany,9459,,,
DEA5C,UNK,T,TOTAL,TOTAL,TOTAL,TOTAL,2011,Germany,4277,,,
DEB,UNK,T,TOTAL,TOTAL,TOTAL,TOTAL,2011,Germany,76271,,,
DEB1,UNK,T,TOTAL,TOTAL,TOTAL,TOTAL,2011,Germany,34860,,,
DEB11,UNK,T,TOTAL,TOTAL,TOTAL,TOTAL,2011,Germany,1789,,,
DEB12,UNK,T,TOTAL,TOTAL,TOTAL,TOTAL,2011,Germany,4058,,,
DEB13,UNK,T,TOTAL,TOTAL,TOTAL,TOTAL,2011,Germany,3183,,,
DEB14,UNK,T,TOTAL,TOTAL,TOTAL,TOTAL,2011,Germany,2993,,,
DEB15,UNK,T,TOTAL,TOTAL,TOTAL,TOTAL,2011,Germany,3015,,,
DEB16,UNK,T,TOTAL,TOTAL,TOTAL,TOTAL,2011,Germany,1152,,,
DEB17,UNK,T,TOTAL,TOTAL,TOTAL,TOTAL,2011,Germany,6543,,,
DEB18,UNK,T,TOTAL,TOTAL,TOTAL,TOTAL,2011,Germany,4015,,,
DEB19,UNK,T,TOTAL,TOTAL,TOTAL,TOTAL,2011,Germany,2487,,,
DEB1A,UNK,T,TOTAL,TOTAL,TOTAL,TOTAL,2011,Germany,2082,,,
DEB1B,UNK,T,TOTAL,TOTAL,TOTAL,TOTAL,2011,Germany,3543,,,
DEB2,UNK,T,TOTAL,TOTAL,TOTAL,TOTAL,2011,Germany,7418,,,
DEB21,UNK,T,TOTAL,TOTAL,TOTAL,TOTAL,2011,Germany,1012,,,
DEB22,UNK,T,TOTAL,TOTAL,TOTAL,TOTAL,2011,Germany,1659,,,
DEB23,UNK,T,TOTAL,TOTAL,TOTAL,TOTAL,2011,Germany,1733,,,
DEB24,UNK,T,TOTAL,TOTAL,TOTAL,TOTAL,2011,Germany,1232,,,
DEB25,UNK,T,TOTAL,TOTAL,TOTAL,TOTAL,2011,Germany,1782,,,
DEB3,UNK,T,TOTAL,TOTAL,TOTAL,TOTAL,2011,Germany,33993,,,
DEB31,UNK,T,TOTAL,TOTAL,TOTAL,TOTAL,2011,Germany,1104,,,
DEB32,UNK,T,TOTAL,TOTAL,TOTAL,TOTAL,2011,Germany,1685,,,
DEB33,UNK,T,TOTAL,TOTAL,TOTAL,TOTAL,2011,Germany,929,,,
DEB34,UNK,T,TOTAL,TOTAL,TOTAL,TOTAL,2011,Germany,2450,,,
DEB35,UNK,T,TOTAL,TOTAL,TOTAL,TOTAL,2011,Germany,2077,,,
DEB36,UNK,T,TOTAL,TOTAL,TOTAL,TOTAL,2011,Germany,1259,,,
DEB37,UNK,T,TOTAL,TOTAL,TOTAL,TOTAL,2011,Germany,951,,,
DEB38,UNK,T,TOTAL,TOTAL,TOTAL,TOTAL,2011,Germany,1103,,,
DEB39,UNK,T,TOTAL,TOTAL,TOTAL,TOTAL,2011,Germany,1361,,,
DEB3A,UNK,T,TOTAL,TOTAL,TOTAL,TOTAL,2011,Germany,975,,,
DEB3B,UNK,T,TOTAL,TOTAL,TOTAL,TOTAL,2011,Germany,2196,,,
DEB3C,UNK,T,TOTAL,TOTAL,TOTAL,TOTAL,2011,Germany,1880,,,
DEB3D,UNK,T,TOTAL,TOTAL,TOTAL,TOTAL,2011,Germany,1535,,,
DEB3E,UNK,T,TOTAL,TOTAL,TOTAL,TOTAL,2011,Germany,2377,,,
DEB3F,UNK,T,TOTAL,TOTAL,TOTAL,TOTAL,2011,Germany,2250,,,
DEB3G,UNK,T,TOTAL,TOTAL,TOTAL,TOTAL,2011,Germany,1475,,,
DEB3H,UNK,T,TOTAL,TOTAL,TOTAL,TOTAL,2011,Germany,2025,,,
DEB3I,UNK,T,TOTAL,TOTAL,TOTAL,TOTAL,2011,Germany,2084,,,
DEB3J,UNK,T,TOTAL,TOTAL,TOTAL,TOTAL,2011,Germany,2647,,,
DEB3K,UNK,T,TOTAL,TOTAL,TOTAL,TOTAL,2011,Germany,1630,,,
DEC,UNK,T,TOTAL,TOTAL,TOTAL,TOTAL,2011,Germany,7070,,,
DEC0,UNK,T,TOTAL,TOTAL,TOTAL,TOTAL,2011,Germany,7070,,,
DEC01,UNK,T,TOTAL,TOTAL,TOTAL,TOTAL,2011,Germany,1600,,,
DEC02,UNK,T,TOTAL,TOTAL,TOTAL,TOTAL,2011,Germany,682,,,
DEC03,UNK,T,TOTAL,TOTAL,TOTAL,TOTAL,2011,Germany,1584,,,
DEC04,UNK,T,TOTAL,TOTAL,TOTAL,TOTAL,2011,Germany,1319,,,
DEC05,UNK,T,TOTAL,TOTAL,TOTAL,TOTAL,2011,Germany,1124,,,
DEC06,UNK,T,TOTAL,TOTAL,TOTAL,TOTAL,2011,Germany,761,,,
DED,UNK,T,TOTAL,TOTAL,TOTAL,TOTAL,2011,Germany,32758,,,
DED2,UNK,T,TOTAL,TOTAL,TOTAL,TOTAL,2011,Germany,13716,,,
DED21,UNK,T,TOTAL,TOTAL,TOTAL,TOTAL,2011,Germany,2467,,,
DED2C,UNK,T,TOTAL,TOTAL,TOTAL,TOTAL,2011,Germany,3634,,,
DED2D,UNK,T,TOTAL,TOTAL,TOTAL,TOTAL,2011,Germany,3681,,,
DED2E,UNK,T,TOTAL,TOTAL,TOTAL,TOTAL,2011,Germany,2126,,,
DED2F,UNK,T,TOTAL,TOTAL,TOTAL,TOTAL,2011,Germany,1808,,,
DED4,UNK,T,TOTAL,TOTAL,TOTAL,TOTAL,2011,Germany,9001,,,
DED41,UNK,T,TOTAL,TOTAL,TOTAL,TOTAL,2011,Germany,1444,,,
DED42,UNK,T,TOTAL,TOTAL,TOTAL,TOTAL,2011,Germany,1726,,,
DED43,UNK,T,TOTAL,TOTAL,TOTAL,TOTAL,2011,Germany,2171,,,
DED44,UNK,T,TOTAL,TOTAL,TOTAL,TOTAL,2011,Germany,1949,,,
DED45,UNK,T,TOTAL,TOTAL,TOTAL,TOTAL,2011,Germany,1711,,,
DED5,UNK,T,TOTAL,TOTAL,TOTAL,TOTAL,2011,Germany,10041,,,
DED51,UNK,T,TOTAL,TOTAL,TOTAL,TOTAL,2011,Germany,5714,,,
DED52,UNK,T,TOTAL,TOTAL,TOTAL,TOTAL,2011,Germany,2443,,,
DED53,UNK,T,TOTAL,TOTAL,TOTAL,TOTAL,2011,Germany,1884,,,
DEE,UNK,T,TOTAL,TOTAL,TOTAL,TOTAL,2011,Germany,24457,,,
DEE0,UNK,T,TOTAL,TOTAL,TOTAL,TOTAL,2011,Germany,24457,,,
DEE01,UNK,T,TOTAL,TOTAL,TOTAL,TOTAL,2011,Germany,819,,,
DEE02,UNK,T,TOTAL,TOTAL,TOTAL,TOTAL,2011,Germany,1747,,,
DEE03,UNK,T,TOTAL,TOTAL,TOTAL,TOTAL,2011,Germany,2315,,,
DEE04,UNK,T,TOTAL,TOTAL,TOTAL,TOTAL,2011,Germany,1134,,,
DEE05,UNK,T,TOTAL,TOTAL,TOTAL,TOTAL,2011,Germany,2195,,,
DEE06,UNK,T,TOTAL,TOTAL,TOTAL,TOTAL,2011,Germany,829,,,
DEE07,UNK,T,TOTAL,TOTAL,TOTAL,TOTAL,2011,Germany,1704,,,
DEE08,UNK,T,TOTAL,TOTAL,TOTAL,TOTAL,2011,Germany,2804,,,
DEE09,UNK,T,TOTAL,TOTAL,TOTAL,TOTAL,2011,Germany,1932,,,
DEE0A,UNK,T,TOTAL,TOTAL,TOTAL,TOTAL,2011,Germany,1479,,,
DEE0B,UNK,T,TOTAL,TOTAL,TOTAL,TOTAL,2011,Germany,1923,,,
DEE0C,UNK,T,TOTAL,TOTAL,TOTAL,TOTAL,2011,Germany,2276,,,
DEE0D,UNK,T,TOTAL,TOTAL,TOTAL,TOTAL,2011,Germany,1543,,,
DEE0E,UNK,T,TOTAL,TOTAL,TOTAL,TOTAL,2011,Germany,1757,,,
DEF,UNK,T,TOTAL,TOTAL,TOTAL,TOTAL,2011,Germany,32935,,,
DEF0,UNK,T,TOTAL,TOTAL,TOTAL,TOTAL,2011,Germany,32935,,,
DEF01,UNK,T,TOTAL,TOTAL,TOTAL,TOTAL,2011,Germany,1185,,,
DEF02,UNK,T,TOTAL,TOTAL,TOTAL,TOTAL,2011,Germany,1525,,,
DEF03,UNK,T,TOTAL,TOTAL,TOTAL,TOTAL,2011,Germany,281,,,
DEF04,UNK,T,TOTAL,TOTAL,TOTAL,TOTAL,2011,Germany,1136,,,
DEF05,UNK,T,TOTAL,TOTAL,TOTAL,TOTAL,2011,Germany,1782,,,
DEF06,UNK,T,TOTAL,TOTAL,TOTAL,TOTAL,2011,Germany,2589,,,
DEF07,UNK,T,TOTAL,TOTAL,TOTAL,TOTAL,2011,Germany,2120,,,
DEF08,UNK,T,TOTAL,TOTAL,TOTAL,TOTAL,2011,Germany,3502,,,
DEF09,UNK,T,TOTAL,TOTAL,TOTAL,TOTAL,2011,Germany,3358,,,
DEF0A,UNK,T,TOTAL,TOTAL,TOTAL,TOTAL,2011,Germany,1765,,,
DEF0B,UNK,T,TOTAL,TOTAL,TOTAL,TOTAL,2011,Germany,3421,,,
DEF0C,UNK,T,TOTAL,TOTAL,TOTAL,TOTAL,2011,Germany,2942,,,
DEF0D,UNK,T,TOTAL,TOTAL,TOTAL,TOTAL,2011,Germany,2862,,,
DEF0E,UNK,T,TOTAL,TOTAL,TOTAL,TOTAL,2011,Germany,1368,,,
DEF0F,UNK,T,TOTAL,TOTAL,TOTAL,TOTAL,2011,Germany,3099,,,
DEG,UNK,T,TOTAL,TOTAL,TOTAL,TOTAL,2011,Germany,22355,,,
DEG0,UNK,T,TOTAL,TOTAL,TOTAL,TOTAL,2011,Germany,22355,,,
DEG01,UNK,T,TOTAL,TOTAL,TOTAL,TOTAL,2011,Germany,1432,,,
DEG02,UNK,T,TOTAL,TOTAL,TOTAL,TOTAL,2011,Germany,723,,,
DEG03,UNK,T,TOTAL,TOTAL,TOTAL,TOTAL,2011,Germany,716,,,
DEG04,UNK,T,TOTAL,TOTAL,TOTAL,TOTAL,2011,Germany,331,,,
DEG05,UNK,T,TOTAL,TOTAL,TOTAL,TOTAL,2011,Germany,436,,,
DEG06,UNK,T,TOTAL,TOTAL,TOTAL,TOTAL,2011,Germany,761,,,
DEG07,UNK,T,TOTAL,TOTAL,TOTAL,TOTAL,2011,Germany,1168,,,
DEG09,UNK,T,TOTAL,TOTAL,TOTAL,TOTAL,2011,Germany,1138,,,
DEG0A,UNK,T,TOTAL,TOTAL,TOTAL,TOTAL,2011,Germany,832,,,
DEG0B,UNK,T,TOTAL,TOTAL,TOTAL,TOTAL,2011,Germany,1390,,,
DEG0C,UNK,T,TOTAL,TOTAL,TOTAL,TOTAL,2011,Germany,1532,,,
DEG0D,UNK,T,TOTAL,TOTAL,TOTAL,TOTAL,2011,Germany,702,,,
DEG0E,UNK,T,TOTAL,TOTAL,TOTAL,TOTAL,2011,Germany,589,,,
DEG0F,UNK,T,TOTAL,TOTAL,TOTAL,TOTAL,2011,Germany,1232,,,
DEG0G,UNK,T,TOTAL,TOTAL,TOTAL,TOTAL,2011,Germany,882,,,
DEG0H,UNK,T,TOTAL,TOTAL,TOTAL,TOTAL,2011,Germany,505,,,
DEG0I,UNK,T,TOTAL,TOTAL,TOTAL,TOTAL,2011,Germany,1259,,,
DEG0J,UNK,T,TOTAL,TOTAL,TOTAL,TOTAL,2011,Germany,1109,,,
DEG0K,UNK,T,TOTAL,TOTAL,TOTAL,TOTAL,2011,Germany,1143,,,
DEG0L,UNK,T,TOTAL,TOTAL,TOTAL,TOTAL,2011,Germany,1343,,,
DEG0M,UNK,T,TOTAL,TOTAL,TOTAL,TOTAL,2011,Germany,1034,,,
DEG0N,UNK,T,TOTAL,TOTAL,TOTAL,TOTAL,2011,Germany,352,,,
DEG0P,UNK,T,TOTAL,TOTAL,TOTAL,TOTAL,2011,Germany,1746,,,
DEZ,UNK,T,TOTAL,TOTAL,TOTAL,TOTAL,2011,Germany,9698,,,
DEZZ,UNK,T,TOTAL,TOTAL,TOTAL,TOTAL,2011,Germany,9698,,,
DEZZZ,UNK,T,TOTAL,TOTAL,TOTAL,TOTAL,2011,Germany,9698,,,
NO,NAT,T,TOTAL,TOTAL,TOTAL,TOTAL,2011,Norway,4368256,,,
NO0,NAT,T,TOTAL,TOTAL,TOTAL,TOTAL,2011,Norway,4368256,,,
NO01,NAT,T,TOTAL,TOTAL,TOTAL,TOTAL,2011,Norway,937214,,,
NO011,NAT,T,TOTAL,TOTAL,TOTAL,TOTAL,2011,Norway,461491,,,
NO012,NAT,T,TOTAL,TOTAL,TOTAL,TOTAL,2011,Norway,475723,,,
NO02,NAT,T,TOTAL,TOTAL,TOTAL,TOTAL,2011,Norway,351327,,,
NO021,NAT,T,TOTAL,TOTAL,TOTAL,TOTAL,2011,Norway,178228,,,
NO022,NAT,T,TOTAL,TOTAL,TOTAL,TOTAL,2011,Norway,173099,,,
NO03,NAT,T,TOTAL,TOTAL,TOTAL,TOTAL,2011,Norway,839131,,,
NO031,NAT,T,TOTAL,TOTAL,TOTAL,TOTAL,2011,Norway,244840,,,
NO032,NAT,T,TOTAL,TOTAL,TOTAL,TOTAL,2011,Norway,229920,,,
NO033,NAT,T,TOTAL,TOTAL,TOTAL,TOTAL,2011,Norway,210549,,,
NO034,NAT,T,TOTAL,TOTAL,TOTAL,TOTAL,2011,Norway,153822,,,
NO04,NAT,T,TOTAL,TOTAL,TOTAL,TOTAL,2011,Norway,637556,,,
NO041,NAT,T,TOTAL,TOTAL,TOTAL,TOTAL,2011,Norway,99932,,,
NO042,NAT,T,TOTAL,TOTAL,TOTAL,TOTAL,2011,Norway,153381,,,
NO043,NAT,T,TOTAL,TOTAL,TOTAL,TOTAL,2011,Norway,384243,,,
NO05,NAT,T,TOTAL,TOTAL,TOTAL,TOTAL,2011,Norway,771517,,,
NO051,NAT,T,TOTAL,TOTAL,TOTAL,TOTAL,2011,Norway,438212,,,
NO052,NAT,T,TOTAL,TOTAL,TOTAL,TOTAL,2011,Norway,99570,,,
NO053,NAT,T,TOTAL,TOTAL,TOTAL,TOTAL,2011,Norway,233735,,,
NO06,NAT,T,TOTAL,TOTAL,TOTAL,TOTAL,2011,Norway,395715,,,
NO061,NAT,T,TOTAL,TOTAL,TOTAL,TOTAL,2011,Norway,270475,,,
NO062,NAT,T,TOTAL,TOTAL,TOTAL,TOTAL,2011,Norway,125240,,,
NO07,NAT,T,TOTAL,TOTAL,TOTAL,TOTAL,2011,Norway,434174,,,
NO071,NAT,T,TOTAL,TOTAL,TOTAL,TOTAL,2011,Norway,222038,,,
NO072,NAT,T,TOTAL,TOTAL,TOTAL,TOTAL,2011,Norway,145737,,,
NO073,NAT,T,TOTAL,TOTAL,TOTAL,TOTAL,2011,Norway,66399,,,
NOZ,NAT,T,TOTAL,TOTAL,TOTAL,TOTAL,2011,Norway,1622,,,
NOZZ,NAT,T,TOTAL,TOTAL,TOTAL,TOTAL,2011,Norway,1622,,,
NOZZZ,NAT,T,TOTAL,TOTAL,TOTAL,TOTAL,2011,Norway,1622,,,
NO,FOR,T,TOTAL,TOTAL,TOTAL,TOTAL,2011,Norway,611368,,,
NO0,FOR,T,TOTAL,TOTAL,TOTAL,TOTAL,2011,Norway,611368,,,
NO01,FOR,T,TOTAL,TOTAL,TOTAL,TOTAL,2011,Norway,229865,,,
NO011,FOR,T,TOTAL,TOTAL,TOTAL,TOTAL,2011,Norway,150749,,,
NO012,FOR,T,TOTAL,TOTAL,TOTAL,TOTAL,2011,Norway,79116,,,
NO02,FOR,T,TOTAL,TOTAL,TOTAL,TOTAL,2011,Norway,28390,,,
NO021,FOR,T,TOTAL,TOTAL,TOTAL,TOTAL,2011,Norway,14481,,,
NO022,FOR,T,TOTAL,TOTAL,TOTAL,TOTAL,2011,Norway,13909,,,
NO03,FOR,T,TOTAL,TOTAL,TOTAL,TOTAL,2011,Norway,109598,,,
NO031,FOR,T,TOTAL,TOTAL,TOTAL,TOTAL,2011,Norway,33162,,,
NO032,FOR,T,TOTAL,TOTAL,TOTAL,TOTAL,2011,Norway,34809,,,
NO033,FOR,T,TOTAL,TOTAL,TOTAL,TOTAL,2011,Norway,25552,,,
NO034,FOR,T,TOTAL,TOTAL,TOTAL,TOTAL,2011,Norway,16075,,,
NO04,FOR,T,TOTAL,TOTAL,TOTAL,TOTAL,2011,Norway,90202,,,
NO041,FOR,T,TOTAL,TOTAL,TOTAL,TOTAL,2011,Norway,11426,,,
NO042,FOR,T,TOTAL,TOTAL,TOTAL,TOTAL,2011,Norway,20782,,,
NO043,FOR,T,TOTAL,TOTAL,TOTAL,TOTAL,2011,Norway,57994,,,
NO05,FOR,T,TOTAL,TOTAL,TOTAL,TOTAL,2011,Norway,82746,,,
NO051,FOR,T,TOTAL,TOTAL,TOTAL,TOTAL,2011,Norway,51551,,,
NO052,FOR,T,TOTAL,TOTAL,TOTAL,TOTAL,2011,Norway,8553,,,
NO053,FOR,T,TOTAL,TOTAL,TOTAL,TOTAL,2011,Norway,22642,,,
NO06,FOR,T,TOTAL,TOTAL,TOTAL,TOTAL,2011,Norway,34958,,,
NO061,FOR,T,TOTAL,TOTAL,TOTAL,TOTAL,2011,Norway,27096,,,
NO062,FOR,T,TOTAL,TOTAL,TOTAL,TOTAL,2011,Norway,7862,,,
NO07,FOR,T,TOTAL,TOTAL,TOTAL,TOTAL,2011,Norway,35513,,,
NO071,FOR,T,TOTAL,TOTAL,TOTAL,TOTAL,2011,Norway,15810,,,
NO072,FOR,T,TOTAL,TOTAL,TOTAL,TOTAL,2011,Norway,12408,,,
NO073,FOR,T,TOTAL,TOTAL,TOTAL,TOTAL,2011,Norway,7295,,,
NOZ,FOR,T,TOTAL,TOTAL,TOTAL,TOTAL,2011,Norway,96,,,
NOZZ,FOR,T,TOTAL,TOTAL,TOTAL,TOTAL,2011,Norway,96,,,
NOZZZ,FOR,T,TOTAL,TOTAL,TOTAL,TOTAL,2011,Norway,96,,,
NO,OTH,T,TOTAL,TOTAL,TOTAL,TOTAL,2011,Norway,0,,,
NO0,OTH,T,TOTAL,TOTAL,TOTAL,TOTAL,2011,Norway,0,,,
NO01,OTH,T,TOTAL,TOTAL,TOTAL,TOTAL,2011,Norway,0,,,
NO011,OTH,T,TOTAL,TOTAL,TOTAL,TOTAL,2011,Norway,0,,,
NO012,OTH,T,TOTAL,TOTAL,TOTAL,TOTAL,2011,Norway,0,,,
NO02,OTH,T,TOTAL,TOTAL,TOTAL,TOTAL,2011,Norway,0,,,
NO021,OTH,T,TOTAL,TOTAL,TOTAL,TOTAL,2011,Norway,0,,,
NO022,OTH,T,TOTAL,TOTAL,TOTAL,TOTAL,2011,Norway,0,,,
NO03,OTH,T,TOTAL,TOTAL,TOTAL,TOTAL,2011,Norway,0,,,
NO031,OTH,T,TOTAL,TOTAL,TOTAL,TOTAL,2011,Norway,0,,,
NO032,OTH,T,TOTAL,TOTAL,TOTAL,TOTAL,2011,Norway,0,,,
NO033,OTH,T,TOTAL,TOTAL,TOTAL,TOTAL,2011,Norway,0,,,
NO034,OTH,T,TOTAL,TOTAL,TOTAL,TOTAL,2011,Norway,0,,,
NO04,OTH,T,TOTAL,TOTAL,TOTAL,TOTAL,2011,Norway,0,,,
NO041,OTH,T,TOTAL,TOTAL,TOTAL,TOTAL,2011,Norway,0,,,
NO042,OTH,T,TOTAL,TOTAL,TOTAL,TOTAL,2011,Norway,0,,,
NO043,OTH,T,TOTAL,TOTAL,TOTAL,TOTAL,2011,Norway,0,,,
NO05,OTH,T,TOTAL,TOTAL,TOTAL,TOTAL,2011,Norway,0,,,
NO051,OTH,T,TOTAL,TOTAL,TOTAL,TOTAL,2011,Norway,0,,,
NO052,OTH,T,TOTAL,TOTAL,TOTAL,TOTAL,2011,Norway,0,,,
NO053,OTH,T,TOTAL,TOTAL,TOTAL,TOTAL,2011,Norway,0,,,
NO06,OTH,T,TOTAL,TOTAL,TOTAL,TOTAL,2011,Norway,0,,,
NO061,OTH,T,TOTAL,TOTAL,TOTAL,TOTAL,2011,Norway,0,,,
NO062,OTH,T,TOTAL,TOTAL,TOTAL,TOTAL,2011,Norway,0,,,
NO07,OTH,T,TOTAL,TOTAL,TOTAL,TOTAL,2011,Norway,0,,,
NO071,OTH,T,TOTAL,TOTAL,TOTAL,TOTAL,2011,Norway,0,,,
NO072,OTH,T,TOTAL,TOTAL,TOTAL,TOTAL,2011,Norway,0,,,
NO073,OTH,T,TOTAL,TOTAL,TOTAL,TOTAL,2011,Norway,0,,,
NOZ,OTH,T,TOTAL,TOTAL,TOTAL,TOTAL,2011,Norway,0,,,
NOZZ,OTH,T,TOTAL,TOTAL,TOTAL,TOTAL,2011,Norway,0,,,
NOZZZ,OTH,T,TOTAL,TOTAL,TOTAL,TOTAL,2011,Norway,0,,,
NO,UNK,T,TOTAL,TOTAL,TOTAL,TOTAL,2011,Norway,331,,,
NO0,UNK,T,TOTAL,TOTAL,TOTAL,TOTAL,2011,Norway,331,,,
NO01,UNK,T,TOTAL,TOTAL,TOTAL,TOTAL,2011,Norway,116,,,
NO011,UNK,T,TOTAL,TOTAL,TOTAL,TOTAL,2011,Norway,72,,,
NO012,UNK,T,TOTAL,TOTAL,TOTAL,TOTAL,2011,Norway,44,,,
NO02,UNK,T,TOTAL,TOTAL,TOTAL,TOTAL,2011,Norway,24,,,
NO021,UNK,T,TOTAL,TOTAL,TOTAL,TOTAL,2011,Norway,12,,,
NO022,UNK,T,TOTAL,TOTAL,TOTAL,TOTAL,2011,Norway,12,,,
NO03,UNK,T,TOTAL,TOTAL,TOTAL,TOTAL,2011,Norway,77,,,
NO031,UNK,T,TOTAL,TOTAL,TOTAL,TOTAL,2011,Norway,12,,,
NO032,UNK,T,TOTAL,TOTAL,TOTAL,TOTAL,2011,Norway,11,,,
NO033,UNK,T,TOTAL,TOTAL,TOTAL,TOTAL,2011,Norway,21,,,
NO034,UNK,T,TOTAL,TOTAL,TOTAL,TOTAL,2011,Norway,33,,,
NO04,UNK,T,TOTAL,TOTAL,TOTAL,TOTAL,2011,Norway,60,,,
NO041,UNK,T,TOTAL,TOTAL,TOTAL,TOTAL,2011,Norway,12,,,
NO042,UNK,T,TOTAL,TOTAL,TOTAL,TOTAL,2011,Norway,21,,,
NO043,UNK,T,TOTAL,TOTAL,TOTAL,TOTAL,2011,Norway,27,,,
NO05,UNK,T,TOTAL,TOTAL,TOTAL,TOTAL,2011,Norway,27,,,
NO051,UNK,T,TOTAL,TOTAL,TOTAL,TOTAL,2011,Norway,24,,,
NO052,UNK,T,TOTAL,TOTAL,TOTAL,TOTAL,2011,Norway,0,,,
NO053,UNK,T,TOTAL,TOTAL,TOTAL,TOTAL,2011,Norway,3,,,
NO06,UNK,T,TOTAL,TOTAL,TOTAL,TOTAL,2011,Norway,15,,,
NO061,UNK,T,TOTAL,TOTAL,TOTAL,TOTAL,2011,Norway,15,,,
NO062,UNK,T,TOTAL,TOTAL,TOTAL,TOTAL,2011,Norway,0,,,
NO07,UNK,T,TOTAL,TOTAL,TOTAL,TOTAL,2011,Norway,12,,,
NO071,UNK,T,TOTAL,TOTAL,TOTAL,TOTAL,2011,Norway,9,,,
NO072,UNK,T,TOTAL,TOTAL,TOTAL,TOTAL,2011,Norway,3,,,
NO073,UNK,T,TOTAL,TOTAL,TOTAL,TOTAL,2011,Norway,0,,,
NOZ,UNK,T,TOTAL,TOTAL,TOTAL,TOTAL,2011,Norway,0,,,
NOZZ,UNK,T,TOTAL,TOTAL,TOTAL,TOTAL,2011,Norway,0,,,
NOZZZ,UNK,T,TOTAL,TOTAL,TOTAL,TOTAL,2011,Norway,0,,,
BE,NAT,T,TOTAL,TOTAL,TOTAL,TOTAL,2011,Belgium,9371282,,,
BE1,NAT,T,TOTAL,TOTAL,TOTAL,TOTAL,2011,Belgium,654748,,,
BE10,NAT,T,TOTAL,TOTAL,TOTAL,TOTAL,2011,Belgium,654748,,,
BE100,NAT,T,TOTAL,TOTAL,TOTAL,TOTAL,2011,Belgium,654748,,,
BE2,NAT,T,TOTAL,TOTAL,TOTAL,TOTAL,2011,Belgium,5677340,,,
BE21,NAT,T,TOTAL,TOTAL,TOTAL,TOTAL,2011,Belgium,1536503,,,
BE211,NAT,T,TOTAL,TOTAL,TOTAL,TOTAL,2011,Belgium,833480,,,
BE212,NAT,T,TOTAL,TOTAL,TOTAL,TOTAL,2011,Belgium,302814,,,
BE213,NAT,T,TOTAL,TOTAL,TOTAL,TOTAL,2011,Belgium,400209,,,
BE22,NAT,T,TOTAL,TOTAL,TOTAL,TOTAL,2011,Belgium,735506,,,
BE221,NAT,T,TOTAL,TOTAL,TOTAL,TOTAL,2011,Belgium,368134,,,
BE222,NAT,T,TOTAL,TOTAL,TOTAL,TOTAL,2011,Belgium,198104,,,
BE223,NAT,T,TOTAL,TOTAL,TOTAL,TOTAL,2011,Belgium,169268,,,
BE23,NAT,T,TOTAL,TOTAL,TOTAL,TOTAL,2011,Belgium,1337002,,,
BE231,NAT,T,TOTAL,TOTAL,TOTAL,TOTAL,2011,Belgium,261348,,,
BE232,NAT,T,TOTAL,TOTAL,TOTAL,TOTAL,2011,Belgium,184394,,,
BE233,NAT,T,TOTAL,TOTAL,TOTAL,TOTAL,2011,Belgium,77511,,,
BE234,NAT,T,TOTAL,TOTAL,TOTAL,TOTAL,2011,Belgium,478939,,,
BE235,NAT,T,TOTAL,TOTAL,TOTAL,TOTAL,2011,Belgium,114603,,,
BE236,NAT,T,TOTAL,TOTAL,TOTAL,TOTAL,2011,Belgium,220207,,,
BE24,NAT,T,TOTAL,TOTAL,TOTAL,TOTAL,2011,Belgium,966569,,,
BE241,NAT,T,TOTAL,TOTAL,TOTAL,TOTAL,2011,Belgium,525125,,,
BE242,NAT,T,TOTAL,TOTAL,TOTAL,TOTAL,2011,Belgium,441444,,,
BE25,NAT,T,TOTAL,TOTAL,TOTAL,TOTAL,2011,Belgium,1101760,,,
BE251,NAT,T,TOTAL,TOTAL,TOTAL,TOTAL,2011,Belgium,262529,,,
BE252,NAT,T,TOTAL,TOTAL,TOTAL,TOTAL,2011,Belgium,48681,,,
BE253,NAT,T,TOTAL,TOTAL,TOTAL,TOTAL,2011,Belgium,100792,,,
BE254,NAT,T,TOTAL,TOTAL,TOTAL,TOTAL,2011,Belgium,264690,,,
BE255,NAT,T,TOTAL,TOTAL,TOTAL,TOTAL,2011,Belgium,140903,,,
BE256,NAT,T,TOTAL,TOTAL,TOTAL,TOTAL,2011,Belgium,140053,,,
BE257,NAT,T,TOTAL,TOTAL,TOTAL,TOTAL,2011,Belgium,87628,,,
BE258,NAT,T,TOTAL,TOTAL,TOTAL,TOTAL,2011,Belgium,56484,,,
BE3,NAT,T,TOTAL,TOTAL,TOTAL,TOTAL,2011,Belgium,3039194,,,
BE31,NAT,T,TOTAL,TOTAL,TOTAL,TOTAL,2011,Belgium,329144,,,
BE310,NAT,T,TOTAL,TOTAL,TOTAL,TOTAL,2011,Belgium,329144,,,
BE32,NAT,T,TOTAL,TOTAL,TOTAL,TOTAL,2011,Belgium,1131852,,,
BE321,NAT,T,TOTAL,TOTAL,TOTAL,TOTAL,2011,Belgium,78119,,,
BE322,NAT,T,TOTAL,TOTAL,TOTAL,TOTAL,2011,Belgium,362060,,,
BE323,NAT,T,TOTAL,TOTAL,TOTAL,TOTAL,2011,Belgium,216247,,,
BE324,NAT,T,TOTAL,TOTAL,TOTAL,TOTAL,2011,Belgium,53827,,,
BE325,NAT,T,TOTAL,TOTAL,TOTAL,TOTAL,2011,Belgium,160573,,,
BE326,NAT,T,TOTAL,TOTAL,TOTAL,TOTAL,2011,Belgium,135537,,,
BE327,NAT,T,TOTAL,TOTAL,TOTAL,TOTAL,2011,Belgium,125489,,,
BE33,NAT,T,TOTAL,TOTAL,TOTAL,TOTAL,2011,Belgium,904429,,,
BE331,NAT,T,TOTAL,TOTAL,TOTAL,TOTAL,2011,Belgium,100613,,,
BE332,NAT,T,TOTAL,TOTAL,TOTAL,TOTAL,2011,Belgium,497324,,,
BE334,NAT,T,TOTAL,TOTAL,TOTAL,TOTAL,2011,Belgium,71541,,,
BE335,NAT,T,TOTAL,TOTAL,TOTAL,TOTAL,2011,Belgium,180188,,,
BE336,NAT,T,TOTAL,TOTAL,TOTAL,TOTAL,2011,Belgium,54763,,,
BE34,NAT,T,TOTAL,TOTAL,TOTAL,TOTAL,2011,Belgium,237796,,,
BE341,NAT,T,TOTAL,TOTAL,TOTAL,TOTAL,2011,Belgium,43921,,,
BE342,NAT,T,TOTAL,TOTAL,TOTAL,TOTAL,2011,Belgium,41811,,,
BE343,NAT,T,TOTAL,TOTAL,TOTAL,TOTAL,2011,Belgium,50381,,,
BE344,NAT,T,TOTAL,TOTAL,TOTAL,TOTAL,2011,Belgium,55830,,,
BE345,NAT,T,TOTAL,TOTAL,TOTAL,TOTAL,2011,Belgium,45853,,,
BE35,NAT,T,TOTAL,TOTAL,TOTAL,TOTAL,2011,Belgium,435973,,,
BE351,NAT,T,TOTAL,TOTAL,TOTAL,TOTAL,2011,Belgium,99621,,,
BE352,NAT,T,TOTAL,TOTAL,TOTAL,TOTAL,2011,Belgium,275199,,,
BE353,NAT,T,TOTAL,TOTAL,TOTAL,TOTAL,2011,Belgium,61153,,,
BEZ,NAT,T,TOTAL,TOTAL,TOTAL,TOTAL,2011,Belgium,0,,,
BEZZ,NAT,T,TOTAL,TOTAL,TOTAL,TOTAL,2011,Belgium,0,,,
BEZZZ,NAT,T,TOTAL,TOTAL,TOTAL,TOTAL,2011,Belgium,0,,,
BE,FOR,T,TOTAL,TOTAL,TOTAL,TOTAL,2011,Belgium,1517608,,,
BE1,FOR,T,TOTAL,TOTAL,TOTAL,TOTAL,2011,Belgium,454453,,,
BE10,FOR,T,TOTAL,TOTAL,TOTAL,TOTAL,2011,Belgium,454453,,,
BE100,FOR,T,TOTAL,TOTAL,TOTAL,TOTAL,2011,Belgium,454453,,,
BE2,FOR,T,TOTAL,TOTAL,TOTAL,TOTAL,2011,Belgium,590145,,,
BE21,FOR,T,TOTAL,TOTAL,TOTAL,TOTAL,2011,Belgium,213100,,,
BE211,FOR,T,TOTAL,TOTAL,TOTAL,TOTAL,2011,Belgium,152825,,,
BE212,FOR,T,TOTAL,TOTAL,TOTAL,TOTAL,2011,Belgium,22307,,,
BE213,FOR,T,TOTAL,TOTAL,TOTAL,TOTAL,2011,Belgium,37968,,,
BE22,FOR,T,TOTAL,TOTAL,TOTAL,TOTAL,2011,Belgium,105590,,,
BE221,FOR,T,TOTAL,TOTAL,TOTAL,TOTAL,2011,Belgium,41670,,,
BE222,FOR,T,TOTAL,TOTAL,TOTAL,TOTAL,2011,Belgium,35410,,,
BE223,FOR,T,TOTAL,TOTAL,TOTAL,TOTAL,2011,Belgium,28510,,,
BE23,FOR,T,TOTAL,TOTAL,TOTAL,TOTAL,2011,Belgium,99427,,,
BE231,FOR,T,TOTAL,TOTAL,TOTAL,TOTAL,2011,Belgium,13896,,,
BE232,FOR,T,TOTAL,TOTAL,TOTAL,TOTAL,2011,Belgium,8982,,,
BE233,FOR,T,TOTAL,TOTAL,TOTAL,TOTAL,2011,Belgium,4663,,,
BE234,FOR,T,TOTAL,TOTAL,TOTAL,TOTAL,2011,Belgium,49552,,,
BE235,FOR,T,TOTAL,TOTAL,TOTAL,TOTAL,2011,Belgium,5518,,,
BE236,FOR,T,TOTAL,TOTAL,TOTAL,TOTAL,2011,Belgium,16816,,,
BE24,FOR,T,TOTAL,TOTAL,TOTAL,TOTAL,2011,Belgium,114446,,,
BE241,FOR,T,TOTAL,TOTAL,TOTAL,TOTAL,2011,Belgium,70923,,,
BE242,FOR,T,TOTAL,TOTAL,TOTAL,TOTAL,2011,Belgium,43523,,,
BE25,FOR,T,TOTAL,TOTAL,TOTAL,TOTAL,2011,Belgium,57582,,,
BE251,FOR,T,TOTAL,TOTAL,TOTAL,TOTAL,2011,Belgium,13762,,,
BE252,FOR,T,TOTAL,TOTAL,TOTAL,TOTAL,2011,Belgium,1248,,,
BE253,FOR,T,TOTAL,TOTAL,TOTAL,TOTAL,2011,Belgium,5097,,,
BE254,FOR,T,TOTAL,TOTAL,TOTAL,TOTAL,2011,Belgium,16100,,,
BE255,FOR,T,TOTAL,TOTAL,TOTAL,TOTAL,2011,Belgium,9718,,,
BE256,FOR,T,TOTAL,TOTAL,TOTAL,TOTAL,2011,Belgium,5080,,,
BE257,FOR,T,TOTAL,TOTAL,TOTAL,TOTAL,2011,Belgium,2750,,,
BE258,FOR,T,TOTAL,TOTAL,TOTAL,TOTAL,2011,Belgium,3827,,,
BE3,FOR,T,TOTAL,TOTAL,TOTAL,TOTAL,2011,Belgium,473010,,,
BE31,FOR,T,TOTAL,TOTAL,TOTAL,TOTAL,2011,Belgium,52599,,,
BE310,FOR,T,TOTAL,TOTAL,TOTAL,TOTAL,2011,Belgium,52599,,,
BE32,FOR,T,TOTAL,TOTAL,TOTAL,TOTAL,2011,Belgium,182966,,,
BE321,FOR,T,TOTAL,TOTAL,TOTAL,TOTAL,2011,Belgium,6259,,,
BE322,FOR,T,TOTAL,TOTAL,TOTAL,TOTAL,2011,Belgium,64274,,,
BE323,FOR,T,TOTAL,TOTAL,TOTAL,TOTAL,2011,Belgium,36506,,,
BE324,FOR,T,TOTAL,TOTAL,TOTAL,TOTAL,2011,Belgium,19115,,,
BE325,FOR,T,TOTAL,TOTAL,TOTAL,TOTAL,2011,Belgium,23001,,,
BE326,FOR,T,TOTAL,TOTAL,TOTAL,TOTAL,2011,Belgium,14309,,,
BE327,FOR,T,TOTAL,TOTAL,TOTAL,TOTAL,2011,Belgium,19502,,,
BE33,FOR,T,TOTAL,TOTAL,TOTAL,TOTAL,2011,Belgium,164872,,,
BE331,FOR,T,TOTAL,TOTAL,TOTAL,TOTAL,2011,Belgium,7417,,,
BE332,FOR,T,TOTAL,TOTAL,TOTAL,TOTAL,2011,Belgium,108177,,,
BE334,FOR,T,TOTAL,TOTAL,TOTAL,TOTAL,2011,Belgium,4863,,,
BE335,FOR,T,TOTAL,TOTAL,TOTAL,TOTAL,2011,Belgium,24729,,,
BE336,FOR,T,TOTAL,TOTAL,TOTAL,TOTAL,2011,Belgium,19686,,,
BE34,FOR,T,TOTAL,TOTAL,TOTAL,TOTAL,2011,Belgium,33240,,,
BE341,FOR,T,TOTAL,TOTAL,TOTAL,TOTAL,2011,Belgium,13978,,,
BE342,FOR,T,TOTAL,TOTAL,TOTAL,TOTAL,2011,Belgium,3887,,,
BE343,FOR,T,TOTAL,TOTAL,TOTAL,TOTAL,2011,Belgium,4585,,,
BE344,FOR,T,TOTAL,TOTAL,TOTAL,TOTAL,2011,Belgium,4412,,,
BE345,FOR,T,TOTAL,TOTAL,TOTAL,TOTAL,2011,Belgium,6378,,,
BE35,FOR,T,TOTAL,TOTAL,TOTAL,TOTAL,2011,Belgium,39333,,,
BE351,FOR,T,TOTAL,TOTAL,TOTAL,TOTAL,2011,Belgium,7887,,,
BE352,FOR,T,TOTAL,TOTAL,TOTAL,TOTAL,2011,Belgium,26868,,,
BE353,FOR,T,TOTAL,TOTAL,TOTAL,TOTAL,2011,Belgium,4578,,,
BEZ,FOR,T,TOTAL,TOTAL,TOTAL,TOTAL,2011,Belgium,0,,,
BEZZ,FOR,T,TOTAL,TOTAL,TOTAL,TOTAL,2011,Belgium,0,,,
BEZZZ,FOR,T,TOTAL,TOTAL,TOTAL,TOTAL,2011,Belgium,0,,,
BE,OTH,T,TOTAL,TOTAL,TOTAL,TOTAL,2011,Belgium,111204,,,
BE1,OTH,T,TOTAL,TOTAL,TOTAL,TOTAL,2011,Belgium,27309,,,
BE10,OTH,T,TOTAL,TOTAL,TOTAL,TOTAL,2011,Belgium,27309,,,
BE100,OTH,T,TOTAL,TOTAL,TOTAL,TOTAL,2011,Belgium,27309,,,
BE2,OTH,T,TOTAL,TOTAL,TOTAL,TOTAL,2011,Belgium,58146,,,
BE21,OTH,T,TOTAL,TOTAL,TOTAL,TOTAL,2011,Belgium,23620,,,
BE211,OTH,T,TOTAL,TOTAL,TOTAL,TOTAL,2011,Belgium,18661,,,
BE212,OTH,T,TOTAL,TOTAL,TOTAL,TOTAL,2011,Belgium,2805,,,
BE213,OTH,T,TOTAL,TOTAL,TOTAL,TOTAL,2011,Belgium,2154,,,
BE22,OTH,T,TOTAL,TOTAL,TOTAL,TOTAL,2011,Belgium,5744,,,
BE221,OTH,T,TOTAL,TOTAL,TOTAL,TOTAL,2011,Belgium,3098,,,
BE222,OTH,T,TOTAL,TOTAL,TOTAL,TOTAL,2011,Belgium,1048,,,
BE223,OTH,T,TOTAL,TOTAL,TOTAL,TOTAL,2011,Belgium,1598,,,
BE23,OTH,T,TOTAL,TOTAL,TOTAL,TOTAL,2011,Belgium,12487,,,
BE231,OTH,T,TOTAL,TOTAL,TOTAL,TOTAL,2011,Belgium,1727,,,
BE232,OTH,T,TOTAL,TOTAL,TOTAL,TOTAL,2011,Belgium,933,,,
BE233,OTH,T,TOTAL,TOTAL,TOTAL,TOTAL,2011,Belgium,567,,,
BE234,OTH,T,TOTAL,TOTAL,TOTAL,TOTAL,2011,Belgium,5925,,,
BE235,OTH,T,TOTAL,TOTAL,TOTAL,TOTAL,2011,Belgium,579,,,
BE236,OTH,T,TOTAL,TOTAL,TOTAL,TOTAL,2011,Belgium,2756,,,
BE24,OTH,T,TOTAL,TOTAL,TOTAL,TOTAL,2011,Belgium,7644,,,
BE241,OTH,T,TOTAL,TOTAL,TOTAL,TOTAL,2011,Belgium,4281,,,
BE242,OTH,T,TOTAL,TOTAL,TOTAL,TOTAL,2011,Belgium,3363,,,
BE25,OTH,T,TOTAL,TOTAL,TOTAL,TOTAL,2011,Belgium,8651,,,
BE251,OTH,T,TOTAL,TOTAL,TOTAL,TOTAL,2011,Belgium,1596,,,
BE252,OTH,T,TOTAL,TOTAL,TOTAL,TOTAL,2011,Belgium,100,,,
BE253,OTH,T,TOTAL,TOTAL,TOTAL,TOTAL,2011,Belgium,560,,,
BE254,OTH,T,TOTAL,TOTAL,TOTAL,TOTAL,2011,Belgium,2229,,,
BE255,OTH,T,TOTAL,TOTAL,TOTAL,TOTAL,2011,Belgium,1946,,,
BE256,OTH,T,TOTAL,TOTAL,TOTAL,TOTAL,2011,Belgium,1296,,,
BE257,OTH,T,TOTAL,TOTAL,TOTAL,TOTAL,2011,Belgium,567,,,
BE258,OTH,T,TOTAL,TOTAL,TOTAL,TOTAL,2011,Belgium,357,,,
BE3,OTH,T,TOTAL,TOTAL,TOTAL,TOTAL,2011,Belgium,25749,,,
BE31,OTH,T,TOTAL,TOTAL,TOTAL,TOTAL,2011,Belgium,1890,,,
BE310,OTH,T,TOTAL,TOTAL,TOTAL,TOTAL,2011,Belgium,1890,,,
BE32,OTH,T,TOTAL,TOTAL,TOTAL,TOTAL,2011,Belgium,4884,,,
BE321,OTH,T,TOTAL,TOTAL,TOTAL,TOTAL,2011,Belgium,191,,,
BE322,OTH,T,TOTAL,TOTAL,TOTAL,TOTAL,2011,Belgium,1888,,,
BE323,OTH,T,TOTAL,TOTAL,TOTAL,TOTAL,2011,Belgium,989,,,
BE324,OTH,T,TOTAL,TOTAL,TOTAL,TOTAL,2011,Belgium,125,,,
BE325,OTH,T,TOTAL,TOTAL,TOTAL,TOTAL,2011,Belgium,830,,,
BE326,OTH,T,TOTAL,TOTAL,TOTAL,TOTAL,2011,Belgium,433,,,
BE327,OTH,T,TOTAL,TOTAL,TOTAL,TOTAL,2011,Belgium,428,,,
BE33,OTH,T,TOTAL,TOTAL,TOTAL,TOTAL,2011,Belgium,12741,,,
BE331,OTH,T,TOTAL,TOTAL,TOTAL,TOTAL,2011,Belgium,1168,,,
BE332,OTH,T,TOTAL,TOTAL,TOTAL,TOTAL,2011,Belgium,6787,,,
BE334,OTH,T,TOTAL,TOTAL,TOTAL,TOTAL,2011,Belgium,273,,,
BE335,OTH,T,TOTAL,TOTAL,TOTAL,TOTAL,2011,Belgium,2705,,,
BE336,OTH,T,TOTAL,TOTAL,TOTAL,TOTAL,2011,Belgium,1808,,,
BE34,OTH,T,TOTAL,TOTAL,TOTAL,TOTAL,2011,Belgium,2163,,,
BE341,OTH,T,TOTAL,TOTAL,TOTAL,TOTAL,2011,Belgium,697,,,
BE342,OTH,T,TOTAL,TOTAL,TOTAL,TOTAL,2011,Belgium,305,,,
BE343,OTH,T,TOTAL,TOTAL,TOTAL,TOTAL,2011,Belgium,688,,,
BE344,OTH,T,TOTAL,TOTAL,TOTAL,TOTAL,2011,Belgium,217,,,
BE345,OTH,T,TOTAL,TOTAL,TOTAL,TOTAL,2011,Belgium,256,,,
BE35,OTH,T,TOTAL,TOTAL,TOTAL,TOTAL,2011,Belgium,4071,,,
BE351,OTH,T,TOTAL,TOTAL,TOTAL,TOTAL,2011,Belgium,789,,,
BE352,OTH,T,TOTAL,TOTAL,TOTAL,TOTAL,2011,Belgium,2898,,,
BE353,OTH,T,TOTAL,TOTAL,TOTAL,TOTAL,2011,Belgium,384,,,
BEZ,OTH,T,TOTAL,TOTAL,TOTAL,TOTAL,2011,Belgium,0,,,
BEZZ,OTH,T,TOTAL,TOTAL,TOTAL,TOTAL,2011,Belgium,0,,,
BEZZZ,OTH,T,TOTAL,TOTAL,TOTAL,TOTAL,2011,Belgium,0,,,
BE,UNK,T,TOTAL,TOTAL,TOTAL,TOTAL,2011,Belgium,544,,,
BE1,UNK,T,TOTAL,TOTAL,TOTAL,TOTAL,2011,Belgium,268,,,
BE10,UNK,T,TOTAL,TOTAL,TOTAL,TOTAL,2011,Belgium,268,,,
BE100,UNK,T,TOTAL,TOTAL,TOTAL,TOTAL,2011,Belgium,268,,,
BE2,UNK,T,TOTAL,TOTAL,TOTAL,TOTAL,2011,Belgium,109,,,
BE21,UNK,T,TOTAL,TOTAL,TOTAL,TOTAL,2011,Belgium,44,,,
BE211,UNK,T,TOTAL,TOTAL,TOTAL,TOTAL,2011,Belgium,36,,,
BE212,UNK,T,TOTAL,TOTAL,TOTAL,TOTAL,2011,Belgium,2,,,
BE213,UNK,T,TOTAL,TOTAL,TOTAL,TOTAL,2011,Belgium,6,,,
BE22,UNK,T,TOTAL,TOTAL,TOTAL,TOTAL,2011,Belgium,11,,,
BE221,UNK,T,TOTAL,TOTAL,TOTAL,TOTAL,2011,Belgium,5,,,
BE222,UNK,T,TOTAL,TOTAL,TOTAL,TOTAL,2011,Belgium,5,,,
BE223,UNK,T,TOTAL,TOTAL,TOTAL,TOTAL,2011,Belgium,1,,,
BE23,UNK,T,TOTAL,TOTAL,TOTAL,TOTAL,2011,Belgium,12,,,
BE231,UNK,T,TOTAL,TOTAL,TOTAL,TOTAL,2011,Belgium,2,,,
BE232,UNK,T,TOTAL,TOTAL,TOTAL,TOTAL,2011,Belgium,1,,,
BE233,UNK,T,TOTAL,TOTAL,TOTAL,TOTAL,2011,Belgium,0,,,
BE234,UNK,T,TOTAL,TOTAL,TOTAL,TOTAL,2011,Belgium,3,,,
BE235,UNK,T,TOTAL,TOTAL,TOTAL,TOTAL,2011,Belgium,0,,,
BE236,UNK,T,TOTAL,TOTAL,TOTAL,TOTAL,2011,Belgium,6,,,
BE24,UNK,T,TOTAL,TOTAL,TOTAL,TOTAL,2011,Belgium,33,,,
BE241,UNK,T,TOTAL,TOTAL,TOTAL,TOTAL,2011,Belgium,21,,,
BE242,UNK,T,TOTAL,TOTAL,TOTAL,TOTAL,2011,Belgium,12,,,
BE25,UNK,T,TOTAL,TOTAL,TOTAL,TOTAL,2011,Belgium,9,,,
BE251,UNK,T,TOTAL,TOTAL,TOTAL,TOTAL,2011,Belgium,2,,,
BE252,UNK,T,TOTAL,TOTAL,TOTAL,TOTAL,2011,Belgium,0,,,
BE253,UNK,T,TOTAL,TOTAL,TOTAL,TOTAL,2011,Belgium,0,,,
BE254,UNK,T,TOTAL,TOTAL,TOTAL,TOTAL,2011,Belgium,0,,,
BE255,UNK,T,TOTAL,TOTAL,TOTAL,TOTAL,2011,Belgium,4,,,
BE256,UNK,T,TOTAL,TOTAL,TOTAL,TOTAL,2011,Belgium,0,,,
BE257,UNK,T,TOTAL,TOTAL,TOTAL,TOTAL,2011,Belgium,2,,,
BE258,UNK,T,TOTAL,TOTAL,TOTAL,TOTAL,2011,Belgium,1,,,
BE3,UNK,T,TOTAL,TOTAL,TOTAL,TOTAL,2011,Belgium,167,,,
BE31,UNK,T,TOTAL,TOTAL,TOTAL,TOTAL,2011,Belgium,15,,,
BE310,UNK,T,TOTAL,TOTAL,TOTAL,TOTAL,2011,Belgium,15,,,
BE32,UNK,T,TOTAL,TOTAL,TOTAL,TOTAL,2011,Belgium,43,,,
BE321,UNK,T,TOTAL,TOTAL,TOTAL,TOTAL,2011,Belgium,2,,,
BE322,UNK,T,TOTAL,TOTAL,TOTAL,TOTAL,2011,Belgium,9,,,
BE323,UNK,T,TOTAL,TOTAL,TOTAL,TOTAL,2011,Belgium,9,,,
BE324,UNK,T,TOTAL,TOTAL,TOTAL,TOTAL,2011,Belgium,0,,,
BE325,UNK,T,TOTAL,TOTAL,TOTAL,TOTAL,2011,Belgium,7,,,
BE326,UNK,T,TOTAL,TOTAL,TOTAL,TOTAL,2011,Belgium,5,,,
BE327,UNK,T,TOTAL,TOTAL,TOTAL,TOTAL,2011,Belgium,11,,,
BE33,UNK,T,TOTAL,TOTAL,TOTAL,TOTAL,2011,Belgium,94,,,
BE331,UNK,T,TOTAL,TOTAL,TOTAL,TOTAL,2011,Belgium,1,,,
BE332,UNK,T,TOTAL,TOTAL,TOTAL,TOTAL,2011,Belgium,75,,,
BE334,UNK,T,TOTAL,TOTAL,TOTAL,TOTAL,2011,Belgium,7,,,
BE335,UNK,T,TOTAL,TOTAL,TOTAL,TOTAL,2011,Belgium,9,,,
BE336,UNK,T,TOTAL,TOTAL,TOTAL,TOTAL,2011,Belgium,2,,,
BE34,UNK,T,TOTAL,TOTAL,TOTAL,TOTAL,2011,Belgium,6,,,
BE341,UNK,T,TOTAL,TOTAL,TOTAL,TOTAL,2011,Belgium,1,,,
BE342,UNK,T,TOTAL,TOTAL,TOTAL,TOTAL,2011,Belgium,0,,,
BE343,UNK,T,TOTAL,TOTAL,TOTAL,TOTAL,2011,Belgium,2,,,
BE344,UNK,T,TOTAL,TOTAL,TOTAL,TOTAL,2011,Belgium,1,,,
BE345,UNK,T,TOTAL,TOTAL,TOTAL,TOTAL,2011,Belgium,2,,,
BE35,UNK,T,TOTAL,TOTAL,TOTAL,TOTAL,2011,Belgium,9,,,
BE351,UNK,T,TOTAL,TOTAL,TOTAL,TOTAL,2011,Belgium,4,,,
BE352,UNK,T,TOTAL,TOTAL,TOTAL,TOTAL,2011,Belgium,3,,,
BE353,UNK,T,TOTAL,TOTAL,TOTAL,TOTAL,2011,Belgium,2,,,
BEZ,UNK,T,TOTAL,TOTAL,TOTAL,TOTAL,2011,Belgium,0,,,
BEZZ,UNK,T,TOTAL,TOTAL,TOTAL,TOTAL,2011,Belgium,0,,,
BEZZZ,UNK,T,TOTAL,TOTAL,TOTAL,TOTAL,2011,Belgium,0,,,
FI,NAT,T,TOTAL,TOTAL,TOTAL,TOTAL,2011,Finland,0,,,
FI1,NAT,T,TOTAL,TOTAL,TOTAL,TOTAL,2011,Finland,5102919,,,
FI19,NAT,T,TOTAL,TOTAL,TOTAL,TOTAL,2011,Finland,1316363,,,
FI193,NAT,T,TOTAL,TOTAL,TOTAL,TOTAL,2011,Finland,266146,,,
FI194,NAT,T,TOTAL,TOTAL,TOTAL,TOTAL,2011,Finland,189822,,,
FI195,NAT,T,TOTAL,TOTAL,TOTAL,TOTAL,2011,Finland,167843,,,
FI196,NAT,T,TOTAL,TOTAL,TOTAL,TOTAL,2011,Finland,222160,,,
FI197,NAT,T,TOTAL,TOTAL,TOTAL,TOTAL,2011,Finland,470392,,,
FI1B,NAT,T,TOTAL,TOTAL,TOTAL,TOTAL,2011,Finland,1410957,,,
FI1B1,NAT,T,TOTAL,TOTAL,TOTAL,TOTAL,2011,Finland,1410957,,,
FI1C,NAT,T,TOTAL,TOTAL,TOTAL,TOTAL,2011,Finland,1110756,,,
FI1C1,NAT,T,TOTAL,TOTAL,TOTAL,TOTAL,2011,Finland,443205,,,
FI1C2,NAT,T,TOTAL,TOTAL,TOTAL,TOTAL,2011,Finland,170031,,,
FI1C3,NAT,T,TOTAL,TOTAL,TOTAL,TOTAL,2011,Finland,194294,,,
FI1C4,NAT,T,TOTAL,TOTAL,TOTAL,TOTAL,2011,Finland,174870,,,
FI1C5,NAT,T,TOTAL,TOTAL,TOTAL,TOTAL,2011,Finland,128356,,,
FI1D,NAT,T,TOTAL,TOTAL,TOTAL,TOTAL,2011,Finland,1264843,,,
FI1D1,NAT,T,TOTAL,TOTAL,TOTAL,TOTAL,2011,Finland,151285,,,
FI1D2,NAT,T,TOTAL,TOTAL,TOTAL,TOTAL,2011,Finland,243120,,,
FI1D3,NAT,T,TOTAL,TOTAL,TOTAL,TOTAL,2011,Finland,161411,,,
FI1D4,NAT,T,TOTAL,TOTAL,TOTAL,TOTAL,2011,Finland,80157,,,
FI1D5,NAT,T,TOTAL,TOTAL,TOTAL,TOTAL,2011,Finland,66498,,,
FI1D6,NAT,T,TOTAL,TOTAL,TOTAL,TOTAL,2011,Finland,384918,,,
FI1D7,NAT,T,TOTAL,TOTAL,TOTAL,TOTAL,2011,Finland,177454,,,
FI2,NAT,T,TOTAL,TOTAL,TOTAL,TOTAL,2011,Finland,24222,,,
FI20,NAT,T,TOTAL,TOTAL,TOTAL,TOTAL,2011,Finland,24222,,,
FI200,NAT,T,TOTAL,TOTAL,TOTAL,TOTAL,2011,Finland,24222,,,
FIZ,NAT,T,TOTAL,TOTAL,TOTAL,TOTAL,2011,Finland,0,,,
FIZZ,NAT,T,TOTAL,TOTAL,TOTAL,TOTAL,2011,Finland,0,,,
FIZZZ,NAT,T,TOTAL,TOTAL,TOTAL,TOTAL,2011,Finland,0,,,
FI,FOR,T,TOTAL,TOTAL,TOTAL,TOTAL,2011,Finland,0,,,
FI1,FOR,T,TOTAL,TOTAL,TOTAL,TOTAL,2011,Finland,183401,,,
FI19,FOR,T,TOTAL,TOTAL,TOTAL,TOTAL,2011,Finland,34900,,,
FI193,FOR,T,TOTAL,TOTAL,TOTAL,TOTAL,2011,Finland,5547,,,
FI194,FOR,T,TOTAL,TOTAL,TOTAL,TOTAL,2011,Finland,3023,,,
FI195,FOR,T,TOTAL,TOTAL,TOTAL,TOTAL,2011,Finland,8623,,,
FI196,FOR,T,TOTAL,TOTAL,TOTAL,TOTAL,2011,Finland,3771,,,
FI197,FOR,T,TOTAL,TOTAL,TOTAL,TOTAL,2011,Finland,13936,,,
FI1B,FOR,T,TOTAL,TOTAL,TOTAL,TOTAL,2011,Finland,93050,,,
FI1B1,FOR,T,TOTAL,TOTAL,TOTAL,TOTAL,2011,Finland,93050,,,
FI1C,FOR,T,TOTAL,TOTAL,TOTAL,TOTAL,2011,Finland,30810,,,
FI1C1,FOR,T,TOTAL,TOTAL,TOTAL,TOTAL,2011,Finland,15940,,,
FI1C2,FOR,T,TOTAL,TOTAL,TOTAL,TOTAL,2011,Finland,3468,,,
FI1C3,FOR,T,TOTAL,TOTAL,TOTAL,TOTAL,2011,Finland,4911,,,
FI1C4,FOR,T,TOTAL,TOTAL,TOTAL,TOTAL,2011,Finland,4054,,,
FI1C5,FOR,T,TOTAL,TOTAL,TOTAL,TOTAL,2011,Finland,2437,,,
FI1D,FOR,T,TOTAL,TOTAL,TOTAL,TOTAL,2011,Finland,24641,,,
FI1D1,FOR,T,TOTAL,TOTAL,TOTAL,TOTAL,2011,Finland,2158,,,
FI1D2,FOR,T,TOTAL,TOTAL,TOTAL,TOTAL,2011,Finland,3473,,,
FI1D3,FOR,T,TOTAL,TOTAL,TOTAL,TOTAL,2011,Finland,2664,,,
FI1D4,FOR,T,TOTAL,TOTAL,TOTAL,TOTAL,2011,Finland,1177,,,
FI1D5,FOR,T,TOTAL,TOTAL,TOTAL,TOTAL,2011,Finland,1528,,,
FI1D6,FOR,T,TOTAL,TOTAL,TOTAL,TOTAL,2011,Finland,8232,,,
FI1D7,FOR,T,TOTAL,TOTAL,TOTAL,TOTAL,2011,Finland,5409,,,
FI2,FOR,T,TOTAL,TOTAL,TOTAL,TOTAL,2011,Finland,3572,,,
FI20,FOR,T,TOTAL,TOTAL,TOTAL,TOTAL,2011,Finland,3572,,,
FI200,FOR,T,TOTAL,TOTAL,TOTAL,TOTAL,2011,Finland,3572,,,
FIZ,FOR,T,TOTAL,TOTAL,TOTAL,TOTAL,2011,Finland,0,,,
FIZZ,FOR,T,TOTAL,TOTAL,TOTAL,TOTAL,2011,Finland,0,,,
FIZZZ,FOR,T,TOTAL,TOTAL,TOTAL,TOTAL,2011,Finland,0,,,
FI,OTH,T,TOTAL,TOTAL,TOTAL,TOTAL,2011,Finland,0,,,
FI1,OTH,T,TOTAL,TOTAL,TOTAL,TOTAL,2011,Finland,55331,,,
FI19,OTH,T,TOTAL,TOTAL,TOTAL,TOTAL,2011,Finland,7619,,,
FI193,OTH,T,TOTAL,TOTAL,TOTAL,TOTAL,2011,Finland,1759,,,
FI194,OTH,T,TOTAL,TOTAL,TOTAL,TOTAL,2011,Finland,499,,,
FI195,OTH,T,TOTAL,TOTAL,TOTAL,TOTAL,2011,Finland,1128,,,
FI196,OTH,T,TOTAL,TOTAL,TOTAL,TOTAL,2011,Finland,989,,,
FI197,OTH,T,TOTAL,TOTAL,TOTAL,TOTAL,2011,Finland,3244,,,
FI1B,OTH,T,TOTAL,TOTAL,TOTAL,TOTAL,2011,Finland,25772,,,
FI1B1,OTH,T,TOTAL,TOTAL,TOTAL,TOTAL,2011,Finland,25772,,,
FI1C,OTH,T,TOTAL,TOTAL,TOTAL,TOTAL,2011,Finland,14981,,,
FI1C1,OTH,T,TOTAL,TOTAL,TOTAL,TOTAL,2011,Finland,5526,,,
FI1C2,OTH,T,TOTAL,TOTAL,TOTAL,TOTAL,2011,Finland,919,,,
FI1C3,OTH,T,TOTAL,TOTAL,TOTAL,TOTAL,2011,Finland,2489,,,
FI1C4,OTH,T,TOTAL,TOTAL,TOTAL,TOTAL,2011,Finland,3228,,,
FI1C5,OTH,T,TOTAL,TOTAL,TOTAL,TOTAL,2011,Finland,2819,,,
FI1D,OTH,T,TOTAL,TOTAL,TOTAL,TOTAL,2011,Finland,6959,,,
FI1D1,OTH,T,TOTAL,TOTAL,TOTAL,TOTAL,2011,Finland,1161,,,
FI1D2,OTH,T,TOTAL,TOTAL,TOTAL,TOTAL,2011,Finland,1198,,,
FI1D3,OTH,T,TOTAL,TOTAL,TOTAL,TOTAL,2011,Finland,1708,,,
FI1D4,OTH,T,TOTAL,TOTAL,TOTAL,TOTAL,2011,Finland,695,,,
FI1D5,OTH,T,TOTAL,TOTAL,TOTAL,TOTAL,2011,Finland,237,,,
FI1D6,OTH,T,TOTAL,TOTAL,TOTAL,TOTAL,2011,Finland,1483,,,
FI1D7,OTH,T,TOTAL,TOTAL,TOTAL,TOTAL,2011,Finland,477,,,
FI2,OTH,T,TOTAL,TOTAL,TOTAL,TOTAL,2011,Finland,49,,,
FI20,OTH,T,TOTAL,TOTAL,TOTAL,TOTAL,2011,Finland,49,,,
FI200,OTH,T,TOTAL,TOTAL,TOTAL,TOTAL,2011,Finland,49,,,
FIZ,OTH,T,TOTAL,TOTAL,TOTAL,TOTAL,2011,Finland,0,,,
FIZZ,OTH,T,TOTAL,TOTAL,TOTAL,TOTAL,2011,Finland,0,,,
FIZZZ,OTH,T,TOTAL,TOTAL,TOTAL,TOTAL,2011,Finland,0,,,
FI,UNK,T,TOTAL,TOTAL,TOTAL,TOTAL,2011,Finland,0,,,
FI1,UNK,T,TOTAL,TOTAL,TOTAL,TOTAL,2011,Finland,5618,,,
FI19,UNK,T,TOTAL,TOTAL,TOTAL,TOTAL,2011,Finland,1159,,,
FI193,UNK,T,TOTAL,TOTAL,TOTAL,TOTAL,2011,Finland,185,,,
FI194,UNK,T,TOTAL,TOTAL,TOTAL,TOTAL,2011,Finland,160,,,
FI195,UNK,T,TOTAL,TOTAL,TOTAL,TOTAL,2011,Finland,352,,,
FI196,UNK,T,TOTAL,TOTAL,TOTAL,TOTAL,2011,Finland,111,,,
FI197,UNK,T,TOTAL,TOTAL,TOTAL,TOTAL,2011,Finland,351,,,
FI1B,UNK,T,TOTAL,TOTAL,TOTAL,TOTAL,2011,Finland,2530,,,
FI1B1,UNK,T,TOTAL,TOTAL,TOTAL,TOTAL,2011,Finland,2530,,,
FI1C,UNK,T,TOTAL,TOTAL,TOTAL,TOTAL,2011,Finland,1048,,,
FI1C1,UNK,T,TOTAL,TOTAL,TOTAL,TOTAL,2011,Finland,512,,,
FI1C2,UNK,T,TOTAL,TOTAL,TOTAL,TOTAL,2011,Finland,137,,,
FI1C3,UNK,T,TOTAL,TOTAL,TOTAL,TOTAL,2011,Finland,78,,,
FI1C4,UNK,T,TOTAL,TOTAL,TOTAL,TOTAL,2011,Finland,230,,,
FI1C5,UNK,T,TOTAL,TOTAL,TOTAL,TOTAL,2011,Finland,91,,,
FI1D,UNK,T,TOTAL,TOTAL,TOTAL,TOTAL,2011,Finland,881,,,
FI1D1,UNK,T,TOTAL,TOTAL,TOTAL,TOTAL,2011,Finland,64,,,
FI1D2,UNK,T,TOTAL,TOTAL,TOTAL,TOTAL,2011,Finland,152,,,
FI1D3,UNK,T,TOTAL,TOTAL,TOTAL,TOTAL,2011,Finland,83,,,
FI1D4,UNK,T,TOTAL,TOTAL,TOTAL,TOTAL,2011,Finland,44,,,
FI1D5,UNK,T,TOTAL,TOTAL,TOTAL,TOTAL,2011,Finland,58,,,
FI1D6,UNK,T,TOTAL,TOTAL,TOTAL,TOTAL,2011,Finland,332,,,
FI1D7,UNK,T,TOTAL,TOTAL,TOTAL,TOTAL,2011,Finland,148,,,
FI2,UNK,T,TOTAL,TOTAL,TOTAL,TOTAL,2011,Finland,164,,,
FI20,UNK,T,TOTAL,TOTAL,TOTAL,TOTAL,2011,Finland,164,,,
FI200,UNK,T,TOTAL,TOTAL,TOTAL,TOTAL,2011,Finland,164,,,
FIZ,UNK,T,TOTAL,TOTAL,TOTAL,TOTAL,2011,Finland,0,,,
FIZZ,UNK,T,TOTAL,TOTAL,TOTAL,TOTAL,2011,Finland,0,,,
FIZZZ,UNK,T,TOTAL,TOTAL,TOTAL,TOTAL,2011,Finland,0,,,
PT,NAT,T,TOTAL,TOTAL,TOTAL,TOTAL,2011,Portugal,9690365,,,
PT1,NAT,T,TOTAL,TOTAL,TOTAL,TOTAL,2011,Portugal,9203238,,,
PT11,NAT,T,TOTAL,TOTAL,TOTAL,TOTAL,2011,Portugal,3514847,,,
PT111,NAT,T,TOTAL,TOTAL,TOTAL,TOTAL,2011,Portugal,229050,,,
PT112,NAT,T,TOTAL,TOTAL,TOTAL,TOTAL,2011,Portugal,387282,,,
PT113,NAT,T,TOTAL,TOTAL,TOTAL,TOTAL,2011,Portugal,492034,,,
PT114,NAT,T,TOTAL,TOTAL,TOTAL,TOTAL,2011,Portugal,1221281,,,
PT115,NAT,T,TOTAL,TOTAL,TOTAL,TOTAL,2011,Portugal,537162,,,
PT116,NAT,T,TOTAL,TOTAL,TOTAL,TOTAL,2011,Portugal,261683,,,
PT117,NAT,T,TOTAL,TOTAL,TOTAL,TOTAL,2011,Portugal,195658,,,
PT118,NAT,T,TOTAL,TOTAL,TOTAL,TOTAL,2011,Portugal,190697,,,
PT15,NAT,T,TOTAL,TOTAL,TOTAL,TOTAL,2011,Portugal,374125,,,
PT150,NAT,T,TOTAL,TOTAL,TOTAL,TOTAL,2011,Portugal,374125,,,
PT16,NAT,T,TOTAL,TOTAL,TOTAL,TOTAL,2011,Portugal,2168502,,,
PT161,NAT,T,TOTAL,TOTAL,TOTAL,TOTAL,2011,Portugal,360478,,,
PT162,NAT,T,TOTAL,TOTAL,TOTAL,TOTAL,2011,Portugal,311249,,,
PT163,NAT,T,TOTAL,TOTAL,TOTAL,TOTAL,2011,Portugal,238278,,,
PT164,NAT,T,TOTAL,TOTAL,TOTAL,TOTAL,2011,Portugal,124394,,,
PT165,NAT,T,TOTAL,TOTAL,TOTAL,TOTAL,2011,Portugal,258812,,,
PT166,NAT,T,TOTAL,TOTAL,TOTAL,TOTAL,2011,Portugal,38887,,,
PT167,NAT,T,TOTAL,TOTAL,TOTAL,TOTAL,2011,Portugal,41299,,,
PT168,NAT,T,TOTAL,TOTAL,TOTAL,TOTAL,2011,Portugal,97915,,,
PT169,NAT,T,TOTAL,TOTAL,TOTAL,TOTAL,2011,Portugal,70872,,,
PT16A,NAT,T,TOTAL,TOTAL,TOTAL,TOTAL,2011,Portugal,83391,,,
PT16B,NAT,T,TOTAL,TOTAL,TOTAL,TOTAL,2011,Portugal,335772,,,
PT16C,NAT,T,TOTAL,TOTAL,TOTAL,TOTAL,2011,Portugal,207155,,,
PT17,NAT,T,TOTAL,TOTAL,TOTAL,TOTAL,2011,Portugal,2429565,,,
PT171,NAT,T,TOTAL,TOTAL,TOTAL,TOTAL,2011,Portugal,1742625,,,
PT172,NAT,T,TOTAL,TOTAL,TOTAL,TOTAL,2011,Portugal,686940,,,
PT18,NAT,T,TOTAL,TOTAL,TOTAL,TOTAL,2011,Portugal,716199,,,
PT181,NAT,T,TOTAL,TOTAL,TOTAL,TOTAL,2011,Portugal,89588,,,
PT182,NAT,T,TOTAL,TOTAL,TOTAL,TOTAL,2011,Portugal,113438,,,
PT183,NAT,T,TOTAL,TOTAL,TOTAL,TOTAL,2011,Portugal,160355,,,
PT184,NAT,T,TOTAL,TOTAL,TOTAL,TOTAL,2011,Portugal,121348,,,
PT185,NAT,T,TOTAL,TOTAL,TOTAL,TOTAL,2011,Portugal,231470,,,
PT2,NAT,T,TOTAL,TOTAL,TOTAL,TOTAL,2011,Portugal,238540,,,
PT20,NAT,T,TOTAL,TOTAL,TOTAL,TOTAL,2011,Portugal,238540,,,
PT200,NAT,T,TOTAL,TOTAL,TOTAL,TOTAL,2011,Portugal,238540,,,
PT3,NAT,T,TOTAL,TOTAL,TOTAL,TOTAL,2011,Portugal,248587,,,
PT30,NAT,T,TOTAL,TOTAL,TOTAL,TOTAL,2011,Portugal,248587,,,
PT300,NAT,T,TOTAL,TOTAL,TOTAL,TOTAL,2011,Portugal,248587,,,
PTZ,NAT,T,TOTAL,TOTAL,TOTAL,TOTAL,2011,Portugal,0,,,
PTZZ,NAT,T,TOTAL,TOTAL,TOTAL,TOTAL,2011,Portugal,0,,,
PTZZZ,NAT,T,TOTAL,TOTAL,TOTAL,TOTAL,2011,Portugal,0,,,
PT,FOR,T,TOTAL,TOTAL,TOTAL,TOTAL,2011,Portugal,871813,,,
PT1,FOR,T,TOTAL,TOTAL,TOTAL,TOTAL,2011,Portugal,844383,,,
PT11,FOR,T,TOTAL,TOTAL,TOTAL,TOTAL,2011,Portugal,174835,,,
PT111,FOR,T,TOTAL,TOTAL,TOTAL,TOTAL,2011,Portugal,15786,,,
PT112,FOR,T,TOTAL,TOTAL,TOTAL,TOTAL,2011,Portugal,22887,,,
PT113,FOR,T,TOTAL,TOTAL,TOTAL,TOTAL,2011,Portugal,19703,,,
PT114,FOR,T,TOTAL,TOTAL,TOTAL,TOTAL,2011,Portugal,66001,,,
PT115,FOR,T,TOTAL,TOTAL,TOTAL,TOTAL,2011,Portugal,13354,,,
PT116,FOR,T,TOTAL,TOTAL,TOTAL,TOTAL,2011,Portugal,13176,,,
PT117,FOR,T,TOTAL,TOTAL,TOTAL,TOTAL,2011,Portugal,10244,,,
PT118,FOR,T,TOTAL,TOTAL,TOTAL,TOTAL,2011,Portugal,13684,,,
PT15,FOR,T,TOTAL,TOTAL,TOTAL,TOTAL,2011,Portugal,76881,,,
PT150,FOR,T,TOTAL,TOTAL,TOTAL,TOTAL,2011,Portugal,76881,,,
PT16,FOR,T,TOTAL,TOTAL,TOTAL,TOTAL,2011,Portugal,159253,,,
PT161,FOR,T,TOTAL,TOTAL,TOTAL,TOTAL,2011,Portugal,30344,,,
PT162,FOR,T,TOTAL,TOTAL,TOTAL,TOTAL,2011,Portugal,21077,,,
PT163,FOR,T,TOTAL,TOTAL,TOTAL,TOTAL,2011,Portugal,22664,,,
PT164,FOR,T,TOTAL,TOTAL,TOTAL,TOTAL,2011,Portugal,7074,,,
PT165,FOR,T,TOTAL,TOTAL,TOTAL,TOTAL,2011,Portugal,18428,,,
PT166,FOR,T,TOTAL,TOTAL,TOTAL,TOTAL,2011,Portugal,1818,,,
PT167,FOR,T,TOTAL,TOTAL,TOTAL,TOTAL,2011,Portugal,2438,,,
PT168,FOR,T,TOTAL,TOTAL,TOTAL,TOTAL,2011,Portugal,6502,,,
PT169,FOR,T,TOTAL,TOTAL,TOTAL,TOTAL,2011,Portugal,4156,,,
PT16A,FOR,T,TOTAL,TOTAL,TOTAL,TOTAL,2011,Portugal,4478,,,
PT16B,FOR,T,TOTAL,TOTAL,TOTAL,TOTAL,2011,Portugal,26768,,,
PT16C,FOR,T,TOTAL,TOTAL,TOTAL,TOTAL,2011,Portugal,13506,,,
PT17,FOR,T,TOTAL,TOTAL,TOTAL,TOTAL,2011,Portugal,392311,,,
PT171,FOR,T,TOTAL,TOTAL,TOTAL,TOTAL,2011,Portugal,299852,,,
PT172,FOR,T,TOTAL,TOTAL,TOTAL,TOTAL,2011,Portugal,92459,,,
PT18,FOR,T,TOTAL,TOTAL,TOTAL,TOTAL,2011,Portugal,41103,,,
PT181,FOR,T,TOTAL,TOTAL,TOTAL,TOTAL,2011,Portugal,8337,,,
PT182,FOR,T,TOTAL,TOTAL,TOTAL,TOTAL,2011,Portugal,4972,,,
PT183,FOR,T,TOTAL,TOTAL,TOTAL,TOTAL,2011,Portugal,6467,,,
PT184,FOR,T,TOTAL,TOTAL,TOTAL,TOTAL,2011,Portugal,5344,,,
PT185,FOR,T,TOTAL,TOTAL,TOTAL,TOTAL,2011,Portugal,15983,,,
PT2,FOR,T,TOTAL,TOTAL,TOTAL,TOTAL,2011,Portugal,8232,,,
PT20,FOR,T,TOTAL,TOTAL,TOTAL,TOTAL,2011,Portugal,8232,,,
PT200,FOR,T,TOTAL,TOTAL,TOTAL,TOTAL,2011,Portugal,8232,,,
PT3,FOR,T,TOTAL,TOTAL,TOTAL,TOTAL,2011,Portugal,19198,,,
PT30,FOR,T,TOTAL,TOTAL,TOTAL,TOTAL,2011,Portugal,19198,,,
PT300,FOR,T,TOTAL,TOTAL,TOTAL,TOTAL,2011,Portugal,19198,,,
PTZ,FOR,T,TOTAL,TOTAL,TOTAL,TOTAL,2011,Portugal,0,,,
PTZZ,FOR,T,TOTAL,TOTAL,TOTAL,TOTAL,2011,Portugal,0,,,
PTZZZ,FOR,T,TOTAL,TOTAL,TOTAL,TOTAL,2011,Portugal,0,,,
PT,OTH,T,TOTAL,TOTAL,TOTAL,TOTAL,2011,Portugal,:,z,,
PT1,OTH,T,TOTAL,TOTAL,TOTAL,TOTAL,2011,Portugal,:,z,,
PT11,OTH,T,TOTAL,TOTAL,TOTAL,TOTAL,2011,Portugal,:,z,,
PT111,OTH,T,TOTAL,TOTAL,TOTAL,TOTAL,2011,Portugal,:,z,,
PT112,OTH,T,TOTAL,TOTAL,TOTAL,TOTAL,2011,Portugal,:,z,,
PT113,OTH,T,TOTAL,TOTAL,TOTAL,TOTAL,2011,Portugal,:,z,,
PT114,OTH,T,TOTAL,TOTAL,TOTAL,TOTAL,2011,Portugal,:,z,,
PT115,OTH,T,TOTAL,TOTAL,TOTAL,TOTAL,2011,Portugal,:,z,,
PT116,OTH,T,TOTAL,TOTAL,TOTAL,TOTAL,2011,Portugal,:,z,,
PT117,OTH,T,TOTAL,TOTAL,TOTAL,TOTAL,2011,Portugal,:,z,,
PT118,OTH,T,TOTAL,TOTAL,TOTAL,TOTAL,2011,Portugal,:,z,,
PT15,OTH,T,TOTAL,TOTAL,TOTAL,TOTAL,2011,Portugal,:,z,,
PT150,OTH,T,TOTAL,TOTAL,TOTAL,TOTAL,2011,Portugal,:,z,,
PT16,OTH,T,TOTAL,TOTAL,TOTAL,TOTAL,2011,Portugal,:,z,,
PT161,OTH,T,TOTAL,TOTAL,TOTAL,TOTAL,2011,Portugal,:,z,,
PT162,OTH,T,TOTAL,TOTAL,TOTAL,TOTAL,2011,Portugal,:,z,,
PT163,OTH,T,TOTAL,TOTAL,TOTAL,TOTAL,2011,Portugal,:,z,,
PT164,OTH,T,TOTAL,TOTAL,TOTAL,TOTAL,2011,Portugal,:,z,,
PT165,OTH,T,TOTAL,TOTAL,TOTAL,TOTAL,2011,Portugal,:,z,,
PT166,OTH,T,TOTAL,TOTAL,TOTAL,TOTAL,2011,Portugal,:,z,,
PT167,OTH,T,TOTAL,TOTAL,TOTAL,TOTAL,2011,Portugal,:,z,,
PT168,OTH,T,TOTAL,TOTAL,TOTAL,TOTAL,2011,Portugal,:,z,,
PT169,OTH,T,TOTAL,TOTAL,TOTAL,TOTAL,2011,Portugal,:,z,,
PT16A,OTH,T,TOTAL,TOTAL,TOTAL,TOTAL,2011,Portugal,:,z,,
PT16B,OTH,T,TOTAL,TOTAL,TOTAL,TOTAL,2011,Portugal,:,z,,
PT16C,OTH,T,TOTAL,TOTAL,TOTAL,TOTAL,2011,Portugal,:,z,,
PT17,OTH,T,TOTAL,TOTAL,TOTAL,TOTAL,2011,Portugal,:,z,,
PT171,OTH,T,TOTAL,TOTAL,TOTAL,TOTAL,2011,Portugal,:,z,,
PT172,OTH,T,TOTAL,TOTAL,TOTAL,TOTAL,2011,Portugal,:,z,,
PT18,OTH,T,TOTAL,TOTAL,TOTAL,TOTAL,2011,Portugal,:,z,,
PT181,OTH,T,TOTAL,TOTAL,TOTAL,TOTAL,2011,Portugal,:,z,,
PT182,OTH,T,TOTAL,TOTAL,TOTAL,TOTAL,2011,Portugal,:,z,,
PT183,OTH,T,TOTAL,TOTAL,TOTAL,TOTAL,2011,Portugal,:,z,,
PT184,OTH,T,TOTAL,TOTAL,TOTAL,TOTAL,2011,Portugal,:,z,,
PT185,OTH,T,TOTAL,TOTAL,TOTAL,TOTAL,2011,Portugal,:,z,,
PT2,OTH,T,TOTAL,TOTAL,TOTAL,TOTAL,2011,Portugal,:,z,,
PT20,OTH,T,TOTAL,TOTAL,TOTAL,TOTAL,2011,Portugal,:,z,,
PT200,OTH,T,TOTAL,TOTAL,TOTAL,TOTAL,2011,Portugal,:,z,,
PT3,OTH,T,TOTAL,TOTAL,TOTAL,TOTAL,2011,Portugal,:,z,,
PT30,OTH,T,TOTAL,TOTAL,TOTAL,TOTAL,2011,Portugal,:,z,,
PT300,OTH,T,TOTAL,TOTAL,TOTAL,TOTAL,2011,Portugal,:,z,,
PTZ,OTH,T,TOTAL,TOTAL,TOTAL,TOTAL,2011,Portugal,0,,,
PTZZ,OTH,T,TOTAL,TOTAL,TOTAL,TOTAL,2011,Portugal,0,,,
PTZZZ,OTH,T,TOTAL,TOTAL,TOTAL,TOTAL,2011,Portugal,0,,,
PT,UNK,T,TOTAL,TOTAL,TOTAL,TOTAL,2011,Portugal,0,,,
PT1,UNK,T,TOTAL,TOTAL,TOTAL,TOTAL,2011,Portugal,0,,,
PT11,UNK,T,TOTAL,TOTAL,TOTAL,TOTAL,2011,Portugal,0,,,
PT111,UNK,T,TOTAL,TOTAL,TOTAL,TOTAL,2011,Portugal,0,,,
PT112,UNK,T,TOTAL,TOTAL,TOTAL,TOTAL,2011,Portugal,0,,,
PT113,UNK,T,TOTAL,TOTAL,TOTAL,TOTAL,2011,Portugal,0,,,
PT114,UNK,T,TOTAL,TOTAL,TOTAL,TOTAL,2011,Portugal,0,,,
PT115,UNK,T,TOTAL,TOTAL,TOTAL,TOTAL,2011,Portugal,0,,,
PT116,UNK,T,TOTAL,TOTAL,TOTAL,TOTAL,2011,Portugal,0,,,
PT117,UNK,T,TOTAL,TOTAL,TOTAL,TOTAL,2011,Portugal,0,,,
PT118,UNK,T,TOTAL,TOTAL,TOTAL,TOTAL,2011,Portugal,0,,,
PT15,UNK,T,TOTAL,TOTAL,TOTAL,TOTAL,2011,Portugal,0,,,
PT150,UNK,T,TOTAL,TOTAL,TOTAL,TOTAL,2011,Portugal,0,,,
PT16,UNK,T,TOTAL,TOTAL,TOTAL,TOTAL,2011,Portugal,0,,,
PT161,UNK,T,TOTAL,TOTAL,TOTAL,TOTAL,2011,Portugal,0,,,
PT162,UNK,T,TOTAL,TOTAL,TOTAL,TOTAL,2011,Portugal,0,,,
PT163,UNK,T,TOTAL,TOTAL,TOTAL,TOTAL,2011,Portugal,0,,,
PT164,UNK,T,TOTAL,TOTAL,TOTAL,TOTAL,2011,Portugal,0,,,
PT165,UNK,T,TOTAL,TOTAL,TOTAL,TOTAL,2011,Portugal,0,,,
PT166,UNK,T,TOTAL,TOTAL,TOTAL,TOTAL,2011,Portugal,0,,,
PT167,UNK,T,TOTAL,TOTAL,TOTAL,TOTAL,2011,Portugal,0,,,
PT168,UNK,T,TOTAL,TOTAL,TOTAL,TOTAL,2011,Portugal,0,,,
PT169,UNK,T,TOTAL,TOTAL,TOTAL,TOTAL,2011,Portugal,0,,,
PT16A,UNK,T,TOTAL,TOTAL,TOTAL,TOTAL,2011,Portugal,0,,,
PT16B,UNK,T,TOTAL,TOTAL,TOTAL,TOTAL,2011,Portugal,0,,,
PT16C,UNK,T,TOTAL,TOTAL,TOTAL,TOTAL,2011,Portugal,0,,,
PT17,UNK,T,TOTAL,TOTAL,TOTAL,TOTAL,2011,Portugal,0,,,
PT171,UNK,T,TOTAL,TOTAL,TOTAL,TOTAL,2011,Portugal,0,,,
PT172,UNK,T,TOTAL,TOTAL,TOTAL,TOTAL,2011,Portugal,0,,,
PT18,UNK,T,TOTAL,TOTAL,TOTAL,TOTAL,2011,Portugal,0,,,
PT181,UNK,T,TOTAL,TOTAL,TOTAL,TOTAL,2011,Portugal,0,,,
PT182,UNK,T,TOTAL,TOTAL,TOTAL,TOTAL,2011,Portugal,0,,,
PT183,UNK,T,TOTAL,TOTAL,TOTAL,TOTAL,2011,Portugal,0,,,
PT184,UNK,T,TOTAL,TOTAL,TOTAL,TOTAL,2011,Portugal,0,,,
PT185,UNK,T,TOTAL,TOTAL,TOTAL,TOTAL,2011,Portugal,0,,,
PT2,UNK,T,TOTAL,TOTAL,TOTAL,TOTAL,2011,Portugal,0,,,
PT20,UNK,T,TOTAL,TOTAL,TOTAL,TOTAL,2011,Portugal,0,,,
PT200,UNK,T,TOTAL,TOTAL,TOTAL,TOTAL,2011,Portugal,0,,,
PT3,UNK,T,TOTAL,TOTAL,TOTAL,TOTAL,2011,Portugal,0,,,
PT30,UNK,T,TOTAL,TOTAL,TOTAL,TOTAL,2011,Portugal,0,,,
PT300,UNK,T,TOTAL,TOTAL,TOTAL,TOTAL,2011,Portugal,0,,,
PTZ,UNK,T,TOTAL,TOTAL,TOTAL,TOTAL,2011,Portugal,0,,,
PTZZ,UNK,T,TOTAL,TOTAL,TOTAL,TOTAL,2011,Portugal,0,,,
PTZZZ,UNK,T,TOTAL,TOTAL,TOTAL,TOTAL,2011,Portugal,0,,,
BG,NAT,T,TOTAL,TOTAL,TOTAL,TOTAL,2011,Bulgaria,7285783,,,
BG3,NAT,T,TOTAL,TOTAL,TOTAL,TOTAL,2011,Bulgaria,3714789,,,
BG31,NAT,T,TOTAL,TOTAL,TOTAL,TOTAL,2011,Bulgaria,841749,,,
BG311,NAT,T,TOTAL,TOTAL,TOTAL,TOTAL,2011,Bulgaria,100398,,,
BG312,NAT,T,TOTAL,TOTAL,TOTAL,TOTAL,2011,Bulgaria,147389,,,
BG313,NAT,T,TOTAL,TOTAL,TOTAL,TOTAL,2011,Bulgaria,185783,,,
BG314,NAT,T,TOTAL,TOTAL,TOTAL,TOTAL,2011,Bulgaria,267528,,,
BG315,NAT,T,TOTAL,TOTAL,TOTAL,TOTAL,2011,Bulgaria,140651,,,
BG32,NAT,T,TOTAL,TOTAL,TOTAL,TOTAL,2011,Bulgaria,852804,,,
BG321,NAT,T,TOTAL,TOTAL,TOTAL,TOTAL,2011,Bulgaria,256202,,,
BG322,NAT,T,TOTAL,TOTAL,TOTAL,TOTAL,2011,Bulgaria,121629,,,
BG323,NAT,T,TOTAL,TOTAL,TOTAL,TOTAL,2011,Bulgaria,233144,,,
BG324,NAT,T,TOTAL,TOTAL,TOTAL,TOTAL,2011,Bulgaria,124213,,,
BG325,NAT,T,TOTAL,TOTAL,TOTAL,TOTAL,2011,Bulgaria,117616,,,
BG33,NAT,T,TOTAL,TOTAL,TOTAL,TOTAL,2011,Bulgaria,951772,,,
BG331,NAT,T,TOTAL,TOTAL,TOTAL,TOTAL,2011,Bulgaria,467701,,,
BG332,NAT,T,TOTAL,TOTAL,TOTAL,TOTAL,2011,Bulgaria,184983,,,
BG333,NAT,T,TOTAL,TOTAL,TOTAL,TOTAL,2011,Bulgaria,179005,,,
BG334,NAT,T,TOTAL,TOTAL,TOTAL,TOTAL,2011,Bulgaria,120083,,,
BG34,NAT,T,TOTAL,TOTAL,TOTAL,TOTAL,2011,Bulgaria,1068464,,,
BG341,NAT,T,TOTAL,TOTAL,TOTAL,TOTAL,2011,Bulgaria,411274,,,
BG342,NAT,T,TOTAL,TOTAL,TOTAL,TOTAL,2011,Bulgaria,196304,,,
BG343,NAT,T,TOTAL,TOTAL,TOTAL,TOTAL,2011,Bulgaria,130200,,,
BG344,NAT,T,TOTAL,TOTAL,TOTAL,TOTAL,2011,Bulgaria,330686,,,
BG4,NAT,T,TOTAL,TOTAL,TOTAL,TOTAL,2011,Bulgaria,3570994,,,
BG41,NAT,T,TOTAL,TOTAL,TOTAL,TOTAL,2011,Bulgaria,2103007,,,
BG411,NAT,T,TOTAL,TOTAL,TOTAL,TOTAL,2011,Bulgaria,1267498,,,
BG412,NAT,T,TOTAL,TOTAL,TOTAL,TOTAL,2011,Bulgaria,246255,,,
BG413,NAT,T,TOTAL,TOTAL,TOTAL,TOTAL,2011,Bulgaria,320694,,,
BG414,NAT,T,TOTAL,TOTAL,TOTAL,TOTAL,2011,Bulgaria,132642,,,
BG415,NAT,T,TOTAL,TOTAL,TOTAL,TOTAL,2011,Bulgaria,135918,,,
BG42,NAT,T,TOTAL,TOTAL,TOTAL,TOTAL,2011,Bulgaria,1467987,,,
BG421,NAT,T,TOTAL,TOTAL,TOTAL,TOTAL,2011,Bulgaria,676343,,,
BG422,NAT,T,TOTAL,TOTAL,TOTAL,TOTAL,2011,Bulgaria,244628,,,
BG423,NAT,T,TOTAL,TOTAL,TOTAL,TOTAL,2011,Bulgaria,273954,,,
BG424,NAT,T,TOTAL,TOTAL,TOTAL,TOTAL,2011,Bulgaria,121323,,,
BG425,NAT,T,TOTAL,TOTAL,TOTAL,TOTAL,2011,Bulgaria,151739,,,
BGZ,NAT,T,TOTAL,TOTAL,TOTAL,TOTAL,2011,Bulgaria,0,,,
BGZZ,NAT,T,TOTAL,TOTAL,TOTAL,TOTAL,2011,Bulgaria,0,,,
BGZZZ,NAT,T,TOTAL,TOTAL,TOTAL,TOTAL,2011,Bulgaria,0,,,
BG,FOR,T,TOTAL,TOTAL,TOTAL,TOTAL,2011,Bulgaria,78643,,,
BG3,FOR,T,TOTAL,TOTAL,TOTAL,TOTAL,2011,Bulgaria,37531,,,
BG31,FOR,T,TOTAL,TOTAL,TOTAL,TOTAL,2011,Bulgaria,5384,,,
BG311,FOR,T,TOTAL,TOTAL,TOTAL,TOTAL,2011,Bulgaria,619,,,
BG312,FOR,T,TOTAL,TOTAL,TOTAL,TOTAL,2011,Bulgaria,708,,,
BG313,FOR,T,TOTAL,TOTAL,TOTAL,TOTAL,2011,Bulgaria,1065,,,
BG314,FOR,T,TOTAL,TOTAL,TOTAL,TOTAL,2011,Bulgaria,2223,,,
BG315,FOR,T,TOTAL,TOTAL,TOTAL,TOTAL,2011,Bulgaria,769,,,
BG32,FOR,T,TOTAL,TOTAL,TOTAL,TOTAL,2011,Bulgaria,8306,,,
BG321,FOR,T,TOTAL,TOTAL,TOTAL,TOTAL,2011,Bulgaria,2292,,,
BG322,FOR,T,TOTAL,TOTAL,TOTAL,TOTAL,2011,Bulgaria,1073,,,
BG323,FOR,T,TOTAL,TOTAL,TOTAL,TOTAL,2011,Bulgaria,2108,,,
BG324,FOR,T,TOTAL,TOTAL,TOTAL,TOTAL,2011,Bulgaria,977,,,
BG325,FOR,T,TOTAL,TOTAL,TOTAL,TOTAL,2011,Bulgaria,1856,,,
BG33,FOR,T,TOTAL,TOTAL,TOTAL,TOTAL,2011,Bulgaria,14312,,,
BG331,FOR,T,TOTAL,TOTAL,TOTAL,TOTAL,2011,Bulgaria,7372,,,
BG332,FOR,T,TOTAL,TOTAL,TOTAL,TOTAL,2011,Bulgaria,4683,,,
BG333,FOR,T,TOTAL,TOTAL,TOTAL,TOTAL,2011,Bulgaria,1523,,,
BG334,FOR,T,TOTAL,TOTAL,TOTAL,TOTAL,2011,Bulgaria,734,,,
BG34,FOR,T,TOTAL,TOTAL,TOTAL,TOTAL,2011,Bulgaria,9529,,,
BG341,FOR,T,TOTAL,TOTAL,TOTAL,TOTAL,2011,Bulgaria,4537,,,
BG342,FOR,T,TOTAL,TOTAL,TOTAL,TOTAL,2011,Bulgaria,1168,,,
BG343,FOR,T,TOTAL,TOTAL,TOTAL,TOTAL,2011,Bulgaria,1245,,,
BG344,FOR,T,TOTAL,TOTAL,TOTAL,TOTAL,2011,Bulgaria,2579,,,
BG4,FOR,T,TOTAL,TOTAL,TOTAL,TOTAL,2011,Bulgaria,41112,,,
BG41,FOR,T,TOTAL,TOTAL,TOTAL,TOTAL,2011,Bulgaria,29741,,,
BG411,FOR,T,TOTAL,TOTAL,TOTAL,TOTAL,2011,Bulgaria,24004,,,
BG412,FOR,T,TOTAL,TOTAL,TOTAL,TOTAL,2011,Bulgaria,1231,,,
BG413,FOR,T,TOTAL,TOTAL,TOTAL,TOTAL,2011,Bulgaria,2852,,,
BG414,FOR,T,TOTAL,TOTAL,TOTAL,TOTAL,2011,Bulgaria,887,,,
BG415,FOR,T,TOTAL,TOTAL,TOTAL,TOTAL,2011,Bulgaria,767,,,
BG42,FOR,T,TOTAL,TOTAL,TOTAL,TOTAL,2011,Bulgaria,11371,,,
BG421,FOR,T,TOTAL,TOTAL,TOTAL,TOTAL,2011,Bulgaria,6670,,,
BG422,FOR,T,TOTAL,TOTAL,TOTAL,TOTAL,2011,Bulgaria,1609,,,
BG423,FOR,T,TOTAL,TOTAL,TOTAL,TOTAL,2011,Bulgaria,1594,,,
BG424,FOR,T,TOTAL,TOTAL,TOTAL,TOTAL,2011,Bulgaria,429,,,
BG425,FOR,T,TOTAL,TOTAL,TOTAL,TOTAL,2011,Bulgaria,1069,,,
BGZ,FOR,T,TOTAL,TOTAL,TOTAL,TOTAL,2011,Bulgaria,0,,,
BGZZ,FOR,T,TOTAL,TOTAL,TOTAL,TOTAL,2011,Bulgaria,0,,,
BGZZZ,FOR,T,TOTAL,TOTAL,TOTAL,TOTAL,2011,Bulgaria,0,,,
BG,OTH,T,TOTAL,TOTAL,TOTAL,TOTAL,2011,Bulgaria,0,,,
BG3,OTH,T,TOTAL,TOTAL,TOTAL,TOTAL,2011,Bulgaria,0,,,
BG31,OTH,T,TOTAL,TOTAL,TOTAL,TOTAL,2011,Bulgaria,0,,,
BG311,OTH,T,TOTAL,TOTAL,TOTAL,TOTAL,2011,Bulgaria,0,,,
BG312,OTH,T,TOTAL,TOTAL,TOTAL,TOTAL,2011,Bulgaria,0,,,
BG313,OTH,T,TOTAL,TOTAL,TOTAL,TOTAL,2011,Bulgaria,0,,,
BG314,OTH,T,TOTAL,TOTAL,TOTAL,TOTAL,2011,Bulgaria,0,,,
BG315,OTH,T,TOTAL,TOTAL,TOTAL,TOTAL,2011,Bulgaria,0,,,
BG32,OTH,T,TOTAL,TOTAL,TOTAL,TOTAL,2011,Bulgaria,0,,,
BG321,OTH,T,TOTAL,TOTAL,TOTAL,TOTAL,2011,Bulgaria,0,,,
BG322,OTH,T,TOTAL,TOTAL,TOTAL,TOTAL,2011,Bulgaria,0,,,
BG323,OTH,T,TOTAL,TOTAL,TOTAL,TOTAL,2011,Bulgaria,0,,,
BG324,OTH,T,TOTAL,TOTAL,TOTAL,TOTAL,2011,Bulgaria,0,,,
BG325,OTH,T,TOTAL,TOTAL,TOTAL,TOTAL,2011,Bulgaria,0,,,
BG33,OTH,T,TOTAL,TOTAL,TOTAL,TOTAL,2011,Bulgaria,0,,,
BG331,OTH,T,TOTAL,TOTAL,TOTAL,TOTAL,2011,Bulgaria,0,,,
BG332,OTH,T,TOTAL,TOTAL,TOTAL,TOTAL,2011,Bulgaria,0,,,
BG333,OTH,T,TOTAL,TOTAL,TOTAL,TOTAL,2011,Bulgaria,0,,,
BG334,OTH,T,TOTAL,TOTAL,TOTAL,TOTAL,2011,Bulgaria,0,,,
BG34,OTH,T,TOTAL,TOTAL,TOTAL,TOTAL,2011,Bulgaria,0,,,
BG341,OTH,T,TOTAL,TOTAL,TOTAL,TOTAL,2011,Bulgaria,0,,,
BG342,OTH,T,TOTAL,TOTAL,TOTAL,TOTAL,2011,Bulgaria,0,,,
BG343,OTH,T,TOTAL,TOTAL,TOTAL,TOTAL,2011,Bulgaria,0,,,
BG344,OTH,T,TOTAL,TOTAL,TOTAL,TOTAL,2011,Bulgaria,0,,,
BG4,OTH,T,TOTAL,TOTAL,TOTAL,TOTAL,2011,Bulgaria,0,,,
BG41,OTH,T,TOTAL,TOTAL,TOTAL,TOTAL,2011,Bulgaria,0,,,
BG411,OTH,T,TOTAL,TOTAL,TOTAL,TOTAL,2011,Bulgaria,0,,,
BG412,OTH,T,TOTAL,TOTAL,TOTAL,TOTAL,2011,Bulgaria,0,,,
BG413,OTH,T,TOTAL,TOTAL,TOTAL,TOTAL,2011,Bulgaria,0,,,
BG414,OTH,T,TOTAL,TOTAL,TOTAL,TOTAL,2011,Bulgaria,0,,,
BG415,OTH,T,TOTAL,TOTAL,TOTAL,TOTAL,2011,Bulgaria,0,,,
BG42,OTH,T,TOTAL,TOTAL,TOTAL,TOTAL,2011,Bulgaria,0,,,
BG421,OTH,T,TOTAL,TOTAL,TOTAL,TOTAL,2011,Bulgaria,0,,,
BG422,OTH,T,TOTAL,TOTAL,TOTAL,TOTAL,2011,Bulgaria,0,,,
BG423,OTH,T,TOTAL,TOTAL,TOTAL,TOTAL,2011,Bulgaria,0,,,
BG424,OTH,T,TOTAL,TOTAL,TOTAL,TOTAL,2011,Bulgaria,0,,,
BG425,OTH,T,TOTAL,TOTAL,TOTAL,TOTAL,2011,Bulgaria,0,,,
BGZ,OTH,T,TOTAL,TOTAL,TOTAL,TOTAL,2011,Bulgaria,0,,,
BGZZ,OTH,T,TOTAL,TOTAL,TOTAL,TOTAL,2011,Bulgaria,0,,,
BGZZZ,OTH,T,TOTAL,TOTAL,TOTAL,TOTAL,2011,Bulgaria,0,,,
BG,UNK,T,TOTAL,TOTAL,TOTAL,TOTAL,2011,Bulgaria,144,,,
BG3,UNK,T,TOTAL,TOTAL,TOTAL,TOTAL,2011,Bulgaria,29,,,
BG31,UNK,T,TOTAL,TOTAL,TOTAL,TOTAL,2011,Bulgaria,5,,,
BG311,UNK,T,TOTAL,TOTAL,TOTAL,TOTAL,2011,Bulgaria,:,c,,
BG312,UNK,T,TOTAL,TOTAL,TOTAL,TOTAL,2011,Bulgaria,:,c,,
BG313,UNK,T,TOTAL,TOTAL,TOTAL,TOTAL,2011,Bulgaria,0,,,
BG314,UNK,T,TOTAL,TOTAL,TOTAL,TOTAL,2011,Bulgaria,:,c,,
BG315,UNK,T,TOTAL,TOTAL,TOTAL,TOTAL,2011,Bulgaria,:,c,,
BG32,UNK,T,TOTAL,TOTAL,TOTAL,TOTAL,2011,Bulgaria,:,c,,
BG321,UNK,T,TOTAL,TOTAL,TOTAL,TOTAL,2011,Bulgaria,0,,,
BG322,UNK,T,TOTAL,TOTAL,TOTAL,TOTAL,2011,Bulgaria,0,,,
BG323,UNK,T,TOTAL,TOTAL,TOTAL,TOTAL,2011,Bulgaria,0,,,
BG324,UNK,T,TOTAL,TOTAL,TOTAL,TOTAL,2011,Bulgaria,0,,,
BG325,UNK,T,TOTAL,TOTAL,TOTAL,TOTAL,2011,Bulgaria,:,c,,
BG33,UNK,T,TOTAL,TOTAL,TOTAL,TOTAL,2011,Bulgaria,13,,,
BG331,UNK,T,TOTAL,TOTAL,TOTAL,TOTAL,2011,Bulgaria,:,c,,
BG332,UNK,T,TOTAL,TOTAL,TOTAL,TOTAL,2011,Bulgaria,11,,,
BG333,UNK,T,TOTAL,TOTAL,TOTAL,TOTAL,2011,Bulgaria,0,,,
BG334,UNK,T,TOTAL,TOTAL,TOTAL,TOTAL,2011,Bulgaria,:,c,,
BG34,UNK,T,TOTAL,TOTAL,TOTAL,TOTAL,2011,Bulgaria,9,,,
BG341,UNK,T,TOTAL,TOTAL,TOTAL,TOTAL,2011,Bulgaria,6,,,
BG342,UNK,T,TOTAL,TOTAL,TOTAL,TOTAL,2011,Bulgaria,:,c,,
BG343,UNK,T,TOTAL,TOTAL,TOTAL,TOTAL,2011,Bulgaria,:,c,,
BG344,UNK,T,TOTAL,TOTAL,TOTAL,TOTAL,2011,Bulgaria,0,,,
BG4,UNK,T,TOTAL,TOTAL,TOTAL,TOTAL,2011,Bulgaria,115,,,
BG41,UNK,T,TOTAL,TOTAL,TOTAL,TOTAL,2011,Bulgaria,100,,,
BG411,UNK,T,TOTAL,TOTAL,TOTAL,TOTAL,2011,Bulgaria,89,,,
BG412,UNK,T,TOTAL,TOTAL,TOTAL,TOTAL,2011,Bulgaria,3,,,
BG413,UNK,T,TOTAL,TOTAL,TOTAL,TOTAL,2011,Bulgaria,6,,,
BG414,UNK,T,TOTAL,TOTAL,TOTAL,TOTAL,2011,Bulgaria,:,c,,
BG415,UNK,T,TOTAL,TOTAL,TOTAL,TOTAL,2011,Bulgaria,:,c,,
BG42,UNK,T,TOTAL,TOTAL,TOTAL,TOTAL,2011,Bulgaria,15,,,
BG421,UNK,T,TOTAL,TOTAL,TOTAL,TOTAL,2011,Bulgaria,14,,,
BG422,UNK,T,TOTAL,TOTAL,TOTAL,TOTAL,2011,Bulgaria,:,c,,
BG423,UNK,T,TOTAL,TOTAL,TOTAL,TOTAL,2011,Bulgaria,0,,,
BG424,UNK,T,TOTAL,TOTAL,TOTAL,TOTAL,2011,Bulgaria,0,,,
BG425,UNK,T,TOTAL,TOTAL,TOTAL,TOTAL,2011,Bulgaria,0,,,
BGZ,UNK,T,TOTAL,TOTAL,TOTAL,TOTAL,2011,Bulgaria,0,,,
BGZZ,UNK,T,TOTAL,TOTAL,TOTAL,TOTAL,2011,Bulgaria,0,,,
BGZZZ,UNK,T,TOTAL,TOTAL,TOTAL,TOTAL,2011,Bulgaria,0,,,
DK,NAT,T,TOTAL,TOTAL,TOTAL,TOTAL,2011,Denmark,5042685,,,
DK0,NAT,T,TOTAL,TOTAL,TOTAL,TOTAL,2011,Denmark,5042685,,,
DK01,NAT,T,TOTAL,TOTAL,TOTAL,TOTAL,2011,Denmark,1464817,,,
DK011,NAT,T,TOTAL,TOTAL,TOTAL,TOTAL,2011,Denmark,568444,,,
DK012,NAT,T,TOTAL,TOTAL,TOTAL,TOTAL,2011,Denmark,448181,,,
DK013,NAT,T,TOTAL,TOTAL,TOTAL,TOTAL,2011,Denmark,408372,,,
DK014,NAT,T,TOTAL,TOTAL,TOTAL,TOTAL,2011,Denmark,39820,,,
DK02,NAT,T,TOTAL,TOTAL,TOTAL,TOTAL,2011,Denmark,766921,,,
DK021,NAT,T,TOTAL,TOTAL,TOTAL,TOTAL,2011,Denmark,217600,,,
DK022,NAT,T,TOTAL,TOTAL,TOTAL,TOTAL,2011,Denmark,549321,,,
DK03,NAT,T,TOTAL,TOTAL,TOTAL,TOTAL,2011,Denmark,1104850,,,
DK031,NAT,T,TOTAL,TOTAL,TOTAL,TOTAL,2011,Denmark,447503,,,
DK032,NAT,T,TOTAL,TOTAL,TOTAL,TOTAL,2011,Denmark,657347,,,
DK04,NAT,T,TOTAL,TOTAL,TOTAL,TOTAL,2011,Denmark,1162749,,,
DK041,NAT,T,TOTAL,TOTAL,TOTAL,TOTAL,2011,Denmark,399712,,,
DK042,NAT,T,TOTAL,TOTAL,TOTAL,TOTAL,2011,Denmark,763037,,,
DK05,NAT,T,TOTAL,TOTAL,TOTAL,TOTAL,2011,Denmark,543348,,,
DK050,NAT,T,TOTAL,TOTAL,TOTAL,TOTAL,2011,Denmark,543348,,,
DKZ,NAT,T,TOTAL,TOTAL,TOTAL,TOTAL,2011,Denmark,0,,,
DKZZ,NAT,T,TOTAL,TOTAL,TOTAL,TOTAL,2011,Denmark,0,,,
DKZZZ,NAT,T,TOTAL,TOTAL,TOTAL,TOTAL,2011,Denmark,0,,,
DK,FOR,T,TOTAL,TOTAL,TOTAL,TOTAL,2011,Denmark,501911,,,
DK0,FOR,T,TOTAL,TOTAL,TOTAL,TOTAL,2011,Denmark,501911,,,
DK01,FOR,T,TOTAL,TOTAL,TOTAL,TOTAL,2011,Denmark,226073,,,
DK011,FOR,T,TOTAL,TOTAL,TOTAL,TOTAL,2011,Denmark,120594,,,
DK012,FOR,T,TOTAL,TOTAL,TOTAL,TOTAL,2011,Denmark,66101,,,
DK013,FOR,T,TOTAL,TOTAL,TOTAL,TOTAL,2011,Denmark,37338,,,
DK014,FOR,T,TOTAL,TOTAL,TOTAL,TOTAL,2011,Denmark,2040,,,
DK02,FOR,T,TOTAL,TOTAL,TOTAL,TOTAL,2011,Denmark,50866,,,
DK021,FOR,T,TOTAL,TOTAL,TOTAL,TOTAL,2011,Denmark,17524,,,
DK022,FOR,T,TOTAL,TOTAL,TOTAL,TOTAL,2011,Denmark,33342,,,
DK03,FOR,T,TOTAL,TOTAL,TOTAL,TOTAL,2011,Denmark,92588,,,
DK031,FOR,T,TOTAL,TOTAL,TOTAL,TOTAL,2011,Denmark,36336,,,
DK032,FOR,T,TOTAL,TOTAL,TOTAL,TOTAL,2011,Denmark,56252,,,
DK04,FOR,T,TOTAL,TOTAL,TOTAL,TOTAL,2011,Denmark,96537,,,
DK041,FOR,T,TOTAL,TOTAL,TOTAL,TOTAL,2011,Denmark,26831,,,
DK042,FOR,T,TOTAL,TOTAL,TOTAL,TOTAL,2011,Denmark,69706,,,
DK05,FOR,T,TOTAL,TOTAL,TOTAL,TOTAL,2011,Denmark,35847,,,
DK050,FOR,T,TOTAL,TOTAL,TOTAL,TOTAL,2011,Denmark,35847,,,
DKZ,FOR,T,TOTAL,TOTAL,TOTAL,TOTAL,2011,Denmark,0,,,
DKZZ,FOR,T,TOTAL,TOTAL,TOTAL,TOTAL,2011,Denmark,0,,,
DKZZZ,FOR,T,TOTAL,TOTAL,TOTAL,TOTAL,2011,Denmark,0,,,
DK,OTH,T,TOTAL,TOTAL,TOTAL,TOTAL,2011,Denmark,14568,,,
DK0,OTH,T,TOTAL,TOTAL,TOTAL,TOTAL,2011,Denmark,14568,,,
DK01,OTH,T,TOTAL,TOTAL,TOTAL,TOTAL,2011,Denmark,7940,,,
DK011,OTH,T,TOTAL,TOTAL,TOTAL,TOTAL,2011,Denmark,3557,,,
DK012,OTH,T,TOTAL,TOTAL,TOTAL,TOTAL,2011,Denmark,2313,,,
DK013,OTH,T,TOTAL,TOTAL,TOTAL,TOTAL,2011,Denmark,2038,,,
DK014,OTH,T,TOTAL,TOTAL,TOTAL,TOTAL,2011,Denmark,32,,,
DK02,OTH,T,TOTAL,TOTAL,TOTAL,TOTAL,2011,Denmark,1718,,,
DK021,OTH,T,TOTAL,TOTAL,TOTAL,TOTAL,2011,Denmark,318,,,
DK022,OTH,T,TOTAL,TOTAL,TOTAL,TOTAL,2011,Denmark,1400,,,
DK03,OTH,T,TOTAL,TOTAL,TOTAL,TOTAL,2011,Denmark,2896,,,
DK031,OTH,T,TOTAL,TOTAL,TOTAL,TOTAL,2011,Denmark,977,,,
DK032,OTH,T,TOTAL,TOTAL,TOTAL,TOTAL,2011,Denmark,1919,,,
DK04,OTH,T,TOTAL,TOTAL,TOTAL,TOTAL,2011,Denmark,1485,,,
DK041,OTH,T,TOTAL,TOTAL,TOTAL,TOTAL,2011,Denmark,287,,,
DK042,OTH,T,TOTAL,TOTAL,TOTAL,TOTAL,2011,Denmark,1198,,,
DK05,OTH,T,TOTAL,TOTAL,TOTAL,TOTAL,2011,Denmark,529,,,
DK050,OTH,T,TOTAL,TOTAL,TOTAL,TOTAL,2011,Denmark,529,,,
DKZ,OTH,T,TOTAL,TOTAL,TOTAL,TOTAL,2011,Denmark,0,,,
DKZZ,OTH,T,TOTAL,TOTAL,TOTAL,TOTAL,2011,Denmark,0,,,
DKZZZ,OTH,T,TOTAL,TOTAL,TOTAL,TOTAL,2011,Denmark,0,,,
DK,UNK,T,TOTAL,TOTAL,TOTAL,TOTAL,2011,Denmark,1464,,,
DK0,UNK,T,TOTAL,TOTAL,TOTAL,TOTAL,2011,Denmark,1464,,,
DK01,UNK,T,TOTAL,TOTAL,TOTAL,TOTAL,2011,Denmark,557,,,
DK011,UNK,T,TOTAL,TOTAL,TOTAL,TOTAL,2011,Denmark,281,,,
DK012,UNK,T,TOTAL,TOTAL,TOTAL,TOTAL,2011,Denmark,156,,,
DK013,UNK,T,TOTAL,TOTAL,TOTAL,TOTAL,2011,Denmark,116,,,
DK014,UNK,T,TOTAL,TOTAL,TOTAL,TOTAL,2011,Denmark,4,,,
DK02,UNK,T,TOTAL,TOTAL,TOTAL,TOTAL,2011,Denmark,258,,,
DK021,UNK,T,TOTAL,TOTAL,TOTAL,TOTAL,2011,Denmark,77,,,
DK022,UNK,T,TOTAL,TOTAL,TOTAL,TOTAL,2011,Denmark,181,,,
DK03,UNK,T,TOTAL,TOTAL,TOTAL,TOTAL,2011,Denmark,322,,,
DK031,UNK,T,TOTAL,TOTAL,TOTAL,TOTAL,2011,Denmark,153,,,
DK032,UNK,T,TOTAL,TOTAL,TOTAL,TOTAL,2011,Denmark,169,,,
DK04,UNK,T,TOTAL,TOTAL,TOTAL,TOTAL,2011,Denmark,222,,,
DK041,UNK,T,TOTAL,TOTAL,TOTAL,TOTAL,2011,Denmark,50,,,
DK042,UNK,T,TOTAL,TOTAL,TOTAL,TOTAL,2011,Denmark,172,,,
DK05,UNK,T,TOTAL,TOTAL,TOTAL,TOTAL,2011,Denmark,105,,,
DK050,UNK,T,TOTAL,TOTAL,TOTAL,TOTAL,2011,Denmark,105,,,
DKZ,UNK,T,TOTAL,TOTAL,TOTAL,TOTAL,2011,Denmark,0,,,
DKZZ,UNK,T,TOTAL,TOTAL,TOTAL,TOTAL,2011,Denmark,0,,,
DKZZZ,UNK,T,TOTAL,TOTAL,TOTAL,TOTAL,2011,Denmark,0,,,
LT,NAT,T,TOTAL,TOTAL,TOTAL,TOTAL,2011,Lithuania,2863825,,,
LT0,NAT,T,TOTAL,TOTAL,TOTAL,TOTAL,2011,Lithuania,2863825,,,
LT00,NAT,T,TOTAL,TOTAL,TOTAL,TOTAL,2011,Lithuania,2863825,,,
LT001,NAT,T,TOTAL,TOTAL,TOTAL,TOTAL,2011,Lithuania,152315,,,
LT002,NAT,T,TOTAL,TOTAL,TOTAL,TOTAL,2011,Lithuania,586941,,,
LT003,NAT,T,TOTAL,TOTAL,TOTAL,TOTAL,2011,Lithuania,312511,,,
LT004,NAT,T,TOTAL,TOTAL,TOTAL,TOTAL,2011,Lithuania,157593,,,
LT005,NAT,T,TOTAL,TOTAL,TOTAL,TOTAL,2011,Lithuania,242921,,,
LT006,NAT,T,TOTAL,TOTAL,TOTAL,TOTAL,2011,Lithuania,291569,,,
LT007,NAT,T,TOTAL,TOTAL,TOTAL,TOTAL,2011,Lithuania,107554,,,
LT008,NAT,T,TOTAL,TOTAL,TOTAL,TOTAL,2011,Lithuania,147580,,,
LT009,NAT,T,TOTAL,TOTAL,TOTAL,TOTAL,2011,Lithuania,135263,,,
LT00A,NAT,T,TOTAL,TOTAL,TOTAL,TOTAL,2011,Lithuania,729578,,,
LTZ,NAT,T,TOTAL,TOTAL,TOTAL,TOTAL,2011,Lithuania,0,,,
LTZZ,NAT,T,TOTAL,TOTAL,TOTAL,TOTAL,2011,Lithuania,0,,,
LTZZZ,NAT,T,TOTAL,TOTAL,TOTAL,TOTAL,2011,Lithuania,0,,,
LT,FOR,T,TOTAL,TOTAL,TOTAL,TOTAL,2011,Lithuania,179563,,,
LT0,FOR,T,TOTAL,TOTAL,TOTAL,TOTAL,2011,Lithuania,179563,,,
LT00,FOR,T,TOTAL,TOTAL,TOTAL,TOTAL,2011,Lithuania,179563,,,
LT001,FOR,T,TOTAL,TOTAL,TOTAL,TOTAL,2011,Lithuania,5451,,,
LT002,FOR,T,TOTAL,TOTAL,TOTAL,TOTAL,2011,Lithuania,21381,,,
LT003,FOR,T,TOTAL,TOTAL,TOTAL,TOTAL,2011,Lithuania,26543,,,
LT004,FOR,T,TOTAL,TOTAL,TOTAL,TOTAL,2011,Lithuania,4055,,,
LT005,FOR,T,TOTAL,TOTAL,TOTAL,TOTAL,2011,Lithuania,7468,,,
LT006,FOR,T,TOTAL,TOTAL,TOTAL,TOTAL,2011,Lithuania,10114,,,
LT007,FOR,T,TOTAL,TOTAL,TOTAL,TOTAL,2011,Lithuania,2503,,,
LT008,FOR,T,TOTAL,TOTAL,TOTAL,TOTAL,2011,Lithuania,4496,,,
LT009,FOR,T,TOTAL,TOTAL,TOTAL,TOTAL,2011,Lithuania,16738,,,
LT00A,FOR,T,TOTAL,TOTAL,TOTAL,TOTAL,2011,Lithuania,80814,,,
LTZ,FOR,T,TOTAL,TOTAL,TOTAL,TOTAL,2011,Lithuania,0,,,
LTZZ,FOR,T,TOTAL,TOTAL,TOTAL,TOTAL,2011,Lithuania,0,,,
LTZZZ,FOR,T,TOTAL,TOTAL,TOTAL,TOTAL,2011,Lithuania,0,,,
LT,OTH,T,TOTAL,TOTAL,TOTAL,TOTAL,2011,Lithuania,32,,,
LT0,OTH,T,TOTAL,TOTAL,TOTAL,TOTAL,2011,Lithuania,32,,,
LT00,OTH,T,TOTAL,TOTAL,TOTAL,TOTAL,2011,Lithuania,32,,,
LT001,OTH,T,TOTAL,TOTAL,TOTAL,TOTAL,2011,Lithuania,0,,,
LT002,OTH,T,TOTAL,TOTAL,TOTAL,TOTAL,2011,Lithuania,9,,,
LT003,OTH,T,TOTAL,TOTAL,TOTAL,TOTAL,2011,Lithuania,7,,,
LT004,OTH,T,TOTAL,TOTAL,TOTAL,TOTAL,2011,Lithuania,1,,,
LT005,OTH,T,TOTAL,TOTAL,TOTAL,TOTAL,2011,Lithuania,1,,,
LT006,OTH,T,TOTAL,TOTAL,TOTAL,TOTAL,2011,Lithuania,2,,,
LT007,OTH,T,TOTAL,TOTAL,TOTAL,TOTAL,2011,Lithuania,2,,,
LT008,OTH,T,TOTAL,TOTAL,TOTAL,TOTAL,2011,Lithuania,2,,,
LT009,OTH,T,TOTAL,TOTAL,TOTAL,TOTAL,2011,Lithuania,2,,,
LT00A,OTH,T,TOTAL,TOTAL,TOTAL,TOTAL,2011,Lithuania,6,,,
LTZ,OTH,T,TOTAL,TOTAL,TOTAL,TOTAL,2011,Lithuania,0,,,
LTZZ,OTH,T,TOTAL,TOTAL,TOTAL,TOTAL,2011,Lithuania,0,,,
LTZZZ,OTH,T,TOTAL,TOTAL,TOTAL,TOTAL,2011,Lithuania,0,,,
LT,UNK,T,TOTAL,TOTAL,TOTAL,TOTAL,2011,Lithuania,9,,,
LT0,UNK,T,TOTAL,TOTAL,TOTAL,TOTAL,2011,Lithuania,9,,,
LT00,UNK,T,TOTAL,TOTAL,TOTAL,TOTAL,2011,Lithuania,9,,,
LT001,UNK,T,TOTAL,TOTAL,TOTAL,TOTAL,2011,Lithuania,0,,,
LT002,UNK,T,TOTAL,TOTAL,TOTAL,TOTAL,2011,Lithuania,1,,,
LT003,UNK,T,TOTAL,TOTAL,TOTAL,TOTAL,2011,Lithuania,1,,,
LT004,UNK,T,TOTAL,TOTAL,TOTAL,TOTAL,2011,Lithuania,0,,,
LT005,UNK,T,TOTAL,TOTAL,TOTAL,TOTAL,2011,Lithuania,0,,,
LT006,UNK,T,TOTAL,TOTAL,TOTAL,TOTAL,2011,Lithuania,1,,,
LT007,UNK,T,TOTAL,TOTAL,TOTAL,TOTAL,2011,Lithuania,0,,,
LT008,UNK,T,TOTAL,TOTAL,TOTAL,TOTAL,2011,Lithuania,0,,,
LT009,UNK,T,TOTAL,TOTAL,TOTAL,TOTAL,2011,Lithuania,1,,,
LT00A,UNK,T,TOTAL,TOTAL,TOTAL,TOTAL,2011,Lithuania,5,,,
LTZ,UNK,T,TOTAL,TOTAL,TOTAL,TOTAL,2011,Lithuania,0,,,
LTZZ,UNK,T,TOTAL,TOTAL,TOTAL,TOTAL,2011,Lithuania,0,,,
LTZZZ,UNK,T,TOTAL,TOTAL,TOTAL,TOTAL,2011,Lithuania,0,,,
LU,NAT,T,TOTAL,TOTAL,TOTAL,TOTAL,2011,Luxembourg,306221,,,
LU0,NAT,T,TOTAL,TOTAL,TOTAL,TOTAL,2011,Luxembourg,306221,,,
LU00,NAT,T,TOTAL,TOTAL,TOTAL,TOTAL,2011,Luxembourg,306221,,,
LU000,NAT,T,TOTAL,TOTAL,TOTAL,TOTAL,2011,Luxembourg,306221,,,
LUZ,NAT,T,TOTAL,TOTAL,TOTAL,TOTAL,2011,Luxembourg,0,,,
LUZZ,NAT,T,TOTAL,TOTAL,TOTAL,TOTAL,2011,Luxembourg,0,,,
LUZZZ,NAT,T,TOTAL,TOTAL,TOTAL,TOTAL,2011,Luxembourg,0,,,
LU,FOR,T,TOTAL,TOTAL,TOTAL,TOTAL,2011,Luxembourg,201578,,,
LU0,FOR,T,TOTAL,TOTAL,TOTAL,TOTAL,2011,Luxembourg,201578,,,
LU00,FOR,T,TOTAL,TOTAL,TOTAL,TOTAL,2011,Luxembourg,201578,,,
LU000,FOR,T,TOTAL,TOTAL,TOTAL,TOTAL,2011,Luxembourg,201578,,,
LUZ,FOR,T,TOTAL,TOTAL,TOTAL,TOTAL,2011,Luxembourg,0,,,
LUZZ,FOR,T,TOTAL,TOTAL,TOTAL,TOTAL,2011,Luxembourg,0,,,
LUZZZ,FOR,T,TOTAL,TOTAL,TOTAL,TOTAL,2011,Luxembourg,0,,,
LU,OTH,T,TOTAL,TOTAL,TOTAL,TOTAL,2011,Luxembourg,1197,,,
LU0,OTH,T,TOTAL,TOTAL,TOTAL,TOTAL,2011,Luxembourg,1197,,,
LU00,OTH,T,TOTAL,TOTAL,TOTAL,TOTAL,2011,Luxembourg,1197,,,
LU000,OTH,T,TOTAL,TOTAL,TOTAL,TOTAL,2011,Luxembourg,1197,,,
LUZ,OTH,T,TOTAL,TOTAL,TOTAL,TOTAL,2011,Luxembourg,0,,,
LUZZ,OTH,T,TOTAL,TOTAL,TOTAL,TOTAL,2011,Luxembourg,0,,,
LUZZZ,OTH,T,TOTAL,TOTAL,TOTAL,TOTAL,2011,Luxembourg,0,,,
LU,UNK,T,TOTAL,TOTAL,TOTAL,TOTAL,2011,Luxembourg,3357,,,
LU0,UNK,T,TOTAL,TOTAL,TOTAL,TOTAL,2011,Luxembourg,3357,,,
LU00,UNK,T,TOTAL,TOTAL,TOTAL,TOTAL,2011,Luxembourg,3357,,,
LU000,UNK,T,TOTAL,TOTAL,TOTAL,TOTAL,2011,Luxembourg,3357,,,
LUZ,UNK,T,TOTAL,TOTAL,TOTAL,TOTAL,2011,Luxembourg,0,,,
LUZZ,UNK,T,TOTAL,TOTAL,TOTAL,TOTAL,2011,Luxembourg,0,,,
LUZZZ,UNK,T,TOTAL,TOTAL,TOTAL,TOTAL,2011,Luxembourg,0,,,
HR,NAT,T,TOTAL,TOTAL,TOTAL,TOTAL,2011,Croatia,3692499,,,
HR0,NAT,T,TOTAL,TOTAL,TOTAL,TOTAL,2011,Croatia,3692499,,,
HR03,NAT,T,TOTAL,TOTAL,TOTAL,TOTAL,2011,Croatia,1219953,,,
HR031,NAT,T,TOTAL,TOTAL,TOTAL,TOTAL,2011,Croatia,252515,,,
HR032,NAT,T,TOTAL,TOTAL,TOTAL,TOTAL,2011,Croatia,46156,,,
HR033,NAT,T,TOTAL,TOTAL,TOTAL,TOTAL,2011,Croatia,151196,,,
HR034,NAT,T,TOTAL,TOTAL,TOTAL,TOTAL,2011,Croatia,95558,,,
HR035,NAT,T,TOTAL,TOTAL,TOTAL,TOTAL,2011,Croatia,401606,,,
HR036,NAT,T,TOTAL,TOTAL,TOTAL,TOTAL,2011,Croatia,173956,,,
HR037,NAT,T,TOTAL,TOTAL,TOTAL,TOTAL,2011,Croatia,98966,,,
HR04,NAT,T,TOTAL,TOTAL,TOTAL,TOTAL,2011,Croatia,2472546,,,
HR041,NAT,T,TOTAL,TOTAL,TOTAL,TOTAL,2011,Croatia,650356,,,
HR042,NAT,T,TOTAL,TOTAL,TOTAL,TOTAL,2011,Croatia,270527,,,
HR043,NAT,T,TOTAL,TOTAL,TOTAL,TOTAL,2011,Croatia,128245,,,
HR044,NAT,T,TOTAL,TOTAL,TOTAL,TOTAL,2011,Croatia,168197,,,
HR045,NAT,T,TOTAL,TOTAL,TOTAL,TOTAL,2011,Croatia,109448,,,
HR046,NAT,T,TOTAL,TOTAL,TOTAL,TOTAL,2011,Croatia,108124,,,
HR047,NAT,T,TOTAL,TOTAL,TOTAL,TOTAL,2011,Croatia,103790,,,
HR048,NAT,T,TOTAL,TOTAL,TOTAL,TOTAL,2011,Croatia,74293,,,
HR049,NAT,T,TOTAL,TOTAL,TOTAL,TOTAL,2011,Croatia,64816,,,
HR04A,NAT,T,TOTAL,TOTAL,TOTAL,TOTAL,2011,Croatia,124817,,,
HR04B,NAT,T,TOTAL,TOTAL,TOTAL,TOTAL,2011,Croatia,263887,,,
HR04C,NAT,T,TOTAL,TOTAL,TOTAL,TOTAL,2011,Croatia,145109,,,
HR04D,NAT,T,TOTAL,TOTAL,TOTAL,TOTAL,2011,Croatia,116871,,,
HR04E,NAT,T,TOTAL,TOTAL,TOTAL,TOTAL,2011,Croatia,144066,,,
HRZ,NAT,T,TOTAL,TOTAL,TOTAL,TOTAL,2011,Croatia,0,,,
HRZZ,NAT,T,TOTAL,TOTAL,TOTAL,TOTAL,2011,Croatia,0,,,
HRZZZ,NAT,T,TOTAL,TOTAL,TOTAL,TOTAL,2011,Croatia,0,,,
HR,FOR,T,TOTAL,TOTAL,TOTAL,TOTAL,2011,Croatia,584000,,,
HR0,FOR,T,TOTAL,TOTAL,TOTAL,TOTAL,2011,Croatia,584000,,,
HR03,FOR,T,TOTAL,TOTAL,TOTAL,TOTAL,2011,Croatia,189036,,,
HR031,FOR,T,TOTAL,TOTAL,TOTAL,TOTAL,2011,Croatia,42999,,,
HR032,FOR,T,TOTAL,TOTAL,TOTAL,TOTAL,2011,Croatia,4695,,,
HR033,FOR,T,TOTAL,TOTAL,TOTAL,TOTAL,2011,Croatia,18179,,,
HR034,FOR,T,TOTAL,TOTAL,TOTAL,TOTAL,2011,Croatia,13721,,,
HR035,FOR,T,TOTAL,TOTAL,TOTAL,TOTAL,2011,Croatia,52666,,,
HR036,FOR,T,TOTAL,TOTAL,TOTAL,TOTAL,2011,Croatia,33471,,,
HR037,FOR,T,TOTAL,TOTAL,TOTAL,TOTAL,2011,Croatia,23305,,,
HR04,FOR,T,TOTAL,TOTAL,TOTAL,TOTAL,2011,Croatia,394964,,,
HR041,FOR,T,TOTAL,TOTAL,TOTAL,TOTAL,2011,Croatia,138308,,,
HR042,FOR,T,TOTAL,TOTAL,TOTAL,TOTAL,2011,Croatia,46517,,,
HR043,FOR,T,TOTAL,TOTAL,TOTAL,TOTAL,2011,Croatia,4164,,,
HR044,FOR,T,TOTAL,TOTAL,TOTAL,TOTAL,2011,Croatia,7090,,,
HR045,FOR,T,TOTAL,TOTAL,TOTAL,TOTAL,2011,Croatia,5943,,,
HR046,FOR,T,TOTAL,TOTAL,TOTAL,TOTAL,2011,Croatia,5393,,,
HR047,FOR,T,TOTAL,TOTAL,TOTAL,TOTAL,2011,Croatia,15622,,,
HR048,FOR,T,TOTAL,TOTAL,TOTAL,TOTAL,2011,Croatia,10288,,,
HR049,FOR,T,TOTAL,TOTAL,TOTAL,TOTAL,2011,Croatia,13118,,,
HR04A,FOR,T,TOTAL,TOTAL,TOTAL,TOTAL,2011,Croatia,33640,,,
HR04B,FOR,T,TOTAL,TOTAL,TOTAL,TOTAL,2011,Croatia,40913,,,
HR04C,FOR,T,TOTAL,TOTAL,TOTAL,TOTAL,2011,Croatia,34255,,,
HR04D,FOR,T,TOTAL,TOTAL,TOTAL,TOTAL,2011,Croatia,11587,,,
HR04E,FOR,T,TOTAL,TOTAL,TOTAL,TOTAL,2011,Croatia,28126,,,
HRZ,FOR,T,TOTAL,TOTAL,TOTAL,TOTAL,2011,Croatia,0,,,
HRZZ,FOR,T,TOTAL,TOTAL,TOTAL,TOTAL,2011,Croatia,0,,,
HRZZZ,FOR,T,TOTAL,TOTAL,TOTAL,TOTAL,2011,Croatia,0,,,
HR,OTH,T,TOTAL,TOTAL,TOTAL,TOTAL,2011,Croatia,947,,,
HR0,OTH,T,TOTAL,TOTAL,TOTAL,TOTAL,2011,Croatia,947,,,
HR03,OTH,T,TOTAL,TOTAL,TOTAL,TOTAL,2011,Croatia,367,,,
HR031,OTH,T,TOTAL,TOTAL,TOTAL,TOTAL,2011,Croatia,112,,,
HR032,OTH,T,TOTAL,TOTAL,TOTAL,TOTAL,2011,Croatia,13,,,
HR033,OTH,T,TOTAL,TOTAL,TOTAL,TOTAL,2011,Croatia,33,,,
HR034,OTH,T,TOTAL,TOTAL,TOTAL,TOTAL,2011,Croatia,10,,,
HR035,OTH,T,TOTAL,TOTAL,TOTAL,TOTAL,2011,Croatia,88,,,
HR036,OTH,T,TOTAL,TOTAL,TOTAL,TOTAL,2011,Croatia,52,,,
HR037,OTH,T,TOTAL,TOTAL,TOTAL,TOTAL,2011,Croatia,59,,,
HR04,OTH,T,TOTAL,TOTAL,TOTAL,TOTAL,2011,Croatia,580,,,
HR041,OTH,T,TOTAL,TOTAL,TOTAL,TOTAL,2011,Croatia,245,,,
HR042,OTH,T,TOTAL,TOTAL,TOTAL,TOTAL,2011,Croatia,63,,,
HR043,OTH,T,TOTAL,TOTAL,TOTAL,TOTAL,2011,Croatia,:,c,,
HR044,OTH,T,TOTAL,TOTAL,TOTAL,TOTAL,2011,Croatia,13,,,
HR045,OTH,T,TOTAL,TOTAL,TOTAL,TOTAL,2011,Croatia,5,,,
HR046,OTH,T,TOTAL,TOTAL,TOTAL,TOTAL,2011,Croatia,6,,,
HR047,OTH,T,TOTAL,TOTAL,TOTAL,TOTAL,2011,Croatia,15,,,
HR048,OTH,T,TOTAL,TOTAL,TOTAL,TOTAL,2011,Croatia,7,,,
HR049,OTH,T,TOTAL,TOTAL,TOTAL,TOTAL,2011,Croatia,8,,,
HR04A,OTH,T,TOTAL,TOTAL,TOTAL,TOTAL,2011,Croatia,58,,,
HR04B,OTH,T,TOTAL,TOTAL,TOTAL,TOTAL,2011,Croatia,58,,,
HR04C,OTH,T,TOTAL,TOTAL,TOTAL,TOTAL,2011,Croatia,39,,,
HR04D,OTH,T,TOTAL,TOTAL,TOTAL,TOTAL,2011,Croatia,15,,,
HR04E,OTH,T,TOTAL,TOTAL,TOTAL,TOTAL,2011,Croatia,45,,,
HRZ,OTH,T,TOTAL,TOTAL,TOTAL,TOTAL,2011,Croatia,0,,,
HRZZ,OTH,T,TOTAL,TOTAL,TOTAL,TOTAL,2011,Croatia,0,,,
HRZZZ,OTH,T,TOTAL,TOTAL,TOTAL,TOTAL,2011,Croatia,0,,,
HR,UNK,T,TOTAL,TOTAL,TOTAL,TOTAL,2011,Croatia,7443,,,
HR0,UNK,T,TOTAL,TOTAL,TOTAL,TOTAL,2011,Croatia,7443,,,
HR03,UNK,T,TOTAL,TOTAL,TOTAL,TOTAL,2011,Croatia,2579,,,
HR031,UNK,T,TOTAL,TOTAL,TOTAL,TOTAL,2011,Croatia,569,,,
HR032,UNK,T,TOTAL,TOTAL,TOTAL,TOTAL,2011,Croatia,63,,,
HR033,UNK,T,TOTAL,TOTAL,TOTAL,TOTAL,2011,Croatia,609,,,
HR034,UNK,T,TOTAL,TOTAL,TOTAL,TOTAL,2011,Croatia,86,,,
HR035,UNK,T,TOTAL,TOTAL,TOTAL,TOTAL,2011,Croatia,438,,,
HR036,UNK,T,TOTAL,TOTAL,TOTAL,TOTAL,2011,Croatia,576,,,
HR037,UNK,T,TOTAL,TOTAL,TOTAL,TOTAL,2011,Croatia,238,,,
HR04,UNK,T,TOTAL,TOTAL,TOTAL,TOTAL,2011,Croatia,4864,,,
HR041,UNK,T,TOTAL,TOTAL,TOTAL,TOTAL,2011,Croatia,1108,,,
HR042,UNK,T,TOTAL,TOTAL,TOTAL,TOTAL,2011,Croatia,499,,,
HR043,UNK,T,TOTAL,TOTAL,TOTAL,TOTAL,2011,Croatia,480,,,
HR044,UNK,T,TOTAL,TOTAL,TOTAL,TOTAL,2011,Croatia,651,,,
HR045,UNK,T,TOTAL,TOTAL,TOTAL,TOTAL,2011,Croatia,188,,,
HR046,UNK,T,TOTAL,TOTAL,TOTAL,TOTAL,2011,Croatia,281,,,
HR047,UNK,T,TOTAL,TOTAL,TOTAL,TOTAL,2011,Croatia,337,,,
HR048,UNK,T,TOTAL,TOTAL,TOTAL,TOTAL,2011,Croatia,248,,,
HR049,UNK,T,TOTAL,TOTAL,TOTAL,TOTAL,2011,Croatia,92,,,
HR04A,UNK,T,TOTAL,TOTAL,TOTAL,TOTAL,2011,Croatia,60,,,
HR04B,UNK,T,TOTAL,TOTAL,TOTAL,TOTAL,2011,Croatia,174,,,
HR04C,UNK,T,TOTAL,TOTAL,TOTAL,TOTAL,2011,Croatia,118,,,
HR04D,UNK,T,TOTAL,TOTAL,TOTAL,TOTAL,2011,Croatia,426,,,
HR04E,UNK,T,TOTAL,TOTAL,TOTAL,TOTAL,2011,Croatia,202,,,
HRZ,UNK,T,TOTAL,TOTAL,TOTAL,TOTAL,2011,Croatia,0,,,
HRZZ,UNK,T,TOTAL,TOTAL,TOTAL,TOTAL,2011,Croatia,0,,,
HRZZZ,UNK,T,TOTAL,TOTAL,TOTAL,TOTAL,2011,Croatia,0,,,
LV,NAT,T,TOTAL,TOTAL,TOTAL,TOTAL,2011,Latvia,1768321,,,
LV0,NAT,T,TOTAL,TOTAL,TOTAL,TOTAL,2011,Latvia,1768321,,,
LV00,NAT,T,TOTAL,TOTAL,TOTAL,TOTAL,2011,Latvia,1768321,,,
LV003,NAT,T,TOTAL,TOTAL,TOTAL,TOTAL,2011,Latvia,237437,,,
LV005,NAT,T,TOTAL,TOTAL,TOTAL,TOTAL,2011,Latvia,262353,,,
LV006,NAT,T,TOTAL,TOTAL,TOTAL,TOTAL,2011,Latvia,520522,,,
LV007,NAT,T,TOTAL,TOTAL,TOTAL,TOTAL,2011,Latvia,327377,,,
LV008,NAT,T,TOTAL,TOTAL,TOTAL,TOTAL,2011,Latvia,197363,,,
LV009,NAT,T,TOTAL,TOTAL,TOTAL,TOTAL,2011,Latvia,223269,,,
LVZ,NAT,T,TOTAL,TOTAL,TOTAL,TOTAL,2011,Latvia,0,,,
LVZZ,NAT,T,TOTAL,TOTAL,TOTAL,TOTAL,2011,Latvia,0,,,
LVZZZ,NAT,T,TOTAL,TOTAL,TOTAL,TOTAL,2011,Latvia,0,,,
LV,FOR,T,TOTAL,TOTAL,TOTAL,TOTAL,2011,Latvia,302050,,,
LV0,FOR,T,TOTAL,TOTAL,TOTAL,TOTAL,2011,Latvia,302050,,,
LV00,FOR,T,TOTAL,TOTAL,TOTAL,TOTAL,2011,Latvia,302050,,,
LV003,FOR,T,TOTAL,TOTAL,TOTAL,TOTAL,2011,Latvia,33061,,,
LV005,FOR,T,TOTAL,TOTAL,TOTAL,TOTAL,2011,Latvia,41679,,,
LV006,FOR,T,TOTAL,TOTAL,TOTAL,TOTAL,2011,Latvia,138118,,,
LV007,FOR,T,TOTAL,TOTAL,TOTAL,TOTAL,2011,Latvia,44054,,,
LV008,FOR,T,TOTAL,TOTAL,TOTAL,TOTAL,2011,Latvia,13946,,,
LV009,FOR,T,TOTAL,TOTAL,TOTAL,TOTAL,2011,Latvia,31192,,,
LVZ,FOR,T,TOTAL,TOTAL,TOTAL,TOTAL,2011,Latvia,0,,,
LVZZ,FOR,T,TOTAL,TOTAL,TOTAL,TOTAL,2011,Latvia,0,,,
LVZZZ,FOR,T,TOTAL,TOTAL,TOTAL,TOTAL,2011,Latvia,0,,,
LV,OTH,T,TOTAL,TOTAL,TOTAL,TOTAL,2011,Latvia,0,,,
LV0,OTH,T,TOTAL,TOTAL,TOTAL,TOTAL,2011,Latvia,0,,,
LV00,OTH,T,TOTAL,TOTAL,TOTAL,TOTAL,2011,Latvia,0,,,
LV003,OTH,T,TOTAL,TOTAL,TOTAL,TOTAL,2011,Latvia,0,,,
LV005,OTH,T,TOTAL,TOTAL,TOTAL,TOTAL,2011,Latvia,0,,,
LV006,OTH,T,TOTAL,TOTAL,TOTAL,TOTAL,2011,Latvia,0,,,
LV007,OTH,T,TOTAL,TOTAL,TOTAL,TOTAL,2011,Latvia,0,,,
LV008,OTH,T,TOTAL,TOTAL,TOTAL,TOTAL,2011,Latvia,0,,,
LV009,OTH,T,TOTAL,TOTAL,TOTAL,TOTAL,2011,Latvia,0,,,
LVZ,OTH,T,TOTAL,TOTAL,TOTAL,TOTAL,2011,Latvia,0,,,
LVZZ,OTH,T,TOTAL,TOTAL,TOTAL,TOTAL,2011,Latvia,0,,,
LVZZZ,OTH,T,TOTAL,TOTAL,TOTAL,TOTAL,2011,Latvia,0,,,
LV,UNK,T,TOTAL,TOTAL,TOTAL,TOTAL,2011,Latvia,0,,,
LV0,UNK,T,TOTAL,TOTAL,TOTAL,TOTAL,2011,Latvia,0,,,
LV00,UNK,T,TOTAL,TOTAL,TOTAL,TOTAL,2011,Latvia,0,,,
LV003,UNK,T,TOTAL,TOTAL,TOTAL,TOTAL,2011,Latvia,0,,,
LV005,UNK,T,TOTAL,TOTAL,TOTAL,TOTAL,2011,Latvia,0,,,
LV006,UNK,T,TOTAL,TOTAL,TOTAL,TOTAL,2011,Latvia,0,,,
LV007,UNK,T,TOTAL,TOTAL,TOTAL,TOTAL,2011,Latvia,0,,,
LV008,UNK,T,TOTAL,TOTAL,TOTAL,TOTAL,2011,Latvia,0,,,
LV009,UNK,T,TOTAL,TOTAL,TOTAL,TOTAL,2011,Latvia,0,,,
LVZ,UNK,T,TOTAL,TOTAL,TOTAL,TOTAL,2011,Latvia,0,,,
LVZZ,UNK,T,TOTAL,TOTAL,TOTAL,TOTAL,2011,Latvia,0,,,
LVZZZ,UNK,T,TOTAL,TOTAL,TOTAL,TOTAL,2011,Latvia,0,,,
FR,NAT,T,TOTAL,TOTAL,TOTAL,TOTAL,2011,France,57606286,,,
FR1,NAT,T,TOTAL,TOTAL,TOTAL,TOTAL,2011,France,9336597,,,
FR10,NAT,T,TOTAL,TOTAL,TOTAL,TOTAL,2011,France,9336597,,,
FR101,NAT,T,TOTAL,TOTAL,TOTAL,TOTAL,2011,France,1686566,,,
FR102,NAT,T,TOTAL,TOTAL,TOTAL,TOTAL,2011,France,1148187,,,
FR103,NAT,T,TOTAL,TOTAL,TOTAL,TOTAL,2011,France,1196401,,,
FR104,NAT,T,TOTAL,TOTAL,TOTAL,TOTAL,2011,France,1021563,,,
FR105,NAT,T,TOTAL,TOTAL,TOTAL,TOTAL,2011,France,1257766,,,
FR106,NAT,T,TOTAL,TOTAL,TOTAL,TOTAL,2011,France,1054408,,,
FR107,NAT,T,TOTAL,TOTAL,TOTAL,TOTAL,2011,France,1030492,,,
FR108,NAT,T,TOTAL,TOTAL,TOTAL,TOTAL,2011,France,941214,,,
FR2,NAT,T,TOTAL,TOTAL,TOTAL,TOTAL,2011,France,10079887,,,
FR21,NAT,T,TOTAL,TOTAL,TOTAL,TOTAL,2011,France,1243327,,,
FR211,NAT,T,TOTAL,TOTAL,TOTAL,TOTAL,2011,France,263328,,,
FR212,NAT,T,TOTAL,TOTAL,TOTAL,TOTAL,2011,France,277769,,,
FR213,NAT,T,TOTAL,TOTAL,TOTAL,TOTAL,2011,France,528574,,,
FR214,NAT,T,TOTAL,TOTAL,TOTAL,TOTAL,2011,France,173656,,,
FR22,NAT,T,TOTAL,TOTAL,TOTAL,TOTAL,2011,France,1801413,,,
FR221,NAT,T,TOTAL,TOTAL,TOTAL,TOTAL,2011,France,515652,,,
FR222,NAT,T,TOTAL,TOTAL,TOTAL,TOTAL,2011,France,737396,,,
FR223,NAT,T,TOTAL,TOTAL,TOTAL,TOTAL,2011,France,548366,,,
FR23,NAT,T,TOTAL,TOTAL,TOTAL,TOTAL,2011,France,1737974,,,
FR231,NAT,T,TOTAL,TOTAL,TOTAL,TOTAL,2011,France,555762,,,
FR232,NAT,T,TOTAL,TOTAL,TOTAL,TOTAL,2011,France,1182212,,,
FR24,NAT,T,TOTAL,TOTAL,TOTAL,TOTAL,2011,France,2358114,,,
FR241,NAT,T,TOTAL,TOTAL,TOTAL,TOTAL,2011,France,291828,,,
FR242,NAT,T,TOTAL,TOTAL,TOTAL,TOTAL,2011,France,396549,,,
FR243,NAT,T,TOTAL,TOTAL,TOTAL,TOTAL,2011,France,218659,,,
FR244,NAT,T,TOTAL,TOTAL,TOTAL,TOTAL,2011,France,552895,,,
FR245,NAT,T,TOTAL,TOTAL,TOTAL,TOTAL,2011,France,308234,,,
FR246,NAT,T,TOTAL,TOTAL,TOTAL,TOTAL,2011,France,589950,,,
FR25,NAT,T,TOTAL,TOTAL,TOTAL,TOTAL,2011,France,1419855,,,
FR251,NAT,T,TOTAL,TOTAL,TOTAL,TOTAL,2011,France,655652,,,
FR252,NAT,T,TOTAL,TOTAL,TOTAL,TOTAL,2011,France,486107,,,
FR253,NAT,T,TOTAL,TOTAL,TOTAL,TOTAL,2011,France,278095,,,
FR26,NAT,T,TOTAL,TOTAL,TOTAL,TOTAL,2011,France,1519204,,,
FR261,NAT,T,TOTAL,TOTAL,TOTAL,TOTAL,2011,France,484195,,,
FR262,NAT,T,TOTAL,TOTAL,TOTAL,TOTAL,2011,France,205739,,,
FR263,NAT,T,TOTAL,TOTAL,TOTAL,TOTAL,2011,France,513538,,,
FR264,NAT,T,TOTAL,TOTAL,TOTAL,TOTAL,2011,France,315732,,,
FR3,NAT,T,TOTAL,TOTAL,TOTAL,TOTAL,2011,France,3815010,,,
FR30,NAT,T,TOTAL,TOTAL,TOTAL,TOTAL,2011,France,3815010,,,
FR301,NAT,T,TOTAL,TOTAL,TOTAL,TOTAL,2011,France,2391935,,,
FR302,NAT,T,TOTAL,TOTAL,TOTAL,TOTAL,2011,France,1423076,,,
FR4,NAT,T,TOTAL,TOTAL,TOTAL,TOTAL,2011,France,4819203,,,
FR41,NAT,T,TOTAL,TOTAL,TOTAL,TOTAL,2011,France,2125458,,,
FR411,NAT,T,TOTAL,TOTAL,TOTAL,TOTAL,2011,France,664854,,,
FR412,NAT,T,TOTAL,TOTAL,TOTAL,TOTAL,2011,France,182090,,,
FR413,NAT,T,TOTAL,TOTAL,TOTAL,TOTAL,2011,France,919689,,,
FR414,NAT,T,TOTAL,TOTAL,TOTAL,TOTAL,2011,France,358825,,,
FR42,NAT,T,TOTAL,TOTAL,TOTAL,TOTAL,2011,France,1617836,,,
FR421,NAT,T,TOTAL,TOTAL,TOTAL,TOTAL,2011,France,965976,,,
FR422,NAT,T,TOTAL,TOTAL,TOTAL,TOTAL,2011,France,651860,,,
FR43,NAT,T,TOTAL,TOTAL,TOTAL,TOTAL,2011,France,1075909,,,
FR431,NAT,T,TOTAL,TOTAL,TOTAL,TOTAL,2011,France,478709,,,
FR432,NAT,T,TOTAL,TOTAL,TOTAL,TOTAL,2011,France,242743,,,
FR433,NAT,T,TOTAL,TOTAL,TOTAL,TOTAL,2011,France,226118,,,
FR434,NAT,T,TOTAL,TOTAL,TOTAL,TOTAL,2011,France,128340,,,
FR5,NAT,T,TOTAL,TOTAL,TOTAL,TOTAL,2011,France,8218294,,,
FR51,NAT,T,TOTAL,TOTAL,TOTAL,TOTAL,2011,France,3449563,,,
FR511,NAT,T,TOTAL,TOTAL,TOTAL,TOTAL,2011,France,1232192,,,
FR512,NAT,T,TOTAL,TOTAL,TOTAL,TOTAL,2011,France,755781,,,
FR513,NAT,T,TOTAL,TOTAL,TOTAL,TOTAL,2011,France,296639,,,
FR514,NAT,T,TOTAL,TOTAL,TOTAL,TOTAL,2011,France,542687,,,
FR515,NAT,T,TOTAL,TOTAL,TOTAL,TOTAL,2011,France,622263,,,
FR52,NAT,T,TOTAL,TOTAL,TOTAL,TOTAL,2011,France,3087437,,,
FR521,NAT,T,TOTAL,TOTAL,TOTAL,TOTAL,2011,France,571360,,,
FR522,NAT,T,TOTAL,TOTAL,TOTAL,TOTAL,2011,France,865744,,,
FR523,NAT,T,TOTAL,TOTAL,TOTAL,TOTAL,2011,France,951842,,,
FR524,NAT,T,TOTAL,TOTAL,TOTAL,TOTAL,2011,France,698491,,,
FR53,NAT,T,TOTAL,TOTAL,TOTAL,TOTAL,2011,France,1681295,,,
FR531,NAT,T,TOTAL,TOTAL,TOTAL,TOTAL,2011,France,329531,,,
FR532,NAT,T,TOTAL,TOTAL,TOTAL,TOTAL,2011,France,593373,,,
FR533,NAT,T,TOTAL,TOTAL,TOTAL,TOTAL,2011,France,355207,,,
FR534,NAT,T,TOTAL,TOTAL,TOTAL,TOTAL,2011,France,403184,,,
FR6,NAT,T,TOTAL,TOTAL,TOTAL,TOTAL,2011,France,6221262,,,
FR61,NAT,T,TOTAL,TOTAL,TOTAL,TOTAL,2011,France,2947571,,,
FR611,NAT,T,TOTAL,TOTAL,TOTAL,TOTAL,2011,France,380951,,,
FR612,NAT,T,TOTAL,TOTAL,TOTAL,TOTAL,2011,France,1326322,,,
FR613,NAT,T,TOTAL,TOTAL,TOTAL,TOTAL,2011,France,359403,,,
FR614,NAT,T,TOTAL,TOTAL,TOTAL,TOTAL,2011,France,290593,,,
FR615,NAT,T,TOTAL,TOTAL,TOTAL,TOTAL,2011,France,590302,,,
FR62,NAT,T,TOTAL,TOTAL,TOTAL,TOTAL,2011,France,2585992,,,
FR621,NAT,T,TOTAL,TOTAL,TOTAL,TOTAL,2011,France,135681,,,
FR622,NAT,T,TOTAL,TOTAL,TOTAL,TOTAL,2011,France,259843,,,
FR623,NAT,T,TOTAL,TOTAL,TOTAL,TOTAL,2011,France,1091301,,,
FR624,NAT,T,TOTAL,TOTAL,TOTAL,TOTAL,2011,France,170804,,,
FR625,NAT,T,TOTAL,TOTAL,TOTAL,TOTAL,2011,France,159629,,,
FR626,NAT,T,TOTAL,TOTAL,TOTAL,TOTAL,2011,France,208182,,,
FR627,NAT,T,TOTAL,TOTAL,TOTAL,TOTAL,2011,France,343809,,,
FR628,NAT,T,TOTAL,TOTAL,TOTAL,TOTAL,2011,France,216743,,,
FR63,NAT,T,TOTAL,TOTAL,TOTAL,TOTAL,2011,France,687699,,,
FR631,NAT,T,TOTAL,TOTAL,TOTAL,TOTAL,2011,France,225858,,,
FR632,NAT,T,TOTAL,TOTAL,TOTAL,TOTAL,2011,France,115749,,,
FR633,NAT,T,TOTAL,TOTAL,TOTAL,TOTAL,2011,France,346092,,,
FR7,NAT,T,TOTAL,TOTAL,TOTAL,TOTAL,2011,France,6774723,,,
FR71,NAT,T,TOTAL,TOTAL,TOTAL,TOTAL,2011,France,5509516,,,
FR711,NAT,T,TOTAL,TOTAL,TOTAL,TOTAL,2011,France,522726,,,
FR712,NAT,T,TOTAL,TOTAL,TOTAL,TOTAL,2011,France,295494,,,
FR713,NAT,T,TOTAL,TOTAL,TOTAL,TOTAL,2011,France,439927,,,
FR714,NAT,T,TOTAL,TOTAL,TOTAL,TOTAL,2011,France,1065383,,,
FR715,NAT,T,TOTAL,TOTAL,TOTAL,TOTAL,2011,France,681416,,,
FR716,NAT,T,TOTAL,TOTAL,TOTAL,TOTAL,2011,France,1486321,,,
FR717,NAT,T,TOTAL,TOTAL,TOTAL,TOTAL,2011,France,380315,,,
FR718,NAT,T,TOTAL,TOTAL,TOTAL,TOTAL,2011,France,637935,,,
FR72,NAT,T,TOTAL,TOTAL,TOTAL,TOTAL,2011,France,1265206,,,
FR721,NAT,T,TOTAL,TOTAL,TOTAL,TOTAL,2011,France,322069,,,
FR722,NAT,T,TOTAL,TOTAL,TOTAL,TOTAL,2011,France,144078,,,
FR723,NAT,T,TOTAL,TOTAL,TOTAL,TOTAL,2011,France,215986,,,
FR724,NAT,T,TOTAL,TOTAL,TOTAL,TOTAL,2011,France,583073,,,
FR8,NAT,T,TOTAL,TOTAL,TOTAL,TOTAL,2011,France,6618729,,,
FR81,NAT,T,TOTAL,TOTAL,TOTAL,TOTAL,2011,France,2283711,,,
FR811,NAT,T,TOTAL,TOTAL,TOTAL,TOTAL,2011,France,314114,,,
FR812,NAT,T,TOTAL,TOTAL,TOTAL,TOTAL,2011,France,622769,,,
FR813,NAT,T,TOTAL,TOTAL,TOTAL,TOTAL,2011,France,897322,,,
FR814,NAT,T,TOTAL,TOTAL,TOTAL,TOTAL,2011,France,72379,,,
FR815,NAT,T,TOTAL,TOTAL,TOTAL,TOTAL,2011,France,377128,,,
FR82,NAT,T,TOTAL,TOTAL,TOTAL,TOTAL,2011,France,4067209,,,
FR821,NAT,T,TOTAL,TOTAL,TOTAL,TOTAL,2011,France,142323,,,
FR822,NAT,T,TOTAL,TOTAL,TOTAL,TOTAL,2011,France,127769,,,
FR823,NAT,T,TOTAL,TOTAL,TOTAL,TOTAL,2011,France,842321,,,
FR824,NAT,T,TOTAL,TOTAL,TOTAL,TOTAL,2011,France,1629615,,,
FR825,NAT,T,TOTAL,TOTAL,TOTAL,TOTAL,2011,France,858823,,,
FR826,NAT,T,TOTAL,TOTAL,TOTAL,TOTAL,2011,France,466358,,,
FR83,NAT,T,TOTAL,TOTAL,TOTAL,TOTAL,2011,France,267810,,,
FR831,NAT,T,TOTAL,TOTAL,TOTAL,TOTAL,2011,France,123499,,,
FR832,NAT,T,TOTAL,TOTAL,TOTAL,TOTAL,2011,France,144311,,,
FR9,NAT,T,TOTAL,TOTAL,TOTAL,TOTAL,2011,France,1722582,,,
FR91,NAT,T,TOTAL,TOTAL,TOTAL,TOTAL,2011,France,384265,,,
FR910,NAT,T,TOTAL,TOTAL,TOTAL,TOTAL,2011,France,384265,,,
FR92,NAT,T,TOTAL,TOTAL,TOTAL,TOTAL,2011,France,379890,,,
FR920,NAT,T,TOTAL,TOTAL,TOTAL,TOTAL,2011,France,379890,,,
FR93,NAT,T,TOTAL,TOTAL,TOTAL,TOTAL,2011,France,164042,,,
FR930,NAT,T,TOTAL,TOTAL,TOTAL,TOTAL,2011,France,164042,,,
FR94,NAT,T,TOTAL,TOTAL,TOTAL,TOTAL,2011,France,794384,,,
FR940,NAT,T,TOTAL,TOTAL,TOTAL,TOTAL,2011,France,794384,,,
FRZ,NAT,T,TOTAL,TOTAL,TOTAL,TOTAL,2011,France,0,,,
FRZZ,NAT,T,TOTAL,TOTAL,TOTAL,TOTAL,2011,France,0,,,
FRZZZ,NAT,T,TOTAL,TOTAL,TOTAL,TOTAL,2011,France,0,,,
FR,FOR,T,TOTAL,TOTAL,TOTAL,TOTAL,2011,France,7325037,,,
FR1,FOR,T,TOTAL,TOTAL,TOTAL,TOTAL,2011,France,2515076,,,
FR10,FOR,T,TOTAL,TOTAL,TOTAL,TOTAL,2011,France,2515076,,,
FR101,FOR,T,TOTAL,TOTAL,TOTAL,TOTAL,2011,France,563282,,,
FR102,FOR,T,TOTAL,TOTAL,TOTAL,TOTAL,2011,France,189733,,,
FR103,FOR,T,TOTAL,TOTAL,TOTAL,TOTAL,2011,France,216731,,,
FR104,FOR,T,TOTAL,TOTAL,TOTAL,TOTAL,2011,France,203395,,,
FR105,FOR,T,TOTAL,TOTAL,TOTAL,TOTAL,2011,France,323792,,,
FR106,FOR,T,TOTAL,TOTAL,TOTAL,TOTAL,2011,France,475618,,,
FR107,FOR,T,TOTAL,TOTAL,TOTAL,TOTAL,2011,France,303105,,,
FR108,FOR,T,TOTAL,TOTAL,TOTAL,TOTAL,2011,France,239420,,,
FR2,FOR,T,TOTAL,TOTAL,TOTAL,TOTAL,2011,France,689629,,,
FR21,FOR,T,TOTAL,TOTAL,TOTAL,TOTAL,2011,France,92986,,,
FR211,FOR,T,TOTAL,TOTAL,TOTAL,TOTAL,2011,France,19950,,,
FR212,FOR,T,TOTAL,TOTAL,TOTAL,TOTAL,2011,France,26172,,,
FR213,FOR,T,TOTAL,TOTAL,TOTAL,TOTAL,2011,France,38179,,,
FR214,FOR,T,TOTAL,TOTAL,TOTAL,TOTAL,2011,France,8685,,,
FR22,FOR,T,TOTAL,TOTAL,TOTAL,TOTAL,2011,France,116139,,,
FR221,FOR,T,TOTAL,TOTAL,TOTAL,TOTAL,2011,France,25654,,,
FR222,FOR,T,TOTAL,TOTAL,TOTAL,TOTAL,2011,France,68063,,,
FR223,FOR,T,TOTAL,TOTAL,TOTAL,TOTAL,2011,France,22421,,,
FR23,FOR,T,TOTAL,TOTAL,TOTAL,TOTAL,2011,France,101800,,,
FR231,FOR,T,TOTAL,TOTAL,TOTAL,TOTAL,2011,France,32497,,,
FR232,FOR,T,TOTAL,TOTAL,TOTAL,TOTAL,2011,France,69302,,,
FR24,FOR,T,TOTAL,TOTAL,TOTAL,TOTAL,2011,France,198942,,,
FR241,FOR,T,TOTAL,TOTAL,TOTAL,TOTAL,2011,France,20118,,,
FR242,FOR,T,TOTAL,TOTAL,TOTAL,TOTAL,2011,France,33303,,,
FR243,FOR,T,TOTAL,TOTAL,TOTAL,TOTAL,2011,France,11488,,,
FR244,FOR,T,TOTAL,TOTAL,TOTAL,TOTAL,2011,France,41288,,,
FR245,FOR,T,TOTAL,TOTAL,TOTAL,TOTAL,2011,France,23046,,,
FR246,FOR,T,TOTAL,TOTAL,TOTAL,TOTAL,2011,France,69700,,,
FR25,FOR,T,TOTAL,TOTAL,TOTAL,TOTAL,2011,France,56151,,,
FR251,FOR,T,TOTAL,TOTAL,TOTAL,TOTAL,2011,France,29667,,,
FR252,FOR,T,TOTAL,TOTAL,TOTAL,TOTAL,2011,France,13842,,,
FR253,FOR,T,TOTAL,TOTAL,TOTAL,TOTAL,2011,France,12642,,,
FR26,FOR,T,TOTAL,TOTAL,TOTAL,TOTAL,2011,France,123612,,,
FR261,FOR,T,TOTAL,TOTAL,TOTAL,TOTAL,2011,France,41374,,,
FR262,FOR,T,TOTAL,TOTAL,TOTAL,TOTAL,2011,France,12765,,,
FR263,FOR,T,TOTAL,TOTAL,TOTAL,TOTAL,2011,France,42603,,,
FR264,FOR,T,TOTAL,TOTAL,TOTAL,TOTAL,2011,France,26869,,,
FR3,FOR,T,TOTAL,TOTAL,TOTAL,TOTAL,2011,France,226922,,,
FR30,FOR,T,TOTAL,TOTAL,TOTAL,TOTAL,2011,France,226922,,,
FR301,FOR,T,TOTAL,TOTAL,TOTAL,TOTAL,2011,France,187061,,,
FR302,FOR,T,TOTAL,TOTAL,TOTAL,TOTAL,2011,France,39861,,,
FR4,FOR,T,TOTAL,TOTAL,TOTAL,TOTAL,2011,France,557031,,,
FR41,FOR,T,TOTAL,TOTAL,TOTAL,TOTAL,2011,France,224988,,,
FR411,FOR,T,TOTAL,TOTAL,TOTAL,TOTAL,2011,France,68698,,,
FR412,FOR,T,TOTAL,TOTAL,TOTAL,TOTAL,2011,France,11197,,,
FR413,FOR,T,TOTAL,TOTAL,TOTAL,TOTAL,2011,France,125252,,,
FR414,FOR,T,TOTAL,TOTAL,TOTAL,TOTAL,2011,France,19841,,,
FR42,FOR,T,TOTAL,TOTAL,TOTAL,TOTAL,2011,France,234154,,,
FR421,FOR,T,TOTAL,TOTAL,TOTAL,TOTAL,2011,France,132965,,,
FR422,FOR,T,TOTAL,TOTAL,TOTAL,TOTAL,2011,France,101189,,,
FR43,FOR,T,TOTAL,TOTAL,TOTAL,TOTAL,2011,France,97889,,,
FR431,FOR,T,TOTAL,TOTAL,TOTAL,TOTAL,2011,France,50550,,,
FR432,FOR,T,TOTAL,TOTAL,TOTAL,TOTAL,2011,France,18755,,,
FR433,FOR,T,TOTAL,TOTAL,TOTAL,TOTAL,2011,France,13602,,,
FR434,FOR,T,TOTAL,TOTAL,TOTAL,TOTAL,2011,France,14981,,,
FR5,FOR,T,TOTAL,TOTAL,TOTAL,TOTAL,2011,France,378259,,,
FR51,FOR,T,TOTAL,TOTAL,TOTAL,TOTAL,2011,France,150932,,,
FR511,FOR,T,TOTAL,TOTAL,TOTAL,TOTAL,2011,France,63804,,,
FR512,FOR,T,TOTAL,TOTAL,TOTAL,TOTAL,2011,France,34437,,,
FR513,FOR,T,TOTAL,TOTAL,TOTAL,TOTAL,2011,France,10311,,,
FR514,FOR,T,TOTAL,TOTAL,TOTAL,TOTAL,2011,France,23300,,,
FR515,FOR,T,TOTAL,TOTAL,TOTAL,TOTAL,2011,France,19080,,,
FR52,FOR,T,TOTAL,TOTAL,TOTAL,TOTAL,2011,France,130730,,,
FR521,FOR,T,TOTAL,TOTAL,TOTAL,TOTAL,2011,France,22999,,,
FR522,FOR,T,TOTAL,TOTAL,TOTAL,TOTAL,2011,France,34326,,,
FR523,FOR,T,TOTAL,TOTAL,TOTAL,TOTAL,2011,France,44984,,,
FR524,FOR,T,TOTAL,TOTAL,TOTAL,TOTAL,2011,France,28421,,,
FR53,FOR,T,TOTAL,TOTAL,TOTAL,TOTAL,2011,France,96597,,,
FR531,FOR,T,TOTAL,TOTAL,TOTAL,TOTAL,2011,France,22980,,,
FR532,FOR,T,TOTAL,TOTAL,TOTAL,TOTAL,2011,France,32382,,,
FR533,FOR,T,TOTAL,TOTAL,TOTAL,TOTAL,2011,France,16026,,,
FR534,FOR,T,TOTAL,TOTAL,TOTAL,TOTAL,2011,France,25207,,,
FR6,FOR,T,TOTAL,TOTAL,TOTAL,TOTAL,2011,France,677722,,,
FR61,FOR,T,TOTAL,TOTAL,TOTAL,TOTAL,2011,France,306917,,,
FR611,FOR,T,TOTAL,TOTAL,TOTAL,TOTAL,2011,France,34234,,,
FR612,FOR,T,TOTAL,TOTAL,TOTAL,TOTAL,2011,France,137461,,,
FR613,FOR,T,TOTAL,TOTAL,TOTAL,TOTAL,2011,France,28541,,,
FR614,FOR,T,TOTAL,TOTAL,TOTAL,TOTAL,2011,France,40227,,,
FR615,FOR,T,TOTAL,TOTAL,TOTAL,TOTAL,2011,France,66454,,,
FR62,FOR,T,TOTAL,TOTAL,TOTAL,TOTAL,2011,France,317346,,,
FR621,FOR,T,TOTAL,TOTAL,TOTAL,TOTAL,2011,France,16609,,,
FR622,FOR,T,TOTAL,TOTAL,TOTAL,TOTAL,2011,France,15722,,,
FR623,FOR,T,TOTAL,TOTAL,TOTAL,TOTAL,2011,France,169109,,,
FR624,FOR,T,TOTAL,TOTAL,TOTAL,TOTAL,2011,France,18117,,,
FR625,FOR,T,TOTAL,TOTAL,TOTAL,TOTAL,2011,France,14956,,,
FR626,FOR,T,TOTAL,TOTAL,TOTAL,TOTAL,2011,France,21014,,,
FR627,FOR,T,TOTAL,TOTAL,TOTAL,TOTAL,2011,France,33881,,,
FR628,FOR,T,TOTAL,TOTAL,TOTAL,TOTAL,2011,France,27937,,,
FR63,FOR,T,TOTAL,TOTAL,TOTAL,TOTAL,2011,France,53460,,,
FR631,FOR,T,TOTAL,TOTAL,TOTAL,TOTAL,2011,France,16559,,,
FR632,FOR,T,TOTAL,TOTAL,TOTAL,TOTAL,2011,France,6662,,,
FR633,FOR,T,TOTAL,TOTAL,TOTAL,TOTAL,2011,France,30239,,,
FR7,FOR,T,TOTAL,TOTAL,TOTAL,TOTAL,2011,France,858392,,,
FR71,FOR,T,TOTAL,TOTAL,TOTAL,TOTAL,2011,France,773527,,,
FR711,FOR,T,TOTAL,TOTAL,TOTAL,TOTAL,2011,France,81271,,,
FR712,FOR,T,TOTAL,TOTAL,TOTAL,TOTAL,2011,France,21400,,,
FR713,FOR,T,TOTAL,TOTAL,TOTAL,TOTAL,2011,France,48177,,,
FR714,FOR,T,TOTAL,TOTAL,TOTAL,TOTAL,2011,France,149466,,,
FR715,FOR,T,TOTAL,TOTAL,TOTAL,TOTAL,2011,France,67365,,,
FR716,FOR,T,TOTAL,TOTAL,TOTAL,TOTAL,2011,France,258196,,,
FR717,FOR,T,TOTAL,TOTAL,TOTAL,TOTAL,2011,France,38584,,,
FR718,FOR,T,TOTAL,TOTAL,TOTAL,TOTAL,2011,France,109069,,,
FR72,FOR,T,TOTAL,TOTAL,TOTAL,TOTAL,2011,France,84865,,,
FR721,FOR,T,TOTAL,TOTAL,TOTAL,TOTAL,2011,France,20492,,,
FR722,FOR,T,TOTAL,TOTAL,TOTAL,TOTAL,2011,France,3589,,,
FR723,FOR,T,TOTAL,TOTAL,TOTAL,TOTAL,2011,France,8725,,,
FR724,FOR,T,TOTAL,TOTAL,TOTAL,TOTAL,2011,France,52059,,,
FR8,FOR,T,TOTAL,TOTAL,TOTAL,TOTAL,2011,France,1281830,,,
FR81,FOR,T,TOTAL,TOTAL,TOTAL,TOTAL,2011,France,385937,,,
FR811,FOR,T,TOTAL,TOTAL,TOTAL,TOTAL,2011,France,45829,,,
FR812,FOR,T,TOTAL,TOTAL,TOTAL,TOTAL,2011,France,95751,,,
FR813,FOR,T,TOTAL,TOTAL,TOTAL,TOTAL,2011,France,164516,,,
FR814,FOR,T,TOTAL,TOTAL,TOTAL,TOTAL,2011,France,4572,,,
FR815,FOR,T,TOTAL,TOTAL,TOTAL,TOTAL,2011,France,75269,,,
FR82,FOR,T,TOTAL,TOTAL,TOTAL,TOTAL,2011,France,849218,,,
FR821,FOR,T,TOTAL,TOTAL,TOTAL,TOTAL,2011,France,18715,,,
FR822,FOR,T,TOTAL,TOTAL,TOTAL,TOTAL,2011,France,10874,,,
FR823,FOR,T,TOTAL,TOTAL,TOTAL,TOTAL,2011,France,239134,,,
FR824,FOR,T,TOTAL,TOTAL,TOTAL,TOTAL,2011,France,346214,,,
FR825,FOR,T,TOTAL,TOTAL,TOTAL,TOTAL,2011,France,153803,,,
FR826,FOR,T,TOTAL,TOTAL,TOTAL,TOTAL,2011,France,80478,,,
FR83,FOR,T,TOTAL,TOTAL,TOTAL,TOTAL,2011,France,46675,,,
FR831,FOR,T,TOTAL,TOTAL,TOTAL,TOTAL,2011,France,22346,,,
FR832,FOR,T,TOTAL,TOTAL,TOTAL,TOTAL,2011,France,24329,,,
FR9,FOR,T,TOTAL,TOTAL,TOTAL,TOTAL,2011,France,140176,,,
FR91,FOR,T,TOTAL,TOTAL,TOTAL,TOTAL,2011,France,20395,,,
FR910,FOR,T,TOTAL,TOTAL,TOTAL,TOTAL,2011,France,20395,,,
FR92,FOR,T,TOTAL,TOTAL,TOTAL,TOTAL,2011,France,12325,,,
FR920,FOR,T,TOTAL,TOTAL,TOTAL,TOTAL,2011,France,12325,,,
FR93,FOR,T,TOTAL,TOTAL,TOTAL,TOTAL,2011,France,73207,,,
FR930,FOR,T,TOTAL,TOTAL,TOTAL,TOTAL,2011,France,73207,,,
FR94,FOR,T,TOTAL,TOTAL,TOTAL,TOTAL,2011,France,34250,,,
FR940,FOR,T,TOTAL,TOTAL,TOTAL,TOTAL,2011,France,34250,,,
FRZ,FOR,T,TOTAL,TOTAL,TOTAL,TOTAL,2011,France,0,,,
FRZZ,FOR,T,TOTAL,TOTAL,TOTAL,TOTAL,2011,France,0,,,
FRZZZ,FOR,T,TOTAL,TOTAL,TOTAL,TOTAL,2011,France,0,,,
FR,OTH,T,TOTAL,TOTAL,TOTAL,TOTAL,2011,France,0,,,
FR1,OTH,T,TOTAL,TOTAL,TOTAL,TOTAL,2011,France,0,,,
FR10,OTH,T,TOTAL,TOTAL,TOTAL,TOTAL,2011,France,0,,,
FR101,OTH,T,TOTAL,TOTAL,TOTAL,TOTAL,2011,France,0,,,
FR102,OTH,T,TOTAL,TOTAL,TOTAL,TOTAL,2011,France,0,,,
FR103,OTH,T,TOTAL,TOTAL,TOTAL,TOTAL,2011,France,0,,,
FR104,OTH,T,TOTAL,TOTAL,TOTAL,TOTAL,2011,France,0,,,
FR105,OTH,T,TOTAL,TOTAL,TOTAL,TOTAL,2011,France,0,,,
FR106,OTH,T,TOTAL,TOTAL,TOTAL,TOTAL,2011,France,0,,,
FR107,OTH,T,TOTAL,TOTAL,TOTAL,TOTAL,2011,France,0,,,
FR108,OTH,T,TOTAL,TOTAL,TOTAL,TOTAL,2011,France,0,,,
FR2,OTH,T,TOTAL,TOTAL,TOTAL,TOTAL,2011,France,0,,,
FR21,OTH,T,TOTAL,TOTAL,TOTAL,TOTAL,2011,France,0,,,
FR211,OTH,T,TOTAL,TOTAL,TOTAL,TOTAL,2011,France,0,,,
FR212,OTH,T,TOTAL,TOTAL,TOTAL,TOTAL,2011,France,0,,,
FR213,OTH,T,TOTAL,TOTAL,TOTAL,TOTAL,2011,France,0,,,
FR214,OTH,T,TOTAL,TOTAL,TOTAL,TOTAL,2011,France,0,,,
FR22,OTH,T,TOTAL,TOTAL,TOTAL,TOTAL,2011,France,0,,,
FR221,OTH,T,TOTAL,TOTAL,TOTAL,TOTAL,2011,France,0,,,
FR222,OTH,T,TOTAL,TOTAL,TOTAL,TOTAL,2011,France,0,,,
FR223,OTH,T,TOTAL,TOTAL,TOTAL,TOTAL,2011,France,0,,,
FR23,OTH,T,TOTAL,TOTAL,TOTAL,TOTAL,2011,France,0,,,
FR231,OTH,T,TOTAL,TOTAL,TOTAL,TOTAL,2011,France,0,,,
FR232,OTH,T,TOTAL,TOTAL,TOTAL,TOTAL,2011,France,0,,,
FR24,OTH,T,TOTAL,TOTAL,TOTAL,TOTAL,2011,France,0,,,
FR241,OTH,T,TOTAL,TOTAL,TOTAL,TOTAL,2011,France,0,,,
FR242,OTH,T,TOTAL,TOTAL,TOTAL,TOTAL,2011,France,0,,,
FR243,OTH,T,TOTAL,TOTAL,TOTAL,TOTAL,2011,France,0,,,
FR244,OTH,T,TOTAL,TOTAL,TOTAL,TOTAL,2011,France,0,,,
FR245,OTH,T,TOTAL,TOTAL,TOTAL,TOTAL,2011,France,0,,,
FR246,OTH,T,TOTAL,TOTAL,TOTAL,TOTAL,2011,France,0,,,
FR25,OTH,T,TOTAL,TOTAL,TOTAL,TOTAL,2011,France,0,,,
FR251,OTH,T,TOTAL,TOTAL,TOTAL,TOTAL,2011,France,0,,,
FR252,OTH,T,TOTAL,TOTAL,TOTAL,TOTAL,2011,France,0,,,
FR253,OTH,T,TOTAL,TOTAL,TOTAL,TOTAL,2011,France,0,,,
FR26,OTH,T,TOTAL,TOTAL,TOTAL,TOTAL,2011,France,0,,,
FR261,OTH,T,TOTAL,TOTAL,TOTAL,TOTAL,2011,France,0,,,
FR262,OTH,T,TOTAL,TOTAL,TOTAL,TOTAL,2011,France,0,,,
FR263,OTH,T,TOTAL,TOTAL,TOTAL,TOTAL,2011,France,0,,,
FR264,OTH,T,TOTAL,TOTAL,TOTAL,TOTAL,2011,France,0,,,
FR3,OTH,T,TOTAL,TOTAL,TOTAL,TOTAL,2011,France,0,,,
FR30,OTH,T,TOTAL,TOTAL,TOTAL,TOTAL,2011,France,0,,,
FR301,OTH,T,TOTAL,TOTAL,TOTAL,TOTAL,2011,France,0,,,
FR302,OTH,T,TOTAL,TOTAL,TOTAL,TOTAL,2011,France,0,,,
FR4,OTH,T,TOTAL,TOTAL,TOTAL,TOTAL,2011,France,0,,,
FR41,OTH,T,TOTAL,TOTAL,TOTAL,TOTAL,2011,France,0,,,
FR411,OTH,T,TOTAL,TOTAL,TOTAL,TOTAL,2011,France,0,,,
FR412,OTH,T,TOTAL,TOTAL,TOTAL,TOTAL,2011,France,0,,,
FR413,OTH,T,TOTAL,TOTAL,TOTAL,TOTAL,2011,France,0,,,
FR414,OTH,T,TOTAL,TOTAL,TOTAL,TOTAL,2011,France,0,,,
FR42,OTH,T,TOTAL,TOTAL,TOTAL,TOTAL,2011,France,0,,,
FR421,OTH,T,TOTAL,TOTAL,TOTAL,TOTAL,2011,France,0,,,
FR422,OTH,T,TOTAL,TOTAL,TOTAL,TOTAL,2011,France,0,,,
FR43,OTH,T,TOTAL,TOTAL,TOTAL,TOTAL,2011,France,0,,,
FR431,OTH,T,TOTAL,TOTAL,TOTAL,TOTAL,2011,France,0,,,
FR432,OTH,T,TOTAL,TOTAL,TOTAL,TOTAL,2011,France,0,,,
FR433,OTH,T,TOTAL,TOTAL,TOTAL,TOTAL,2011,France,0,,,
FR434,OTH,T,TOTAL,TOTAL,TOTAL,TOTAL,2011,France,0,,,
FR5,OTH,T,TOTAL,TOTAL,TOTAL,TOTAL,2011,France,0,,,
FR51,OTH,T,TOTAL,TOTAL,TOTAL,TOTAL,2011,France,0,,,
FR511,OTH,T,TOTAL,TOTAL,TOTAL,TOTAL,2011,France,0,,,
FR512,OTH,T,TOTAL,TOTAL,TOTAL,TOTAL,2011,France,0,,,
FR513,OTH,T,TOTAL,TOTAL,TOTAL,TOTAL,2011,France,0,,,
FR514,OTH,T,TOTAL,TOTAL,TOTAL,TOTAL,2011,France,0,,,
FR515,OTH,T,TOTAL,TOTAL,TOTAL,TOTAL,2011,France,0,,,
FR52,OTH,T,TOTAL,TOTAL,TOTAL,TOTAL,2011,France,0,,,
FR521,OTH,T,TOTAL,TOTAL,TOTAL,TOTAL,2011,France,0,,,
FR522,OTH,T,TOTAL,TOTAL,TOTAL,TOTAL,2011,France,0,,,
FR523,OTH,T,TOTAL,TOTAL,TOTAL,TOTAL,2011,France,0,,,
FR524,OTH,T,TOTAL,TOTAL,TOTAL,TOTAL,2011,France,0,,,
FR53,OTH,T,TOTAL,TOTAL,TOTAL,TOTAL,2011,France,0,,,
FR531,OTH,T,TOTAL,TOTAL,TOTAL,TOTAL,2011,France,0,,,
FR532,OTH,T,TOTAL,TOTAL,TOTAL,TOTAL,2011,France,0,,,
FR533,OTH,T,TOTAL,TOTAL,TOTAL,TOTAL,2011,France,0,,,
FR534,OTH,T,TOTAL,TOTAL,TOTAL,TOTAL,2011,France,0,,,
FR6,OTH,T,TOTAL,TOTAL,TOTAL,TOTAL,2011,France,0,,,
FR61,OTH,T,TOTAL,TOTAL,TOTAL,TOTAL,2011,France,0,,,
FR611,OTH,T,TOTAL,TOTAL,TOTAL,TOTAL,2011,France,0,,,
FR612,OTH,T,TOTAL,TOTAL,TOTAL,TOTAL,2011,France,0,,,
FR613,OTH,T,TOTAL,TOTAL,TOTAL,TOTAL,2011,France,0,,,
FR614,OTH,T,TOTAL,TOTAL,TOTAL,TOTAL,2011,France,0,,,
FR615,OTH,T,TOTAL,TOTAL,TOTAL,TOTAL,2011,France,0,,,
FR62,OTH,T,TOTAL,TOTAL,TOTAL,TOTAL,2011,France,0,,,
FR621,OTH,T,TOTAL,TOTAL,TOTAL,TOTAL,2011,France,0,,,
FR622,OTH,T,TOTAL,TOTAL,TOTAL,TOTAL,2011,France,0,,,
FR623,OTH,T,TOTAL,TOTAL,TOTAL,TOTAL,2011,France,0,,,
FR624,OTH,T,TOTAL,TOTAL,TOTAL,TOTAL,2011,France,0,,,
FR625,OTH,T,TOTAL,TOTAL,TOTAL,TOTAL,2011,France,0,,,
FR626,OTH,T,TOTAL,TOTAL,TOTAL,TOTAL,2011,France,0,,,
FR627,OTH,T,TOTAL,TOTAL,TOTAL,TOTAL,2011,France,0,,,
FR628,OTH,T,TOTAL,TOTAL,TOTAL,TOTAL,2011,France,0,,,
FR63,OTH,T,TOTAL,TOTAL,TOTAL,TOTAL,2011,France,0,,,
FR631,OTH,T,TOTAL,TOTAL,TOTAL,TOTAL,2011,France,0,,,
FR632,OTH,T,TOTAL,TOTAL,TOTAL,TOTAL,2011,France,0,,,
FR633,OTH,T,TOTAL,TOTAL,TOTAL,TOTAL,2011,France,0,,,
FR7,OTH,T,TOTAL,TOTAL,TOTAL,TOTAL,2011,France,0,,,
FR71,OTH,T,TOTAL,TOTAL,TOTAL,TOTAL,2011,France,0,,,
FR711,OTH,T,TOTAL,TOTAL,TOTAL,TOTAL,2011,France,0,,,
FR712,OTH,T,TOTAL,TOTAL,TOTAL,TOTAL,2011,France,0,,,
FR713,OTH,T,TOTAL,TOTAL,TOTAL,TOTAL,2011,France,0,,,
FR714,OTH,T,TOTAL,TOTAL,TOTAL,TOTAL,2011,France,0,,,
FR715,OTH,T,TOTAL,TOTAL,TOTAL,TOTAL,2011,France,0,,,
FR716,OTH,T,TOTAL,TOTAL,TOTAL,TOTAL,2011,France,0,,,
FR717,OTH,T,TOTAL,TOTAL,TOTAL,TOTAL,2011,France,0,,,
FR718,OTH,T,TOTAL,TOTAL,TOTAL,TOTAL,2011,France,0,,,
FR72,OTH,T,TOTAL,TOTAL,TOTAL,TOTAL,2011,France,0,,,
FR721,OTH,T,TOTAL,TOTAL,TOTAL,TOTAL,2011,France,0,,,
FR722,OTH,T,TOTAL,TOTAL,TOTAL,TOTAL,2011,France,0,,,
FR723,OTH,T,TOTAL,TOTAL,TOTAL,TOTAL,2011,France,0,,,
FR724,OTH,T,TOTAL,TOTAL,TOTAL,TOTAL,2011,France,0,,,
FR8,OTH,T,TOTAL,TOTAL,TOTAL,TOTAL,2011,France,0,,,
FR81,OTH,T,TOTAL,TOTAL,TOTAL,TOTAL,2011,France,0,,,
FR811,OTH,T,TOTAL,TOTAL,TOTAL,TOTAL,2011,France,0,,,
FR812,OTH,T,TOTAL,TOTAL,TOTAL,TOTAL,2011,France,0,,,
FR813,OTH,T,TOTAL,TOTAL,TOTAL,TOTAL,2011,France,0,,,
FR814,OTH,T,TOTAL,TOTAL,TOTAL,TOTAL,2011,France,0,,,
FR815,OTH,T,TOTAL,TOTAL,TOTAL,TOTAL,2011,France,0,,,
FR82,OTH,T,TOTAL,TOTAL,TOTAL,TOTAL,2011,France,0,,,
FR821,OTH,T,TOTAL,TOTAL,TOTAL,TOTAL,2011,France,0,,,
FR822,OTH,T,TOTAL,TOTAL,TOTAL,TOTAL,2011,France,0,,,
FR823,OTH,T,TOTAL,TOTAL,TOTAL,TOTAL,2011,France,0,,,
FR824,OTH,T,TOTAL,TOTAL,TOTAL,TOTAL,2011,France,0,,,
FR825,OTH,T,TOTAL,TOTAL,TOTAL,TOTAL,2011,France,0,,,
FR826,OTH,T,TOTAL,TOTAL,TOTAL,TOTAL,2011,France,0,,,
FR83,OTH,T,TOTAL,TOTAL,TOTAL,TOTAL,2011,France,0,,,
FR831,OTH,T,TOTAL,TOTAL,TOTAL,TOTAL,2011,France,0,,,
FR832,OTH,T,TOTAL,TOTAL,TOTAL,TOTAL,2011,France,0,,,
FR9,OTH,T,TOTAL,TOTAL,TOTAL,TOTAL,2011,France,0,,,
FR91,OTH,T,TOTAL,TOTAL,TOTAL,TOTAL,2011,France,0,,,
FR910,OTH,T,TOTAL,TOTAL,TOTAL,TOTAL,2011,France,0,,,
FR92,OTH,T,TOTAL,TOTAL,TOTAL,TOTAL,2011,France,0,,,
FR920,OTH,T,TOTAL,TOTAL,TOTAL,TOTAL,2011,France,0,,,
FR93,OTH,T,TOTAL,TOTAL,TOTAL,TOTAL,2011,France,0,,,
FR930,OTH,T,TOTAL,TOTAL,TOTAL,TOTAL,2011,France,0,,,
FR94,OTH,T,TOTAL,TOTAL,TOTAL,TOTAL,2011,France,0,,,
FR940,OTH,T,TOTAL,TOTAL,TOTAL,TOTAL,2011,France,0,,,
FRZ,OTH,T,TOTAL,TOTAL,TOTAL,TOTAL,2011,France,0,,,
FRZZ,OTH,T,TOTAL,TOTAL,TOTAL,TOTAL,2011,France,0,,,
FRZZZ,OTH,T,TOTAL,TOTAL,TOTAL,TOTAL,2011,France,0,,,
FR,UNK,T,TOTAL,TOTAL,TOTAL,TOTAL,2011,France,1016,,,
FR1,UNK,T,TOTAL,TOTAL,TOTAL,TOTAL,2011,France,168,,,
FR10,UNK,T,TOTAL,TOTAL,TOTAL,TOTAL,2011,France,168,,,
FR101,UNK,T,TOTAL,TOTAL,TOTAL,TOTAL,2011,France,12,,,
FR102,UNK,T,TOTAL,TOTAL,TOTAL,TOTAL,2011,France,54,,,
FR103,UNK,T,TOTAL,TOTAL,TOTAL,TOTAL,2011,France,99,,,
FR104,UNK,T,TOTAL,TOTAL,TOTAL,TOTAL,2011,France,0,,,
FR105,UNK,T,TOTAL,TOTAL,TOTAL,TOTAL,2011,France,0,,,
FR106,UNK,T,TOTAL,TOTAL,TOTAL,TOTAL,2011,France,0,,,
FR107,UNK,T,TOTAL,TOTAL,TOTAL,TOTAL,2011,France,0,,,
FR108,UNK,T,TOTAL,TOTAL,TOTAL,TOTAL,2011,France,2,,,
FR2,UNK,T,TOTAL,TOTAL,TOTAL,TOTAL,2011,France,281,,,
FR21,UNK,T,TOTAL,TOTAL,TOTAL,TOTAL,2011,France,26,,,
FR211,UNK,T,TOTAL,TOTAL,TOTAL,TOTAL,2011,France,4,,,
FR212,UNK,T,TOTAL,TOTAL,TOTAL,TOTAL,2011,France,0,,,
FR213,UNK,T,TOTAL,TOTAL,TOTAL,TOTAL,2011,France,22,,,
FR214,UNK,T,TOTAL,TOTAL,TOTAL,TOTAL,2011,France,0,,,
FR22,UNK,T,TOTAL,TOTAL,TOTAL,TOTAL,2011,France,184,,,
FR221,UNK,T,TOTAL,TOTAL,TOTAL,TOTAL,2011,France,16,,,
FR222,UNK,T,TOTAL,TOTAL,TOTAL,TOTAL,2011,France,163,,,
FR223,UNK,T,TOTAL,TOTAL,TOTAL,TOTAL,2011,France,6,,,
FR23,UNK,T,TOTAL,TOTAL,TOTAL,TOTAL,2011,France,35,,,
FR231,UNK,T,TOTAL,TOTAL,TOTAL,TOTAL,2011,France,19,,,
FR232,UNK,T,TOTAL,TOTAL,TOTAL,TOTAL,2011,France,16,,,
FR24,UNK,T,TOTAL,TOTAL,TOTAL,TOTAL,2011,France,4,,,
FR241,UNK,T,TOTAL,TOTAL,TOTAL,TOTAL,2011,France,0,,,
FR242,UNK,T,TOTAL,TOTAL,TOTAL,TOTAL,2011,France,0,,,
FR243,UNK,T,TOTAL,TOTAL,TOTAL,TOTAL,2011,France,0,,,
FR244,UNK,T,TOTAL,TOTAL,TOTAL,TOTAL,2011,France,0,,,
FR245,UNK,T,TOTAL,TOTAL,TOTAL,TOTAL,2011,France,0,,,
FR246,UNK,T,TOTAL,TOTAL,TOTAL,TOTAL,2011,France,4,,,
FR25,UNK,T,TOTAL,TOTAL,TOTAL,TOTAL,2011,France,0,,,
FR251,UNK,T,TOTAL,TOTAL,TOTAL,TOTAL,2011,France,0,,,
FR252,UNK,T,TOTAL,TOTAL,TOTAL,TOTAL,2011,France,0,,,
FR253,UNK,T,TOTAL,TOTAL,TOTAL,TOTAL,2011,France,0,,,
FR26,UNK,T,TOTAL,TOTAL,TOTAL,TOTAL,2011,France,31,,,
FR261,UNK,T,TOTAL,TOTAL,TOTAL,TOTAL,2011,France,9,,,
FR262,UNK,T,TOTAL,TOTAL,TOTAL,TOTAL,2011,France,0,,,
FR263,UNK,T,TOTAL,TOTAL,TOTAL,TOTAL,2011,France,3,,,
FR264,UNK,T,TOTAL,TOTAL,TOTAL,TOTAL,2011,France,19,,,
FR3,UNK,T,TOTAL,TOTAL,TOTAL,TOTAL,2011,France,499,,,
FR30,UNK,T,TOTAL,TOTAL,TOTAL,TOTAL,2011,France,499,,,
FR301,UNK,T,TOTAL,TOTAL,TOTAL,TOTAL,2011,France,413,,,
FR302,UNK,T,TOTAL,TOTAL,TOTAL,TOTAL,2011,France,86,,,
FR4,UNK,T,TOTAL,TOTAL,TOTAL,TOTAL,2011,France,39,,,
FR41,UNK,T,TOTAL,TOTAL,TOTAL,TOTAL,2011,France,29,,,
FR411,UNK,T,TOTAL,TOTAL,TOTAL,TOTAL,2011,France,28,,,
FR412,UNK,T,TOTAL,TOTAL,TOTAL,TOTAL,2011,France,0,,,
FR413,UNK,T,TOTAL,TOTAL,TOTAL,TOTAL,2011,France,1,,,
FR414,UNK,T,TOTAL,TOTAL,TOTAL,TOTAL,2011,France,0,,,
FR42,UNK,T,TOTAL,TOTAL,TOTAL,TOTAL,2011,France,8,,,
FR421,UNK,T,TOTAL,TOTAL,TOTAL,TOTAL,2011,France,5,,,
FR422,UNK,T,TOTAL,TOTAL,TOTAL,TOTAL,2011,France,3,,,
FR43,UNK,T,TOTAL,TOTAL,TOTAL,TOTAL,2011,France,2,,,
FR431,UNK,T,TOTAL,TOTAL,TOTAL,TOTAL,2011,France,0,,,
FR432,UNK,T,TOTAL,TOTAL,TOTAL,TOTAL,2011,France,2,,,
FR433,UNK,T,TOTAL,TOTAL,TOTAL,TOTAL,2011,France,0,,,
FR434,UNK,T,TOTAL,TOTAL,TOTAL,TOTAL,2011,France,0,,,
FR5,UNK,T,TOTAL,TOTAL,TOTAL,TOTAL,2011,France,11,,,
FR51,UNK,T,TOTAL,TOTAL,TOTAL,TOTAL,2011,France,6,,,
FR511,UNK,T,TOTAL,TOTAL,TOTAL,TOTAL,2011,France,3,,,
FR512,UNK,T,TOTAL,TOTAL,TOTAL,TOTAL,2011,France,0,,,
FR513,UNK,T,TOTAL,TOTAL,TOTAL,TOTAL,2011,France,0,,,
FR514,UNK,T,TOTAL,TOTAL,TOTAL,TOTAL,2011,France,3,,,
FR515,UNK,T,TOTAL,TOTAL,TOTAL,TOTAL,2011,France,0,,,
FR52,UNK,T,TOTAL,TOTAL,TOTAL,TOTAL,2011,France,4,,,
FR521,UNK,T,TOTAL,TOTAL,TOTAL,TOTAL,2011,France,2,,,
FR522,UNK,T,TOTAL,TOTAL,TOTAL,TOTAL,2011,France,0,,,
FR523,UNK,T,TOTAL,TOTAL,TOTAL,TOTAL,2011,France,0,,,
FR524,UNK,T,TOTAL,TOTAL,TOTAL,TOTAL,2011,France,2,,,
FR53,UNK,T,TOTAL,TOTAL,TOTAL,TOTAL,2011,France,0,,,
FR531,UNK,T,TOTAL,TOTAL,TOTAL,TOTAL,2011,France,0,,,
FR532,UNK,T,TOTAL,TOTAL,TOTAL,TOTAL,2011,France,0,,,
FR533,UNK,T,TOTAL,TOTAL,TOTAL,TOTAL,2011,France,0,,,
FR534,UNK,T,TOTAL,TOTAL,TOTAL,TOTAL,2011,France,0,,,
FR6,UNK,T,TOTAL,TOTAL,TOTAL,TOTAL,2011,France,0,,,
FR61,UNK,T,TOTAL,TOTAL,TOTAL,TOTAL,2011,France,0,,,
FR611,UNK,T,TOTAL,TOTAL,TOTAL,TOTAL,2011,France,0,,,
FR612,UNK,T,TOTAL,TOTAL,TOTAL,TOTAL,2011,France,0,,,
FR613,UNK,T,TOTAL,TOTAL,TOTAL,TOTAL,2011,France,0,,,
FR614,UNK,T,TOTAL,TOTAL,TOTAL,TOTAL,2011,France,0,,,
FR615,UNK,T,TOTAL,TOTAL,TOTAL,TOTAL,2011,France,0,,,
FR62,UNK,T,TOTAL,TOTAL,TOTAL,TOTAL,2011,France,0,,,
FR621,UNK,T,TOTAL,TOTAL,TOTAL,TOTAL,2011,France,0,,,
FR622,UNK,T,TOTAL,TOTAL,TOTAL,TOTAL,2011,France,0,,,
FR623,UNK,T,TOTAL,TOTAL,TOTAL,TOTAL,2011,France,0,,,
FR624,UNK,T,TOTAL,TOTAL,TOTAL,TOTAL,2011,France,0,,,
FR625,UNK,T,TOTAL,TOTAL,TOTAL,TOTAL,2011,France,0,,,
FR626,UNK,T,TOTAL,TOTAL,TOTAL,TOTAL,2011,France,0,,,
FR627,UNK,T,TOTAL,TOTAL,TOTAL,TOTAL,2011,France,0,,,
FR628,UNK,T,TOTAL,TOTAL,TOTAL,TOTAL,2011,France,0,,,
FR63,UNK,T,TOTAL,TOTAL,TOTAL,TOTAL,2011,France,0,,,
FR631,UNK,T,TOTAL,TOTAL,TOTAL,TOTAL,2011,France,0,,,
FR632,UNK,T,TOTAL,TOTAL,TOTAL,TOTAL,2011,France,0,,,
FR633,UNK,T,TOTAL,TOTAL,TOTAL,TOTAL,2011,France,0,,,
FR7,UNK,T,TOTAL,TOTAL,TOTAL,TOTAL,2011,France,9,,,
FR71,UNK,T,TOTAL,TOTAL,TOTAL,TOTAL,2011,France,9,,,
FR711,UNK,T,TOTAL,TOTAL,TOTAL,TOTAL,2011,France,0,,,
FR712,UNK,T,TOTAL,TOTAL,TOTAL,TOTAL,2011,France,0,,,
FR713,UNK,T,TOTAL,TOTAL,TOTAL,TOTAL,2011,France,0,,,
FR714,UNK,T,TOTAL,TOTAL,TOTAL,TOTAL,2011,France,0,,,
FR715,UNK,T,TOTAL,TOTAL,TOTAL,TOTAL,2011,France,0,,,
FR716,UNK,T,TOTAL,TOTAL,TOTAL,TOTAL,2011,France,9,,,
FR717,UNK,T,TOTAL,TOTAL,TOTAL,TOTAL,2011,France,0,,,
FR718,UNK,T,TOTAL,TOTAL,TOTAL,TOTAL,2011,France,0,,,
FR72,UNK,T,TOTAL,TOTAL,TOTAL,TOTAL,2011,France,0,,,
FR721,UNK,T,TOTAL,TOTAL,TOTAL,TOTAL,2011,France,0,,,
FR722,UNK,T,TOTAL,TOTAL,TOTAL,TOTAL,2011,France,0,,,
FR723,UNK,T,TOTAL,TOTAL,TOTAL,TOTAL,2011,France,0,,,
FR724,UNK,T,TOTAL,TOTAL,TOTAL,TOTAL,2011,France,0,,,
FR8,UNK,T,TOTAL,TOTAL,TOTAL,TOTAL,2011,France,9,,,
FR81,UNK,T,TOTAL,TOTAL,TOTAL,TOTAL,2011,France,3,,,
FR811,UNK,T,TOTAL,TOTAL,TOTAL,TOTAL,2011,France,1,,,
FR812,UNK,T,TOTAL,TOTAL,TOTAL,TOTAL,2011,France,0,,,
FR813,UNK,T,TOTAL,TOTAL,TOTAL,TOTAL,2011,France,2,,,
FR814,UNK,T,TOTAL,TOTAL,TOTAL,TOTAL,2011,France,0,,,
FR815,UNK,T,TOTAL,TOTAL,TOTAL,TOTAL,2011,France,0,,,
FR82,UNK,T,TOTAL,TOTAL,TOTAL,TOTAL,2011,France,6,,,
FR821,UNK,T,TOTAL,TOTAL,TOTAL,TOTAL,2011,France,0,,,
FR822,UNK,T,TOTAL,TOTAL,TOTAL,TOTAL,2011,France,0,,,
FR823,UNK,T,TOTAL,TOTAL,TOTAL,TOTAL,2011,France,4,,,
FR824,UNK,T,TOTAL,TOTAL,TOTAL,TOTAL,2011,France,2,,,
FR825,UNK,T,TOTAL,TOTAL,TOTAL,TOTAL,2011,France,0,,,
FR826,UNK,T,TOTAL,TOTAL,TOTAL,TOTAL,2011,France,0,,,
FR83,UNK,T,TOTAL,TOTAL,TOTAL,TOTAL,2011,France,0,,,
FR831,UNK,T,TOTAL,TOTAL,TOTAL,TOTAL,2011,France,0,,,
FR832,UNK,T,TOTAL,TOTAL,TOTAL,TOTAL,2011,France,0,,,
FR9,UNK,T,TOTAL,TOTAL,TOTAL,TOTAL,2011,France,0,,,
FR91,UNK,T,TOTAL,TOTAL,TOTAL,TOTAL,2011,France,0,,,
FR910,UNK,T,TOTAL,TOTAL,TOTAL,TOTAL,2011,France,0,,,
FR92,UNK,T,TOTAL,TOTAL,TOTAL,TOTAL,2011,France,0,,,
FR920,UNK,T,TOTAL,TOTAL,TOTAL,TOTAL,2011,France,0,,,
FR93,UNK,T,TOTAL,TOTAL,TOTAL,TOTAL,2011,France,0,,,
FR930,UNK,T,TOTAL,TOTAL,TOTAL,TOTAL,2011,France,0,,,
FR94,UNK,T,TOTAL,TOTAL,TOTAL,TOTAL,2011,France,0,,,
FR940,UNK,T,TOTAL,TOTAL,TOTAL,TOTAL,2011,France,0,,,
FRZ,UNK,T,TOTAL,TOTAL,TOTAL,TOTAL,2011,France,0,,,
FRZZ,UNK,T,TOTAL,TOTAL,TOTAL,TOTAL,2011,France,0,,,
FRZZZ,UNK,T,TOTAL,TOTAL,TOTAL,TOTAL,2011,France,0,,,
HU,NAT,T,TOTAL,TOTAL,TOTAL,TOTAL,2011,Hungary,9544643,,,
HU1,NAT,T,TOTAL,TOTAL,TOTAL,TOTAL,2011,Hungary,2759503,,,
HU10,NAT,T,TOTAL,TOTAL,TOTAL,TOTAL,2011,Hungary,2759503,,,
HU101,NAT,T,TOTAL,TOTAL,TOTAL,TOTAL,2011,Hungary,1600585,,,
HU102,NAT,T,TOTAL,TOTAL,TOTAL,TOTAL,2011,Hungary,1158918,,,
HU2,NAT,T,TOTAL,TOTAL,TOTAL,TOTAL,2011,Hungary,2904969,,,
HU21,NAT,T,TOTAL,TOTAL,TOTAL,TOTAL,2011,Hungary,1049528,,,
HU211,NAT,T,TOTAL,TOTAL,TOTAL,TOTAL,2011,Hungary,412451,,,
HU212,NAT,T,TOTAL,TOTAL,TOTAL,TOTAL,2011,Hungary,293324,,,
HU213,NAT,T,TOTAL,TOTAL,TOTAL,TOTAL,2011,Hungary,343753,,,
HU22,NAT,T,TOTAL,TOTAL,TOTAL,TOTAL,2011,Hungary,956959,,,
HU221,NAT,T,TOTAL,TOTAL,TOTAL,TOTAL,2011,Hungary,431456,,,
HU222,NAT,T,TOTAL,TOTAL,TOTAL,TOTAL,2011,Hungary,251139,,,
HU223,NAT,T,TOTAL,TOTAL,TOTAL,TOTAL,2011,Hungary,274364,,,
HU23,NAT,T,TOTAL,TOTAL,TOTAL,TOTAL,2011,Hungary,898482,,,
HU231,NAT,T,TOTAL,TOTAL,TOTAL,TOTAL,2011,Hungary,371015,,,
HU232,NAT,T,TOTAL,TOTAL,TOTAL,TOTAL,2011,Hungary,305785,,,
HU233,NAT,T,TOTAL,TOTAL,TOTAL,TOTAL,2011,Hungary,221682,,,
HU3,NAT,T,TOTAL,TOTAL,TOTAL,TOTAL,2011,Hungary,3880171,,,
HU31,NAT,T,TOTAL,TOTAL,TOTAL,TOTAL,2011,Hungary,1175516,,,
HU311,NAT,T,TOTAL,TOTAL,TOTAL,TOTAL,2011,Hungary,675163,,,
HU312,NAT,T,TOTAL,TOTAL,TOTAL,TOTAL,2011,Hungary,301751,,,
HU313,NAT,T,TOTAL,TOTAL,TOTAL,TOTAL,2011,Hungary,198602,,,
HU32,NAT,T,TOTAL,TOTAL,TOTAL,TOTAL,2011,Hungary,1453173,,,
HU321,NAT,T,TOTAL,TOTAL,TOTAL,TOTAL,2011,Hungary,528927,,,
HU322,NAT,T,TOTAL,TOTAL,TOTAL,TOTAL,2011,Hungary,380563,,,
HU323,NAT,T,TOTAL,TOTAL,TOTAL,TOTAL,2011,Hungary,543683,,,
HU33,NAT,T,TOTAL,TOTAL,TOTAL,TOTAL,2011,Hungary,1251482,,,
HU331,NAT,T,TOTAL,TOTAL,TOTAL,TOTAL,2011,Hungary,503420,,,
HU332,NAT,T,TOTAL,TOTAL,TOTAL,TOTAL,2011,Hungary,350484,,,
HU333,NAT,T,TOTAL,TOTAL,TOTAL,TOTAL,2011,Hungary,397578,,,
HUZ,NAT,T,TOTAL,TOTAL,TOTAL,TOTAL,2011,Hungary,0,,,
HUZZ,NAT,T,TOTAL,TOTAL,TOTAL,TOTAL,2011,Hungary,0,,,
HUZZZ,NAT,T,TOTAL,TOTAL,TOTAL,TOTAL,2011,Hungary,0,,,
HU,FOR,T,TOTAL,TOTAL,TOTAL,TOTAL,2011,Hungary,383142,,,
HU1,FOR,T,TOTAL,TOTAL,TOTAL,TOTAL,2011,Hungary,183028,,,
HU10,FOR,T,TOTAL,TOTAL,TOTAL,TOTAL,2011,Hungary,183028,,,
HU101,FOR,T,TOTAL,TOTAL,TOTAL,TOTAL,2011,Hungary,126009,,,
HU102,FOR,T,TOTAL,TOTAL,TOTAL,TOTAL,2011,Hungary,57019,,,
HU2,FOR,T,TOTAL,TOTAL,TOTAL,TOTAL,2011,Hungary,95615,,,
HU21,FOR,T,TOTAL,TOTAL,TOTAL,TOTAL,2011,Hungary,32736,,,
HU211,FOR,T,TOTAL,TOTAL,TOTAL,TOTAL,2011,Hungary,12935,,,
HU212,FOR,T,TOTAL,TOTAL,TOTAL,TOTAL,2011,Hungary,10789,,,
HU213,FOR,T,TOTAL,TOTAL,TOTAL,TOTAL,2011,Hungary,9012,,,
HU22,FOR,T,TOTAL,TOTAL,TOTAL,TOTAL,2011,Hungary,29363,,,
HU221,FOR,T,TOTAL,TOTAL,TOTAL,TOTAL,2011,Hungary,16324,,,
HU222,FOR,T,TOTAL,TOTAL,TOTAL,TOTAL,2011,Hungary,5330,,,
HU223,FOR,T,TOTAL,TOTAL,TOTAL,TOTAL,2011,Hungary,7709,,,
HU23,FOR,T,TOTAL,TOTAL,TOTAL,TOTAL,2011,Hungary,33516,,,
HU231,FOR,T,TOTAL,TOTAL,TOTAL,TOTAL,2011,Hungary,15109,,,
HU232,FOR,T,TOTAL,TOTAL,TOTAL,TOTAL,2011,Hungary,9946,,,
HU233,FOR,T,TOTAL,TOTAL,TOTAL,TOTAL,2011,Hungary,8461,,,
HU3,FOR,T,TOTAL,TOTAL,TOTAL,TOTAL,2011,Hungary,104499,,,
HU31,FOR,T,TOTAL,TOTAL,TOTAL,TOTAL,2011,Hungary,20883,,,
HU311,FOR,T,TOTAL,TOTAL,TOTAL,TOTAL,2011,Hungary,10601,,,
HU312,FOR,T,TOTAL,TOTAL,TOTAL,TOTAL,2011,Hungary,6572,,,
HU313,FOR,T,TOTAL,TOTAL,TOTAL,TOTAL,2011,Hungary,3710,,,
HU32,FOR,T,TOTAL,TOTAL,TOTAL,TOTAL,2011,Hungary,38198,,,
HU321,FOR,T,TOTAL,TOTAL,TOTAL,TOTAL,2011,Hungary,17452,,,
HU322,FOR,T,TOTAL,TOTAL,TOTAL,TOTAL,2011,Hungary,5784,,,
HU323,FOR,T,TOTAL,TOTAL,TOTAL,TOTAL,2011,Hungary,14962,,,
HU33,FOR,T,TOTAL,TOTAL,TOTAL,TOTAL,2011,Hungary,45418,,,
HU331,FOR,T,TOTAL,TOTAL,TOTAL,TOTAL,2011,Hungary,16443,,,
HU332,FOR,T,TOTAL,TOTAL,TOTAL,TOTAL,2011,Hungary,9246,,,
HU333,FOR,T,TOTAL,TOTAL,TOTAL,TOTAL,2011,Hungary,19729,,,
HUZ,FOR,T,TOTAL,TOTAL,TOTAL,TOTAL,2011,Hungary,0,,,
HUZZ,FOR,T,TOTAL,TOTAL,TOTAL,TOTAL,2011,Hungary,0,,,
HUZZZ,FOR,T,TOTAL,TOTAL,TOTAL,TOTAL,2011,Hungary,0,,,
HU,OTH,T,TOTAL,TOTAL,TOTAL,TOTAL,2011,Hungary,94,,,
HU1,OTH,T,TOTAL,TOTAL,TOTAL,TOTAL,2011,Hungary,44,,,
HU10,OTH,T,TOTAL,TOTAL,TOTAL,TOTAL,2011,Hungary,44,,,
HU101,OTH,T,TOTAL,TOTAL,TOTAL,TOTAL,2011,Hungary,27,,,
HU102,OTH,T,TOTAL,TOTAL,TOTAL,TOTAL,2011,Hungary,17,,,
HU2,OTH,T,TOTAL,TOTAL,TOTAL,TOTAL,2011,Hungary,36,,,
HU21,OTH,T,TOTAL,TOTAL,TOTAL,TOTAL,2011,Hungary,8,,,
HU211,OTH,T,TOTAL,TOTAL,TOTAL,TOTAL,2011,Hungary,3,,,
HU212,OTH,T,TOTAL,TOTAL,TOTAL,TOTAL,2011,Hungary,2,,,
HU213,OTH,T,TOTAL,TOTAL,TOTAL,TOTAL,2011,Hungary,3,,,
HU22,OTH,T,TOTAL,TOTAL,TOTAL,TOTAL,2011,Hungary,4,,,
HU221,OTH,T,TOTAL,TOTAL,TOTAL,TOTAL,2011,Hungary,1,,,
HU222,OTH,T,TOTAL,TOTAL,TOTAL,TOTAL,2011,Hungary,1,,,
HU223,OTH,T,TOTAL,TOTAL,TOTAL,TOTAL,2011,Hungary,2,,,
HU23,OTH,T,TOTAL,TOTAL,TOTAL,TOTAL,2011,Hungary,24,,,
HU231,OTH,T,TOTAL,TOTAL,TOTAL,TOTAL,2011,Hungary,4,,,
HU232,OTH,T,TOTAL,TOTAL,TOTAL,TOTAL,2011,Hungary,12,,,
HU233,OTH,T,TOTAL,TOTAL,TOTAL,TOTAL,2011,Hungary,8,,,
HU3,OTH,T,TOTAL,TOTAL,TOTAL,TOTAL,2011,Hungary,14,,,
HU31,OTH,T,TOTAL,TOTAL,TOTAL,TOTAL,2011,Hungary,4,,,
HU311,OTH,T,TOTAL,TOTAL,TOTAL,TOTAL,2011,Hungary,0,,,
HU312,OTH,T,TOTAL,TOTAL,TOTAL,TOTAL,2011,Hungary,4,,,
HU313,OTH,T,TOTAL,TOTAL,TOTAL,TOTAL,2011,Hungary,0,,,
HU32,OTH,T,TOTAL,TOTAL,TOTAL,TOTAL,2011,Hungary,4,,,
HU321,OTH,T,TOTAL,TOTAL,TOTAL,TOTAL,2011,Hungary,2,,,
HU322,OTH,T,TOTAL,TOTAL,TOTAL,TOTAL,2011,Hungary,1,,,
HU323,OTH,T,TOTAL,TOTAL,TOTAL,TOTAL,2011,Hungary,1,,,
HU33,OTH,T,TOTAL,TOTAL,TOTAL,TOTAL,2011,Hungary,6,,,
HU331,OTH,T,TOTAL,TOTAL,TOTAL,TOTAL,2011,Hungary,5,,,
HU332,OTH,T,TOTAL,TOTAL,TOTAL,TOTAL,2011,Hungary,1,,,
HU333,OTH,T,TOTAL,TOTAL,TOTAL,TOTAL,2011,Hungary,0,,,
HUZ,OTH,T,TOTAL,TOTAL,TOTAL,TOTAL,2011,Hungary,0,,,
HUZZ,OTH,T,TOTAL,TOTAL,TOTAL,TOTAL,2011,Hungary,0,,,
HUZZZ,OTH,T,TOTAL,TOTAL,TOTAL,TOTAL,2011,Hungary,0,,,
HU,UNK,T,TOTAL,TOTAL,TOTAL,TOTAL,2011,Hungary,9749,,,
HU1,UNK,T,TOTAL,TOTAL,TOTAL,TOTAL,2011,Hungary,3941,,,
HU10,UNK,T,TOTAL,TOTAL,TOTAL,TOTAL,2011,Hungary,3941,,,
HU101,UNK,T,TOTAL,TOTAL,TOTAL,TOTAL,2011,Hungary,2419,,,
HU102,UNK,T,TOTAL,TOTAL,TOTAL,TOTAL,2011,Hungary,1522,,,
HU2,UNK,T,TOTAL,TOTAL,TOTAL,TOTAL,2011,Hungary,2595,,,
HU21,UNK,T,TOTAL,TOTAL,TOTAL,TOTAL,2011,Hungary,1211,,,
HU211,UNK,T,TOTAL,TOTAL,TOTAL,TOTAL,2011,Hungary,458,,,
HU212,UNK,T,TOTAL,TOTAL,TOTAL,TOTAL,2011,Hungary,453,,,
HU213,UNK,T,TOTAL,TOTAL,TOTAL,TOTAL,2011,Hungary,300,,,
HU22,UNK,T,TOTAL,TOTAL,TOTAL,TOTAL,2011,Hungary,467,,,
HU221,UNK,T,TOTAL,TOTAL,TOTAL,TOTAL,2011,Hungary,204,,,
HU222,UNK,T,TOTAL,TOTAL,TOTAL,TOTAL,2011,Hungary,159,,,
HU223,UNK,T,TOTAL,TOTAL,TOTAL,TOTAL,2011,Hungary,104,,,
HU23,UNK,T,TOTAL,TOTAL,TOTAL,TOTAL,2011,Hungary,917,,,
HU231,UNK,T,TOTAL,TOTAL,TOTAL,TOTAL,2011,Hungary,313,,,
HU232,UNK,T,TOTAL,TOTAL,TOTAL,TOTAL,2011,Hungary,394,,,
HU233,UNK,T,TOTAL,TOTAL,TOTAL,TOTAL,2011,Hungary,210,,,
HU3,UNK,T,TOTAL,TOTAL,TOTAL,TOTAL,2011,Hungary,3213,,,
HU31,UNK,T,TOTAL,TOTAL,TOTAL,TOTAL,2011,Hungary,1172,,,
HU311,UNK,T,TOTAL,TOTAL,TOTAL,TOTAL,2011,Hungary,502,,,
HU312,UNK,T,TOTAL,TOTAL,TOTAL,TOTAL,2011,Hungary,555,,,
HU313,UNK,T,TOTAL,TOTAL,TOTAL,TOTAL,2011,Hungary,115,,,
HU32,UNK,T,TOTAL,TOTAL,TOTAL,TOTAL,2011,Hungary,1212,,,
HU321,UNK,T,TOTAL,TOTAL,TOTAL,TOTAL,2011,Hungary,340,,,
HU322,UNK,T,TOTAL,TOTAL,TOTAL,TOTAL,2011,Hungary,246,,,
HU323,UNK,T,TOTAL,TOTAL,TOTAL,TOTAL,2011,Hungary,626,,,
HU33,UNK,T,TOTAL,TOTAL,TOTAL,TOTAL,2011,Hungary,829,,,
HU331,UNK,T,TOTAL,TOTAL,TOTAL,TOTAL,2011,Hungary,463,,,
HU332,UNK,T,TOTAL,TOTAL,TOTAL,TOTAL,2011,Hungary,217,,,
HU333,UNK,T,TOTAL,TOTAL,TOTAL,TOTAL,2011,Hungary,149,,,
HUZ,UNK,T,TOTAL,TOTAL,TOTAL,TOTAL,2011,Hungary,0,,,
HUZZ,UNK,T,TOTAL,TOTAL,TOTAL,TOTAL,2011,Hungary,0,,,
HUZZZ,UNK,T,TOTAL,TOTAL,TOTAL,TOTAL,2011,Hungary,0,,,
SE,NAT,T,TOTAL,TOTAL,TOTAL,TOTAL,2011,Sweden,8055559,,,
SE1,NAT,T,TOTAL,TOTAL,TOTAL,TOTAL,2011,Sweden,2996773,,,
SE11,NAT,T,TOTAL,TOTAL,TOTAL,TOTAL,2011,Sweden,1637059,,,
SE110,NAT,T,TOTAL,TOTAL,TOTAL,TOTAL,2011,Sweden,1637059,,,
SE12,NAT,T,TOTAL,TOTAL,TOTAL,TOTAL,2011,Sweden,1359714,,,
SE121,NAT,T,TOTAL,TOTAL,TOTAL,TOTAL,2011,Sweden,291616,,,
SE122,NAT,T,TOTAL,TOTAL,TOTAL,TOTAL,2011,Sweden,231605,,,
SE123,NAT,T,TOTAL,TOTAL,TOTAL,TOTAL,2011,Sweden,378223,,,
SE124,NAT,T,TOTAL,TOTAL,TOTAL,TOTAL,2011,Sweden,245973,,,
SE125,NAT,T,TOTAL,TOTAL,TOTAL,TOTAL,2011,Sweden,212297,,,
SE2,NAT,T,TOTAL,TOTAL,TOTAL,TOTAL,2011,Sweden,3503226,,,
SE21,NAT,T,TOTAL,TOTAL,TOTAL,TOTAL,2011,Sweden,718931,,,
SE211,NAT,T,TOTAL,TOTAL,TOTAL,TOTAL,2011,Sweden,294387,,,
SE212,NAT,T,TOTAL,TOTAL,TOTAL,TOTAL,2011,Sweden,158170,,,
SE213,NAT,T,TOTAL,TOTAL,TOTAL,TOTAL,2011,Sweden,211835,,,
SE214,NAT,T,TOTAL,TOTAL,TOTAL,TOTAL,2011,Sweden,54539,,,
SE22,NAT,T,TOTAL,TOTAL,TOTAL,TOTAL,2011,Sweden,1162591,,,
SE221,NAT,T,TOTAL,TOTAL,TOTAL,TOTAL,2011,Sweden,136189,,,
SE224,NAT,T,TOTAL,TOTAL,TOTAL,TOTAL,2011,Sweden,1026402,,,
SE23,NAT,T,TOTAL,TOTAL,TOTAL,TOTAL,2011,Sweden,1621704,,,
SE231,NAT,T,TOTAL,TOTAL,TOTAL,TOTAL,2011,Sweden,270127,,,
SE232,NAT,T,TOTAL,TOTAL,TOTAL,TOTAL,2011,Sweden,1351577,,,
SE3,NAT,T,TOTAL,TOTAL,TOTAL,TOTAL,2011,Sweden,1555560,,,
SE31,NAT,T,TOTAL,TOTAL,TOTAL,TOTAL,2011,Sweden,748988,,,
SE311,NAT,T,TOTAL,TOTAL,TOTAL,TOTAL,2011,Sweden,245888,,,
SE312,NAT,T,TOTAL,TOTAL,TOTAL,TOTAL,2011,Sweden,252030,,,
SE313,NAT,T,TOTAL,TOTAL,TOTAL,TOTAL,2011,Sweden,251070,,,
SE32,NAT,T,TOTAL,TOTAL,TOTAL,TOTAL,2011,Sweden,341592,,,
SE321,NAT,T,TOTAL,TOTAL,TOTAL,TOTAL,2011,Sweden,223649,,,
SE322,NAT,T,TOTAL,TOTAL,TOTAL,TOTAL,2011,Sweden,117943,,,
SE33,NAT,T,TOTAL,TOTAL,TOTAL,TOTAL,2011,Sweden,464980,,,
SE331,NAT,T,TOTAL,TOTAL,TOTAL,TOTAL,2011,Sweden,239389,,,
SE332,NAT,T,TOTAL,TOTAL,TOTAL,TOTAL,2011,Sweden,225591,,,
SEZ,NAT,T,TOTAL,TOTAL,TOTAL,TOTAL,2011,Sweden,0,,,
SEZZ,NAT,T,TOTAL,TOTAL,TOTAL,TOTAL,2011,Sweden,0,,,
SEZZZ,NAT,T,TOTAL,TOTAL,TOTAL,TOTAL,2011,Sweden,0,,,
SE,FOR,T,TOTAL,TOTAL,TOTAL,TOTAL,2011,Sweden,1338010,,,
SE1,FOR,T,TOTAL,TOTAL,TOTAL,TOTAL,2011,Sweden,647250,,,
SE11,FOR,T,TOTAL,TOTAL,TOTAL,TOTAL,2011,Sweden,439212,,,
SE110,FOR,T,TOTAL,TOTAL,TOTAL,TOTAL,2011,Sweden,439212,,,
SE12,FOR,T,TOTAL,TOTAL,TOTAL,TOTAL,2011,Sweden,208038,,,
SE121,FOR,T,TOTAL,TOTAL,TOTAL,TOTAL,2011,Sweden,45677,,,
SE122,FOR,T,TOTAL,TOTAL,TOTAL,TOTAL,2011,Sweden,39296,,,
SE123,FOR,T,TOTAL,TOTAL,TOTAL,TOTAL,2011,Sweden,49369,,,
SE124,FOR,T,TOTAL,TOTAL,TOTAL,TOTAL,2011,Sweden,33646,,,
SE125,FOR,T,TOTAL,TOTAL,TOTAL,TOTAL,2011,Sweden,40050,,,
SE2,FOR,T,TOTAL,TOTAL,TOTAL,TOTAL,2011,Sweden,547923,,,
SE21,FOR,T,TOTAL,TOTAL,TOTAL,TOTAL,2011,Sweden,85034,,,
SE211,FOR,T,TOTAL,TOTAL,TOTAL,TOTAL,2011,Sweden,38890,,,
SE212,FOR,T,TOTAL,TOTAL,TOTAL,TOTAL,2011,Sweden,24107,,,
SE213,FOR,T,TOTAL,TOTAL,TOTAL,TOTAL,2011,Sweden,19361,,,
SE214,FOR,T,TOTAL,TOTAL,TOTAL,TOTAL,2011,Sweden,2676,,,
SE22,FOR,T,TOTAL,TOTAL,TOTAL,TOTAL,2011,Sweden,216122,,,
SE221,FOR,T,TOTAL,TOTAL,TOTAL,TOTAL,2011,Sweden,15039,,,
SE224,FOR,T,TOTAL,TOTAL,TOTAL,TOTAL,2011,Sweden,201083,,,
SE23,FOR,T,TOTAL,TOTAL,TOTAL,TOTAL,2011,Sweden,246767,,,
SE231,FOR,T,TOTAL,TOTAL,TOTAL,TOTAL,2011,Sweden,26303,,,
SE232,FOR,T,TOTAL,TOTAL,TOTAL,TOTAL,2011,Sweden,220464,,,
SE3,FOR,T,TOTAL,TOTAL,TOTAL,TOTAL,2011,Sweden,142837,,,
SE31,FOR,T,TOTAL,TOTAL,TOTAL,TOTAL,2011,Sweden,73868,,,
SE311,FOR,T,TOTAL,TOTAL,TOTAL,TOTAL,2011,Sweden,25663,,,
SE312,FOR,T,TOTAL,TOTAL,TOTAL,TOTAL,2011,Sweden,23722,,,
SE313,FOR,T,TOTAL,TOTAL,TOTAL,TOTAL,2011,Sweden,24483,,,
SE32,FOR,T,TOTAL,TOTAL,TOTAL,TOTAL,2011,Sweden,26204,,,
SE321,FOR,T,TOTAL,TOTAL,TOTAL,TOTAL,2011,Sweden,17980,,,
SE322,FOR,T,TOTAL,TOTAL,TOTAL,TOTAL,2011,Sweden,8224,,,
SE33,FOR,T,TOTAL,TOTAL,TOTAL,TOTAL,2011,Sweden,42765,,,
SE331,FOR,T,TOTAL,TOTAL,TOTAL,TOTAL,2011,Sweden,20059,,,
SE332,FOR,T,TOTAL,TOTAL,TOTAL,TOTAL,2011,Sweden,22706,,,
SEZ,FOR,T,TOTAL,TOTAL,TOTAL,TOTAL,2011,Sweden,0,,,
SEZZ,FOR,T,TOTAL,TOTAL,TOTAL,TOTAL,2011,Sweden,0,,,
SEZZZ,FOR,T,TOTAL,TOTAL,TOTAL,TOTAL,2011,Sweden,0,,,
SE,OTH,T,TOTAL,TOTAL,TOTAL,TOTAL,2011,Sweden,88392,,,
SE1,OTH,T,TOTAL,TOTAL,TOTAL,TOTAL,2011,Sweden,25215,,,
SE11,OTH,T,TOTAL,TOTAL,TOTAL,TOTAL,2011,Sweden,14984,,,
SE110,OTH,T,TOTAL,TOTAL,TOTAL,TOTAL,2011,Sweden,14984,,,
SE12,OTH,T,TOTAL,TOTAL,TOTAL,TOTAL,2011,Sweden,10231,,,
SE121,OTH,T,TOTAL,TOTAL,TOTAL,TOTAL,2011,Sweden,1314,,,
SE122,OTH,T,TOTAL,TOTAL,TOTAL,TOTAL,2011,Sweden,1651,,,
SE123,OTH,T,TOTAL,TOTAL,TOTAL,TOTAL,2011,Sweden,3453,,,
SE124,OTH,T,TOTAL,TOTAL,TOTAL,TOTAL,2011,Sweden,1931,,,
SE125,OTH,T,TOTAL,TOTAL,TOTAL,TOTAL,2011,Sweden,1882,,,
SE2,OTH,T,TOTAL,TOTAL,TOTAL,TOTAL,2011,Sweden,59612,,,
SE21,OTH,T,TOTAL,TOTAL,TOTAL,TOTAL,2011,Sweden,8916,,,
SE211,OTH,T,TOTAL,TOTAL,TOTAL,TOTAL,2011,Sweden,4602,,,
SE212,OTH,T,TOTAL,TOTAL,TOTAL,TOTAL,2011,Sweden,2342,,,
SE213,OTH,T,TOTAL,TOTAL,TOTAL,TOTAL,2011,Sweden,1880,,,
SE214,OTH,T,TOTAL,TOTAL,TOTAL,TOTAL,2011,Sweden,92,,,
SE22,OTH,T,TOTAL,TOTAL,TOTAL,TOTAL,2011,Sweden,26926,,,
SE221,OTH,T,TOTAL,TOTAL,TOTAL,TOTAL,2011,Sweden,1742,,,
SE224,OTH,T,TOTAL,TOTAL,TOTAL,TOTAL,2011,Sweden,25184,,,
SE23,OTH,T,TOTAL,TOTAL,TOTAL,TOTAL,2011,Sweden,23770,,,
SE231,OTH,T,TOTAL,TOTAL,TOTAL,TOTAL,2011,Sweden,5286,,,
SE232,OTH,T,TOTAL,TOTAL,TOTAL,TOTAL,2011,Sweden,18484,,,
SE3,OTH,T,TOTAL,TOTAL,TOTAL,TOTAL,2011,Sweden,3565,,,
SE31,OTH,T,TOTAL,TOTAL,TOTAL,TOTAL,2011,Sweden,2481,,,
SE311,OTH,T,TOTAL,TOTAL,TOTAL,TOTAL,2011,Sweden,1155,,,
SE312,OTH,T,TOTAL,TOTAL,TOTAL,TOTAL,2011,Sweden,777,,,
SE313,OTH,T,TOTAL,TOTAL,TOTAL,TOTAL,2011,Sweden,549,,,
SE32,OTH,T,TOTAL,TOTAL,TOTAL,TOTAL,2011,Sweden,634,,,
SE321,OTH,T,TOTAL,TOTAL,TOTAL,TOTAL,2011,Sweden,510,,,
SE322,OTH,T,TOTAL,TOTAL,TOTAL,TOTAL,2011,Sweden,124,,,
SE33,OTH,T,TOTAL,TOTAL,TOTAL,TOTAL,2011,Sweden,450,,,
SE331,OTH,T,TOTAL,TOTAL,TOTAL,TOTAL,2011,Sweden,208,,,
SE332,OTH,T,TOTAL,TOTAL,TOTAL,TOTAL,2011,Sweden,242,,,
SEZ,OTH,T,TOTAL,TOTAL,TOTAL,TOTAL,2011,Sweden,0,,,
SEZZ,OTH,T,TOTAL,TOTAL,TOTAL,TOTAL,2011,Sweden,0,,,
SEZZZ,OTH,T,TOTAL,TOTAL,TOTAL,TOTAL,2011,Sweden,0,,,
SE,UNK,T,TOTAL,TOTAL,TOTAL,TOTAL,2011,Sweden,894,,,
SE1,UNK,T,TOTAL,TOTAL,TOTAL,TOTAL,2011,Sweden,332,,,
SE11,UNK,T,TOTAL,TOTAL,TOTAL,TOTAL,2011,Sweden,218,,,
SE110,UNK,T,TOTAL,TOTAL,TOTAL,TOTAL,2011,Sweden,218,,,
SE12,UNK,T,TOTAL,TOTAL,TOTAL,TOTAL,2011,Sweden,114,,,
SE121,UNK,T,TOTAL,TOTAL,TOTAL,TOTAL,2011,Sweden,23,,,
SE122,UNK,T,TOTAL,TOTAL,TOTAL,TOTAL,2011,Sweden,11,,,
SE123,UNK,T,TOTAL,TOTAL,TOTAL,TOTAL,2011,Sweden,30,,,
SE124,UNK,T,TOTAL,TOTAL,TOTAL,TOTAL,2011,Sweden,22,,,
SE125,UNK,T,TOTAL,TOTAL,TOTAL,TOTAL,2011,Sweden,28,,,
SE2,UNK,T,TOTAL,TOTAL,TOTAL,TOTAL,2011,Sweden,427,,,
SE21,UNK,T,TOTAL,TOTAL,TOTAL,TOTAL,2011,Sweden,67,,,
SE211,UNK,T,TOTAL,TOTAL,TOTAL,TOTAL,2011,Sweden,17,,,
SE212,UNK,T,TOTAL,TOTAL,TOTAL,TOTAL,2011,Sweden,35,,,
SE213,UNK,T,TOTAL,TOTAL,TOTAL,TOTAL,2011,Sweden,14,,,
SE214,UNK,T,TOTAL,TOTAL,TOTAL,TOTAL,2011,Sweden,1,,,
SE22,UNK,T,TOTAL,TOTAL,TOTAL,TOTAL,2011,Sweden,273,,,
SE221,UNK,T,TOTAL,TOTAL,TOTAL,TOTAL,2011,Sweden,9,,,
SE224,UNK,T,TOTAL,TOTAL,TOTAL,TOTAL,2011,Sweden,264,,,
SE23,UNK,T,TOTAL,TOTAL,TOTAL,TOTAL,2011,Sweden,87,,,
SE231,UNK,T,TOTAL,TOTAL,TOTAL,TOTAL,2011,Sweden,8,,,
SE232,UNK,T,TOTAL,TOTAL,TOTAL,TOTAL,2011,Sweden,79,,,
SE3,UNK,T,TOTAL,TOTAL,TOTAL,TOTAL,2011,Sweden,135,,,
SE31,UNK,T,TOTAL,TOTAL,TOTAL,TOTAL,2011,Sweden,94,,,
SE311,UNK,T,TOTAL,TOTAL,TOTAL,TOTAL,2011,Sweden,30,,,
SE312,UNK,T,TOTAL,TOTAL,TOTAL,TOTAL,2011,Sweden,36,,,
SE313,UNK,T,TOTAL,TOTAL,TOTAL,TOTAL,2011,Sweden,28,,,
SE32,UNK,T,TOTAL,TOTAL,TOTAL,TOTAL,2011,Sweden,24,,,
SE321,UNK,T,TOTAL,TOTAL,TOTAL,TOTAL,2011,Sweden,16,,,
SE322,UNK,T,TOTAL,TOTAL,TOTAL,TOTAL,2011,Sweden,8,,,
SE33,UNK,T,TOTAL,TOTAL,TOTAL,TOTAL,2011,Sweden,17,,,
SE331,UNK,T,TOTAL,TOTAL,TOTAL,TOTAL,2011,Sweden,11,,,
SE332,UNK,T,TOTAL,TOTAL,TOTAL,TOTAL,2011,Sweden,6,,,
SEZ,UNK,T,TOTAL,TOTAL,TOTAL,TOTAL,2011,Sweden,0,,,
SEZZ,UNK,T,TOTAL,TOTAL,TOTAL,TOTAL,2011,Sweden,0,,,
SEZZZ,UNK,T,TOTAL,TOTAL,TOTAL,TOTAL,2011,Sweden,0,,,
SI,NAT,T,TOTAL,TOTAL,TOTAL,TOTAL,2011,Slovenia,1821601,,,
SI0,NAT,T,TOTAL,TOTAL,TOTAL,TOTAL,2011,Slovenia,1821601,,,
SI01,NAT,T,TOTAL,TOTAL,TOTAL,TOTAL,2011,Slovenia,986385,,,
SI011,NAT,T,TOTAL,TOTAL,TOTAL,TOTAL,2011,Slovenia,112932,,,
SI012,NAT,T,TOTAL,TOTAL,TOTAL,TOTAL,2011,Slovenia,295598,,,
SI013,NAT,T,TOTAL,TOTAL,TOTAL,TOTAL,2011,Slovenia,68595,,,
SI014,NAT,T,TOTAL,TOTAL,TOTAL,TOTAL,2011,Slovenia,233421,,,
SI015,NAT,T,TOTAL,TOTAL,TOTAL,TOTAL,2011,Slovenia,38942,,,
SI016,NAT,T,TOTAL,TOTAL,TOTAL,TOTAL,2011,Slovenia,62946,,,
SI017,NAT,T,TOTAL,TOTAL,TOTAL,TOTAL,2011,Slovenia,128365,,,
SI018,NAT,T,TOTAL,TOTAL,TOTAL,TOTAL,2011,Slovenia,45586,,,
SI02,NAT,T,TOTAL,TOTAL,TOTAL,TOTAL,2011,Slovenia,835216,,,
SI021,NAT,T,TOTAL,TOTAL,TOTAL,TOTAL,2011,Slovenia,458432,,,
SI022,NAT,T,TOTAL,TOTAL,TOTAL,TOTAL,2011,Slovenia,181233,,,
SI023,NAT,T,TOTAL,TOTAL,TOTAL,TOTAL,2011,Slovenia,108775,,,
SI024,NAT,T,TOTAL,TOTAL,TOTAL,TOTAL,2011,Slovenia,86776,,,
SIZ,NAT,T,TOTAL,TOTAL,TOTAL,TOTAL,2011,Slovenia,0,,,
SIZZ,NAT,T,TOTAL,TOTAL,TOTAL,TOTAL,2011,Slovenia,0,,,
SIZZZ,NAT,T,TOTAL,TOTAL,TOTAL,TOTAL,2011,Slovenia,0,,,
SI,FOR,T,TOTAL,TOTAL,TOTAL,TOTAL,2011,Slovenia,228588,,,
SI0,FOR,T,TOTAL,TOTAL,TOTAL,TOTAL,2011,Slovenia,228588,,,
SI01,FOR,T,TOTAL,TOTAL,TOTAL,TOTAL,2011,Slovenia,97258,,,
SI011,FOR,T,TOTAL,TOTAL,TOTAL,TOTAL,2011,Slovenia,6213,,,
SI012,FOR,T,TOTAL,TOTAL,TOTAL,TOTAL,2011,Slovenia,27521,,,
SI013,FOR,T,TOTAL,TOTAL,TOTAL,TOTAL,2011,Slovenia,3899,,,
SI014,FOR,T,TOTAL,TOTAL,TOTAL,TOTAL,2011,Slovenia,26305,,,
SI015,FOR,T,TOTAL,TOTAL,TOTAL,TOTAL,2011,Slovenia,5280,,,
SI016,FOR,T,TOTAL,TOTAL,TOTAL,TOTAL,2011,Slovenia,7221,,,
SI017,FOR,T,TOTAL,TOTAL,TOTAL,TOTAL,2011,Slovenia,14118,,,
SI018,FOR,T,TOTAL,TOTAL,TOTAL,TOTAL,2011,Slovenia,6701,,,
SI02,FOR,T,TOTAL,TOTAL,TOTAL,TOTAL,2011,Slovenia,131330,,,
SI021,FOR,T,TOTAL,TOTAL,TOTAL,TOTAL,2011,Slovenia,74781,,,
SI022,FOR,T,TOTAL,TOTAL,TOTAL,TOTAL,2011,Slovenia,22194,,,
SI023,FOR,T,TOTAL,TOTAL,TOTAL,TOTAL,2011,Slovenia,10371,,,
SI024,FOR,T,TOTAL,TOTAL,TOTAL,TOTAL,2011,Slovenia,23984,,,
SIZ,FOR,T,TOTAL,TOTAL,TOTAL,TOTAL,2011,Slovenia,0,,,
SIZZ,FOR,T,TOTAL,TOTAL,TOTAL,TOTAL,2011,Slovenia,0,,,
SIZZZ,FOR,T,TOTAL,TOTAL,TOTAL,TOTAL,2011,Slovenia,0,,,
SI,OTH,T,TOTAL,TOTAL,TOTAL,TOTAL,2011,Slovenia,0,,,
SI0,OTH,T,TOTAL,TOTAL,TOTAL,TOTAL,2011,Slovenia,0,,,
SI01,OTH,T,TOTAL,TOTAL,TOTAL,TOTAL,2011,Slovenia,0,,,
SI011,OTH,T,TOTAL,TOTAL,TOTAL,TOTAL,2011,Slovenia,0,,,
SI012,OTH,T,TOTAL,TOTAL,TOTAL,TOTAL,2011,Slovenia,0,,,
SI013,OTH,T,TOTAL,TOTAL,TOTAL,TOTAL,2011,Slovenia,0,,,
SI014,OTH,T,TOTAL,TOTAL,TOTAL,TOTAL,2011,Slovenia,0,,,
SI015,OTH,T,TOTAL,TOTAL,TOTAL,TOTAL,2011,Slovenia,0,,,
SI016,OTH,T,TOTAL,TOTAL,TOTAL,TOTAL,2011,Slovenia,0,,,
SI017,OTH,T,TOTAL,TOTAL,TOTAL,TOTAL,2011,Slovenia,0,,,
SI018,OTH,T,TOTAL,TOTAL,TOTAL,TOTAL,2011,Slovenia,0,,,
SI02,OTH,T,TOTAL,TOTAL,TOTAL,TOTAL,2011,Slovenia,0,,,
SI021,OTH,T,TOTAL,TOTAL,TOTAL,TOTAL,2011,Slovenia,0,,,
SI022,OTH,T,TOTAL,TOTAL,TOTAL,TOTAL,2011,Slovenia,0,,,
SI023,OTH,T,TOTAL,TOTAL,TOTAL,TOTAL,2011,Slovenia,0,,,
SI024,OTH,T,TOTAL,TOTAL,TOTAL,TOTAL,2011,Slovenia,0,,,
SIZ,OTH,T,TOTAL,TOTAL,TOTAL,TOTAL,2011,Slovenia,0,,,
SIZZ,OTH,T,TOTAL,TOTAL,TOTAL,TOTAL,2011,Slovenia,0,,,
SIZZZ,OTH,T,TOTAL,TOTAL,TOTAL,TOTAL,2011,Slovenia,0,,,
SI,UNK,T,TOTAL,TOTAL,TOTAL,TOTAL,2011,Slovenia,0,,,
SI0,UNK,T,TOTAL,TOTAL,TOTAL,TOTAL,2011,Slovenia,0,,,
SI01,UNK,T,TOTAL,TOTAL,TOTAL,TOTAL,2011,Slovenia,0,,,
SI011,UNK,T,TOTAL,TOTAL,TOTAL,TOTAL,2011,Slovenia,0,,,
SI012,UNK,T,TOTAL,TOTAL,TOTAL,TOTAL,2011,Slovenia,0,,,
SI013,UNK,T,TOTAL,TOTAL,TOTAL,TOTAL,2011,Slovenia,0,,,
SI014,UNK,T,TOTAL,TOTAL,TOTAL,TOTAL,2011,Slovenia,0,,,
SI015,UNK,T,TOTAL,TOTAL,TOTAL,TOTAL,2011,Slovenia,0,,,
SI016,UNK,T,TOTAL,TOTAL,TOTAL,TOTAL,2011,Slovenia,0,,,
SI017,UNK,T,TOTAL,TOTAL,TOTAL,TOTAL,2011,Slovenia,0,,,
SI018,UNK,T,TOTAL,TOTAL,TOTAL,TOTAL,2011,Slovenia,0,,,
SI02,UNK,T,TOTAL,TOTAL,TOTAL,TOTAL,2011,Slovenia,0,,,
SI021,UNK,T,TOTAL,TOTAL,TOTAL,TOTAL,2011,Slovenia,0,,,
SI022,UNK,T,TOTAL,TOTAL,TOTAL,TOTAL,2011,Slovenia,0,,,
SI023,UNK,T,TOTAL,TOTAL,TOTAL,TOTAL,2011,Slovenia,0,,,
SI024,UNK,T,TOTAL,TOTAL,TOTAL,TOTAL,2011,Slovenia,0,,,
SIZ,UNK,T,TOTAL,TOTAL,TOTAL,TOTAL,2011,Slovenia,0,,,
SIZZ,UNK,T,TOTAL,TOTAL,TOTAL,TOTAL,2011,Slovenia,0,,,
SIZZZ,UNK,T,TOTAL,TOTAL,TOTAL,TOTAL,2011,Slovenia,0,,,
UK,NAT,T,TOTAL,TOTAL,TOTAL,TOTAL,2011,United Kingdom,55188700,,,
UKC,NAT,T,TOTAL,TOTAL,TOTAL,TOTAL,2011,United Kingdom,2468315,,,
UKC1,NAT,T,TOTAL,TOTAL,TOTAL,TOTAL,2011,United Kingdom,1128040,,,
UKC11,NAT,T,TOTAL,TOTAL,TOTAL,TOTAL,2011,United Kingdom,272240,,,
UKC12,NAT,T,TOTAL,TOTAL,TOTAL,TOTAL,2011,United Kingdom,259200,,,
UKC13,NAT,T,TOTAL,TOTAL,TOTAL,TOTAL,2011,United Kingdom,100025,,,
UKC14,NAT,T,TOTAL,TOTAL,TOTAL,TOTAL,2011,United Kingdom,496580,,,
UKC2,NAT,T,TOTAL,TOTAL,TOTAL,TOTAL,2011,United Kingdom,1340270,,,
UKC21,NAT,T,TOTAL,TOTAL,TOTAL,TOTAL,2011,United Kingdom,307105,,,
UKC22,NAT,T,TOTAL,TOTAL,TOTAL,TOTAL,2011,United Kingdom,768965,,,
UKC23,NAT,T,TOTAL,TOTAL,TOTAL,TOTAL,2011,United Kingdom,264200,,,
UKD,NAT,T,TOTAL,TOTAL,TOTAL,TOTAL,2011,United Kingdom,6474945,,,
UKD1,NAT,T,TOTAL,TOTAL,TOTAL,TOTAL,2011,United Kingdom,481165,,,
UKD11,NAT,T,TOTAL,TOTAL,TOTAL,TOTAL,2011,United Kingdom,229495,,,
UKD12,NAT,T,TOTAL,TOTAL,TOTAL,TOTAL,2011,United Kingdom,251670,,,
UKD3,NAT,T,TOTAL,TOTAL,TOTAL,TOTAL,2011,United Kingdom,2359345,,,
UKD31,NAT,T,TOTAL,TOTAL,TOTAL,TOTAL,2011,United Kingdom,1251680,,,
UKD32,NAT,T,TOTAL,TOTAL,TOTAL,TOTAL,2011,United Kingdom,1107660,,,
UKD4,NAT,T,TOTAL,TOTAL,TOTAL,TOTAL,2011,United Kingdom,1355460,,,
UKD41,NAT,T,TOTAL,TOTAL,TOTAL,TOTAL,2011,United Kingdom,125695,,,
UKD42,NAT,T,TOTAL,TOTAL,TOTAL,TOTAL,2011,United Kingdom,134360,,,
UKD43,NAT,T,TOTAL,TOTAL,TOTAL,TOTAL,2011,United Kingdom,1095400,,,
UKD6,NAT,T,TOTAL,TOTAL,TOTAL,TOTAL,2011,United Kingdom,854175,,,
UKD61,NAT,T,TOTAL,TOTAL,TOTAL,TOTAL,2011,United Kingdom,190720,,,
UKD62,NAT,T,TOTAL,TOTAL,TOTAL,TOTAL,2011,United Kingdom,349835,,,
UKD63,NAT,T,TOTAL,TOTAL,TOTAL,TOTAL,2011,United Kingdom,313620,,,
UKD7,NAT,T,TOTAL,TOTAL,TOTAL,TOTAL,2011,United Kingdom,1424805,,,
UKD71,NAT,T,TOTAL,TOTAL,TOTAL,TOTAL,2011,United Kingdom,435430,,,
UKD72,NAT,T,TOTAL,TOTAL,TOTAL,TOTAL,2011,United Kingdom,420290,,,
UKD73,NAT,T,TOTAL,TOTAL,TOTAL,TOTAL,2011,United Kingdom,262235,,,
UKD74,NAT,T,TOTAL,TOTAL,TOTAL,TOTAL,2011,United Kingdom,306855,,,
UKE,NAT,T,TOTAL,TOTAL,TOTAL,TOTAL,2011,United Kingdom,4819040,,,
UKE1,NAT,T,TOTAL,TOTAL,TOTAL,TOTAL,2011,United Kingdom,865025,,,
UKE11,NAT,T,TOTAL,TOTAL,TOTAL,TOTAL,2011,United Kingdom,234585,,,
UKE12,NAT,T,TOTAL,TOTAL,TOTAL,TOTAL,2011,United Kingdom,321310,,,
UKE13,NAT,T,TOTAL,TOTAL,TOTAL,TOTAL,2011,United Kingdom,309130,,,
UKE2,NAT,T,TOTAL,TOTAL,TOTAL,TOTAL,2011,United Kingdom,742690,,,
UKE21,NAT,T,TOTAL,TOTAL,TOTAL,TOTAL,2011,United Kingdom,179825,,,
UKE22,NAT,T,TOTAL,TOTAL,TOTAL,TOTAL,2011,United Kingdom,562865,,,
UKE3,NAT,T,TOTAL,TOTAL,TOTAL,TOTAL,2011,United Kingdom,1239460,,,
UKE31,NAT,T,TOTAL,TOTAL,TOTAL,TOTAL,2011,United Kingdom,751285,,,
UKE32,NAT,T,TOTAL,TOTAL,TOTAL,TOTAL,2011,United Kingdom,488175,,,
UKE4,NAT,T,TOTAL,TOTAL,TOTAL,TOTAL,2011,United Kingdom,1971865,,,
UKE41,NAT,T,TOTAL,TOTAL,TOTAL,TOTAL,2011,United Kingdom,432845,,,
UKE42,NAT,T,TOTAL,TOTAL,TOTAL,TOTAL,2011,United Kingdom,665340,,,
UKE44,NAT,T,TOTAL,TOTAL,TOTAL,TOTAL,2011,United Kingdom,565410,,,
UKE45,NAT,T,TOTAL,TOTAL,TOTAL,TOTAL,2011,United Kingdom,308270,,,
UKF,NAT,T,TOTAL,TOTAL,TOTAL,TOTAL,2011,United Kingdom,4085010,,,
UKF1,NAT,T,TOTAL,TOTAL,TOTAL,TOTAL,2011,United Kingdom,1947540,,,
UKF11,NAT,T,TOTAL,TOTAL,TOTAL,TOTAL,2011,United Kingdom,214130,,,
UKF12,NAT,T,TOTAL,TOTAL,TOTAL,TOTAL,2011,United Kingdom,270015,,,
UKF13,NAT,T,TOTAL,TOTAL,TOTAL,TOTAL,2011,United Kingdom,474030,,,
UKF14,NAT,T,TOTAL,TOTAL,TOTAL,TOTAL,2011,United Kingdom,245950,,,
UKF15,NAT,T,TOTAL,TOTAL,TOTAL,TOTAL,2011,United Kingdom,431305,,,
UKF16,NAT,T,TOTAL,TOTAL,TOTAL,TOTAL,2011,United Kingdom,312110,,,
UKF2,NAT,T,TOTAL,TOTAL,TOTAL,TOTAL,2011,United Kingdom,1474560,,,
UKF21,NAT,T,TOTAL,TOTAL,TOTAL,TOTAL,2011,United Kingdom,218995,,,
UKF22,NAT,T,TOTAL,TOTAL,TOTAL,TOTAL,2011,United Kingdom,638430,,,
UKF24,NAT,T,TOTAL,TOTAL,TOTAL,TOTAL,2011,United Kingdom,330860,,,
UKF25,NAT,T,TOTAL,TOTAL,TOTAL,TOTAL,2011,United Kingdom,286275,,,
UKF3,NAT,T,TOTAL,TOTAL,TOTAL,TOTAL,2011,United Kingdom,662910,,,
UKF30,NAT,T,TOTAL,TOTAL,TOTAL,TOTAL,2011,United Kingdom,662910,,,
UKG,NAT,T,TOTAL,TOTAL,TOTAL,TOTAL,2011,United Kingdom,4971875,,,
UKG1,NAT,T,TOTAL,TOTAL,TOTAL,TOTAL,2011,United Kingdom,1204915,,,
UKG11,NAT,T,TOTAL,TOTAL,TOTAL,TOTAL,2011,United Kingdom,171230,,,
UKG12,NAT,T,TOTAL,TOTAL,TOTAL,TOTAL,2011,United Kingdom,533570,,,
UKG13,NAT,T,TOTAL,TOTAL,TOTAL,TOTAL,2011,United Kingdom,500120,,,
UKG2,NAT,T,TOTAL,TOTAL,TOTAL,TOTAL,2011,United Kingdom,1484640,,,
UKG21,NAT,T,TOTAL,TOTAL,TOTAL,TOTAL,2011,United Kingdom,154505,,,
UKG22,NAT,T,TOTAL,TOTAL,TOTAL,TOTAL,2011,United Kingdom,291740,,,
UKG23,NAT,T,TOTAL,TOTAL,TOTAL,TOTAL,2011,United Kingdom,228295,,,
UKG24,NAT,T,TOTAL,TOTAL,TOTAL,TOTAL,2011,United Kingdom,810100,,,
UKG3,NAT,T,TOTAL,TOTAL,TOTAL,TOTAL,2011,United Kingdom,2282320,,,
UKG31,NAT,T,TOTAL,TOTAL,TOTAL,TOTAL,2011,United Kingdom,834730,,,
UKG32,NAT,T,TOTAL,TOTAL,TOTAL,TOTAL,2011,United Kingdom,191290,,,
UKG33,NAT,T,TOTAL,TOTAL,TOTAL,TOTAL,2011,United Kingdom,249725,,,
UKG36,NAT,T,TOTAL,TOTAL,TOTAL,TOTAL,2011,United Kingdom,296310,,,
UKG37,NAT,T,TOTAL,TOTAL,TOTAL,TOTAL,2011,United Kingdom,258995,,,
UKG38,NAT,T,TOTAL,TOTAL,TOTAL,TOTAL,2011,United Kingdom,242690,,,
UKG39,NAT,T,TOTAL,TOTAL,TOTAL,TOTAL,2011,United Kingdom,208580,,,
UKH,NAT,T,TOTAL,TOTAL,TOTAL,TOTAL,2011,United Kingdom,5204750,,,
UKH1,NAT,T,TOTAL,TOTAL,TOTAL,TOTAL,2011,United Kingdom,2145860,,,
UKH11,NAT,T,TOTAL,TOTAL,TOTAL,TOTAL,2011,United Kingdom,145740,,,
UKH12,NAT,T,TOTAL,TOTAL,TOTAL,TOTAL,2011,United Kingdom,535510,,,
UKH13,NAT,T,TOTAL,TOTAL,TOTAL,TOTAL,2011,United Kingdom,796345,,,
UKH14,NAT,T,TOTAL,TOTAL,TOTAL,TOTAL,2011,United Kingdom,668260,,,
UKH2,NAT,T,TOTAL,TOTAL,TOTAL,TOTAL,2011,United Kingdom,1470715,,,
UKH21,NAT,T,TOTAL,TOTAL,TOTAL,TOTAL,2011,United Kingdom,140330,,,
UKH23,NAT,T,TOTAL,TOTAL,TOTAL,TOTAL,2011,United Kingdom,966380,,,
UKH24,NAT,T,TOTAL,TOTAL,TOTAL,TOTAL,2011,United Kingdom,129755,,,
UKH25,NAT,T,TOTAL,TOTAL,TOTAL,TOTAL,2011,United Kingdom,234250,,,
UKH3,NAT,T,TOTAL,TOTAL,TOTAL,TOTAL,2011,United Kingdom,1588175,,,
UKH31,NAT,T,TOTAL,TOTAL,TOTAL,TOTAL,2011,United Kingdom,156535,,,
UKH32,NAT,T,TOTAL,TOTAL,TOTAL,TOTAL,2011,United Kingdom,138830,,,
UKH33,NAT,T,TOTAL,TOTAL,TOTAL,TOTAL,2011,United Kingdom,1292810,,,
UKI,NAT,T,TOTAL,TOTAL,TOTAL,TOTAL,2011,United Kingdom,5175675,,,
UKI1,NAT,T,TOTAL,TOTAL,TOTAL,TOTAL,2011,United Kingdom,1867725,,,
UKI11,NAT,T,TOTAL,TOTAL,TOTAL,TOTAL,2011,United Kingdom,613385,,,
UKI12,NAT,T,TOTAL,TOTAL,TOTAL,TOTAL,2011,United Kingdom,1254335,,,
UKI2,NAT,T,TOTAL,TOTAL,TOTAL,TOTAL,2011,United Kingdom,3307955,,,
UKI21,NAT,T,TOTAL,TOTAL,TOTAL,TOTAL,2011,United Kingdom,1253520,,,
UKI22,NAT,T,TOTAL,TOTAL,TOTAL,TOTAL,2011,United Kingdom,912040,,,
UKI23,NAT,T,TOTAL,TOTAL,TOTAL,TOTAL,2011,United Kingdom,1142395,,,
UKJ,NAT,T,TOTAL,TOTAL,TOTAL,TOTAL,2011,United Kingdom,7591430,,,
UKJ1,NAT,T,TOTAL,TOTAL,TOTAL,TOTAL,2011,United Kingdom,1899565,,,
UKJ11,NAT,T,TOTAL,TOTAL,TOTAL,TOTAL,2011,United Kingdom,695590,,,
UKJ12,NAT,T,TOTAL,TOTAL,TOTAL,TOTAL,2011,United Kingdom,202685,,,
UKJ13,NAT,T,TOTAL,TOTAL,TOTAL,TOTAL,2011,United Kingdom,439990,,,
UKJ14,NAT,T,TOTAL,TOTAL,TOTAL,TOTAL,2011,United Kingdom,561305,,,
UKJ2,NAT,T,TOTAL,TOTAL,TOTAL,TOTAL,2011,United Kingdom,2411340,,,
UKJ21,NAT,T,TOTAL,TOTAL,TOTAL,TOTAL,2011,United Kingdom,230485,,,
UKJ22,NAT,T,TOTAL,TOTAL,TOTAL,TOTAL,2011,United Kingdom,483825,,,
UKJ23,NAT,T,TOTAL,TOTAL,TOTAL,TOTAL,2011,United Kingdom,971455,,,
UKJ24,NAT,T,TOTAL,TOTAL,TOTAL,TOTAL,2011,United Kingdom,725575,,,
UKJ3,NAT,T,TOTAL,TOTAL,TOTAL,TOTAL,2011,United Kingdom,1713950,,,
UKJ31,NAT,T,TOTAL,TOTAL,TOTAL,TOTAL,2011,United Kingdom,180030,,,
UKJ32,NAT,T,TOTAL,TOTAL,TOTAL,TOTAL,2011,United Kingdom,195230,,,
UKJ33,NAT,T,TOTAL,TOTAL,TOTAL,TOTAL,2011,United Kingdom,1207615,,,
UKJ34,NAT,T,TOTAL,TOTAL,TOTAL,TOTAL,2011,United Kingdom,131070,,,
UKJ4,NAT,T,TOTAL,TOTAL,TOTAL,TOTAL,2011,United Kingdom,1566575,,,
UKJ41,NAT,T,TOTAL,TOTAL,TOTAL,TOTAL,2011,United Kingdom,236590,,,
UKJ42,NAT,T,TOTAL,TOTAL,TOTAL,TOTAL,2011,United Kingdom,1329990,,,
UKK,NAT,T,TOTAL,TOTAL,TOTAL,TOTAL,2011,United Kingdom,4884275,,,
UKK1,NAT,T,TOTAL,TOTAL,TOTAL,TOTAL,2011,United Kingdom,2128045,,,
UKK11,NAT,T,TOTAL,TOTAL,TOTAL,TOTAL,2011,United Kingdom,365110,,,
UKK12,NAT,T,TOTAL,TOTAL,TOTAL,TOTAL,2011,United Kingdom,595935,,,
UKK13,NAT,T,TOTAL,TOTAL,TOTAL,TOTAL,2011,United Kingdom,550875,,,
UKK14,NAT,T,TOTAL,TOTAL,TOTAL,TOTAL,2011,United Kingdom,182215,,,
UKK15,NAT,T,TOTAL,TOTAL,TOTAL,TOTAL,2011,United Kingdom,433910,,,
UKK2,NAT,T,TOTAL,TOTAL,TOTAL,TOTAL,2011,United Kingdom,1179600,,,
UKK21,NAT,T,TOTAL,TOTAL,TOTAL,TOTAL,2011,United Kingdom,291640,,,
UKK22,NAT,T,TOTAL,TOTAL,TOTAL,TOTAL,2011,United Kingdom,389750,,,
UKK23,NAT,T,TOTAL,TOTAL,TOTAL,TOTAL,2011,United Kingdom,498210,,,
UKK3,NAT,T,TOTAL,TOTAL,TOTAL,TOTAL,2011,United Kingdom,510735,,,
UKK30,NAT,T,TOTAL,TOTAL,TOTAL,TOTAL,2011,United Kingdom,510735,,,
UKK4,NAT,T,TOTAL,TOTAL,TOTAL,TOTAL,2011,United Kingdom,1065895,,,
UKK41,NAT,T,TOTAL,TOTAL,TOTAL,TOTAL,2011,United Kingdom,238175,,,
UKK42,NAT,T,TOTAL,TOTAL,TOTAL,TOTAL,2011,United Kingdom,123875,,,
UKK43,NAT,T,TOTAL,TOTAL,TOTAL,TOTAL,2011,United Kingdom,703840,,,
UKL,NAT,T,TOTAL,TOTAL,TOTAL,TOTAL,2011,United Kingdom,2895585,,,
UKL1,NAT,T,TOTAL,TOTAL,TOTAL,TOTAL,2011,United Kingdom,1854755,,,
UKL11,NAT,T,TOTAL,TOTAL,TOTAL,TOTAL,2011,United Kingdom,67345,,,
UKL12,NAT,T,TOTAL,TOTAL,TOTAL,TOTAL,2011,United Kingdom,115960,,,
UKL13,NAT,T,TOTAL,TOTAL,TOTAL,TOTAL,2011,United Kingdom,200125,,,
UKL14,NAT,T,TOTAL,TOTAL,TOTAL,TOTAL,2011,United Kingdom,364390,,,
UKL15,NAT,T,TOTAL,TOTAL,TOTAL,TOTAL,2011,United Kingdom,283200,,,
UKL16,NAT,T,TOTAL,TOTAL,TOTAL,TOTAL,2011,United Kingdom,331540,,,
UKL17,NAT,T,TOTAL,TOTAL,TOTAL,TOTAL,2011,United Kingdom,270405,,,
UKL18,NAT,T,TOTAL,TOTAL,TOTAL,TOTAL,2011,United Kingdom,221790,,,
UKL2,NAT,T,TOTAL,TOTAL,TOTAL,TOTAL,2011,United Kingdom,1040830,,,
UKL21,NAT,T,TOTAL,TOTAL,TOTAL,TOTAL,2011,United Kingdom,220690,,,
UKL22,NAT,T,TOTAL,TOTAL,TOTAL,TOTAL,2011,United Kingdom,420305,,,
UKL23,NAT,T,TOTAL,TOTAL,TOTAL,TOTAL,2011,United Kingdom,272455,,,
UKL24,NAT,T,TOTAL,TOTAL,TOTAL,TOTAL,2011,United Kingdom,127385,,,
UKM,NAT,T,TOTAL,TOTAL,TOTAL,TOTAL,2011,United Kingdom,4926120,,,
UKM2,NAT,T,TOTAL,TOTAL,TOTAL,TOTAL,2011,United Kingdom,1857565,,,
UKM21,NAT,T,TOTAL,TOTAL,TOTAL,TOTAL,2011,United Kingdom,244775,,,
UKM22,NAT,T,TOTAL,TOTAL,TOTAL,TOTAL,2011,United Kingdom,393805,,,
UKM23,NAT,T,TOTAL,TOTAL,TOTAL,TOTAL,2011,United Kingdom,174250,,,
UKM24,NAT,T,TOTAL,TOTAL,TOTAL,TOTAL,2011,United Kingdom,107910,,,
UKM25,NAT,T,TOTAL,TOTAL,TOTAL,TOTAL,2011,United Kingdom,400930,,,
UKM26,NAT,T,TOTAL,TOTAL,TOTAL,TOTAL,2011,United Kingdom,150335,,,
UKM27,NAT,T,TOTAL,TOTAL,TOTAL,TOTAL,2011,United Kingdom,220275,,,
UKM28,NAT,T,TOTAL,TOTAL,TOTAL,TOTAL,2011,United Kingdom,165285,,,
UKM3,NAT,T,TOTAL,TOTAL,TOTAL,TOTAL,2011,United Kingdom,2201035,,,
UKM31,NAT,T,TOTAL,TOTAL,TOTAL,TOTAL,2011,United Kingdom,212660,,,
UKM32,NAT,T,TOTAL,TOTAL,TOTAL,TOTAL,2011,United Kingdom,146075,,,
UKM33,NAT,T,TOTAL,TOTAL,TOTAL,TOTAL,2011,United Kingdom,248935,,,
UKM34,NAT,T,TOTAL,TOTAL,TOTAL,TOTAL,2011,United Kingdom,520640,,,
UKM35,NAT,T,TOTAL,TOTAL,TOTAL,TOTAL,2011,United Kingdom,332985,,,
UKM36,NAT,T,TOTAL,TOTAL,TOTAL,TOTAL,2011,United Kingdom,327595,,,
UKM37,NAT,T,TOTAL,TOTAL,TOTAL,TOTAL,2011,United Kingdom,108960,,,
UKM38,NAT,T,TOTAL,TOTAL,TOTAL,TOTAL,2011,United Kingdom,303180,,,
UKM5,NAT,T,TOTAL,TOTAL,TOTAL,TOTAL,2011,United Kingdom,425285,,,
UKM50,NAT,T,TOTAL,TOTAL,TOTAL,TOTAL,2011,United Kingdom,425285,,,
UKM6,NAT,T,TOTAL,TOTAL,TOTAL,TOTAL,2011,United Kingdom,442240,,,
UKM61,NAT,T,TOTAL,TOTAL,TOTAL,TOTAL,2011,United Kingdom,90650,,,
UKM62,NAT,T,TOTAL,TOTAL,TOTAL,TOTAL,2011,United Kingdom,185710,,,
UKM63,NAT,T,TOTAL,TOTAL,TOTAL,TOTAL,2011,United Kingdom,96360,,,
UKM64,NAT,T,TOTAL,TOTAL,TOTAL,TOTAL,2011,United Kingdom,26880,,,
UKM65,NAT,T,TOTAL,TOTAL,TOTAL,TOTAL,2011,United Kingdom,20640,,,
UKM66,NAT,T,TOTAL,TOTAL,TOTAL,TOTAL,2011,United Kingdom,21995,,,
UKN,NAT,T,TOTAL,TOTAL,TOTAL,TOTAL,2011,United Kingdom,1691675,,,
UKN0,NAT,T,TOTAL,TOTAL,TOTAL,TOTAL,2011,United Kingdom,1691675,,,
UKN01,NAT,T,TOTAL,TOTAL,TOTAL,TOTAL,2011,United Kingdom,257120,,,
UKN02,NAT,T,TOTAL,TOTAL,TOTAL,TOTAL,2011,United Kingdom,370810,,,
UKN03,NAT,T,TOTAL,TOTAL,TOTAL,TOTAL,2011,United Kingdom,415145,,,
UKN04,NAT,T,TOTAL,TOTAL,TOTAL,TOTAL,2011,United Kingdom,272030,,,
UKN05,NAT,T,TOTAL,TOTAL,TOTAL,TOTAL,2011,United Kingdom,376575,,,
UKZ,NAT,T,TOTAL,TOTAL,TOTAL,TOTAL,2011,United Kingdom,0,,,
UKZZ,NAT,T,TOTAL,TOTAL,TOTAL,TOTAL,2011,United Kingdom,0,,,
UKZZZ,NAT,T,TOTAL,TOTAL,TOTAL,TOTAL,2011,United Kingdom,0,,,
UK,FOR,T,TOTAL,TOTAL,TOTAL,TOTAL,2011,United Kingdom,7985585,,,
UKC,FOR,T,TOTAL,TOTAL,TOTAL,TOTAL,2011,United Kingdom,128460,,,
UKC1,FOR,T,TOTAL,TOTAL,TOTAL,TOTAL,2011,United Kingdom,47955,,,
UKC11,FOR,T,TOTAL,TOTAL,TOTAL,TOTAL,2011,United Kingdom,11400,,,
UKC12,FOR,T,TOTAL,TOTAL,TOTAL,TOTAL,2011,United Kingdom,14375,,,
UKC13,FOR,T,TOTAL,TOTAL,TOTAL,TOTAL,2011,United Kingdom,5535,,,
UKC14,FOR,T,TOTAL,TOTAL,TOTAL,TOTAL,2011,United Kingdom,16650,,,
UKC2,FOR,T,TOTAL,TOTAL,TOTAL,TOTAL,2011,United Kingdom,80510,,,
UKC21,FOR,T,TOTAL,TOTAL,TOTAL,TOTAL,2011,United Kingdom,8915,,,
UKC22,FOR,T,TOTAL,TOTAL,TOTAL,TOTAL,2011,United Kingdom,60290,,,
UKC23,FOR,T,TOTAL,TOTAL,TOTAL,TOTAL,2011,United Kingdom,11300,,,
UKD,FOR,T,TOTAL,TOTAL,TOTAL,TOTAL,2011,United Kingdom,576810,,,
UKD1,FOR,T,TOTAL,TOTAL,TOTAL,TOTAL,2011,United Kingdom,18680,,,
UKD11,FOR,T,TOTAL,TOTAL,TOTAL,TOTAL,2011,United Kingdom,6615,,,
UKD12,FOR,T,TOTAL,TOTAL,TOTAL,TOTAL,2011,United Kingdom,12070,,,
UKD3,FOR,T,TOTAL,TOTAL,TOTAL,TOTAL,2011,United Kingdom,322960,,,
UKD31,FOR,T,TOTAL,TOTAL,TOTAL,TOTAL,2011,United Kingdom,214415,,,
UKD32,FOR,T,TOTAL,TOTAL,TOTAL,TOTAL,2011,United Kingdom,108545,,,
UKD4,FOR,T,TOTAL,TOTAL,TOTAL,TOTAL,2011,United Kingdom,105360,,,
UKD41,FOR,T,TOTAL,TOTAL,TOTAL,TOTAL,2011,United Kingdom,21785,,,
UKD42,FOR,T,TOTAL,TOTAL,TOTAL,TOTAL,2011,United Kingdom,7695,,,
UKD43,FOR,T,TOTAL,TOTAL,TOTAL,TOTAL,2011,United Kingdom,75880,,,
UKD6,FOR,T,TOTAL,TOTAL,TOTAL,TOTAL,2011,United Kingdom,47750,,,
UKD61,FOR,T,TOTAL,TOTAL,TOTAL,TOTAL,2011,United Kingdom,11500,,,
UKD62,FOR,T,TOTAL,TOTAL,TOTAL,TOTAL,2011,United Kingdom,20275,,,
UKD63,FOR,T,TOTAL,TOTAL,TOTAL,TOTAL,2011,United Kingdom,15980,,,
UKD7,FOR,T,TOTAL,TOTAL,TOTAL,TOTAL,2011,United Kingdom,82060,,,
UKD71,FOR,T,TOTAL,TOTAL,TOTAL,TOTAL,2011,United Kingdom,11505,,,
UKD72,FOR,T,TOTAL,TOTAL,TOTAL,TOTAL,2011,United Kingdom,46095,,,
UKD73,FOR,T,TOTAL,TOTAL,TOTAL,TOTAL,2011,United Kingdom,11540,,,
UKD74,FOR,T,TOTAL,TOTAL,TOTAL,TOTAL,2011,United Kingdom,12915,,,
UKE,FOR,T,TOTAL,TOTAL,TOTAL,TOTAL,2011,United Kingdom,464300,,,
UKE1,FOR,T,TOTAL,TOTAL,TOTAL,TOTAL,2011,United Kingdom,52580,,,
UKE11,FOR,T,TOTAL,TOTAL,TOTAL,TOTAL,2011,United Kingdom,21800,,,
UKE12,FOR,T,TOTAL,TOTAL,TOTAL,TOTAL,2011,United Kingdom,12860,,,
UKE13,FOR,T,TOTAL,TOTAL,TOTAL,TOTAL,2011,United Kingdom,17920,,,
UKE2,FOR,T,TOTAL,TOTAL,TOTAL,TOTAL,2011,United Kingdom,53705,,,
UKE21,FOR,T,TOTAL,TOTAL,TOTAL,TOTAL,2011,United Kingdom,18215,,,
UKE22,FOR,T,TOTAL,TOTAL,TOTAL,TOTAL,2011,United Kingdom,35490,,,
UKE3,FOR,T,TOTAL,TOTAL,TOTAL,TOTAL,2011,United Kingdom,104055,,,
UKE31,FOR,T,TOTAL,TOTAL,TOTAL,TOTAL,2011,United Kingdom,39560,,,
UKE32,FOR,T,TOTAL,TOTAL,TOTAL,TOTAL,2011,United Kingdom,64495,,,
UKE4,FOR,T,TOTAL,TOTAL,TOTAL,TOTAL,2011,United Kingdom,253960,,,
UKE41,FOR,T,TOTAL,TOTAL,TOTAL,TOTAL,2011,United Kingdom,89545,,,
UKE42,FOR,T,TOTAL,TOTAL,TOTAL,TOTAL,2011,United Kingdom,86060,,,
UKE44,FOR,T,TOTAL,TOTAL,TOTAL,TOTAL,2011,United Kingdom,60810,,,
UKE45,FOR,T,TOTAL,TOTAL,TOTAL,TOTAL,2011,United Kingdom,17545,,,
UKF,FOR,T,TOTAL,TOTAL,TOTAL,TOTAL,2011,United Kingdom,447740,,,
UKF1,FOR,T,TOTAL,TOTAL,TOTAL,TOTAL,2011,United Kingdom,162205,,,
UKF11,FOR,T,TOTAL,TOTAL,TOTAL,TOTAL,2011,United Kingdom,34575,,,
UKF12,FOR,T,TOTAL,TOTAL,TOTAL,TOTAL,2011,United Kingdom,8645,,,
UKF13,FOR,T,TOTAL,TOTAL,TOTAL,TOTAL,2011,United Kingdom,16960,,,
UKF14,FOR,T,TOTAL,TOTAL,TOTAL,TOTAL,2011,United Kingdom,59685,,,
UKF15,FOR,T,TOTAL,TOTAL,TOTAL,TOTAL,2011,United Kingdom,20310,,,
UKF16,FOR,T,TOTAL,TOTAL,TOTAL,TOTAL,2011,United Kingdom,22025,,,
UKF2,FOR,T,TOTAL,TOTAL,TOTAL,TOTAL,2011,United Kingdom,234840,,,
UKF21,FOR,T,TOTAL,TOTAL,TOTAL,TOTAL,2011,United Kingdom,110750,,,
UKF22,FOR,T,TOTAL,TOTAL,TOTAL,TOTAL,2011,United Kingdom,49375,,,
UKF24,FOR,T,TOTAL,TOTAL,TOTAL,TOTAL,2011,United Kingdom,44200,,,
UKF25,FOR,T,TOTAL,TOTAL,TOTAL,TOTAL,2011,United Kingdom,30520,,,
UKF3,FOR,T,TOTAL,TOTAL,TOTAL,TOTAL,2011,United Kingdom,50695,,,
UKF30,FOR,T,TOTAL,TOTAL,TOTAL,TOTAL,2011,United Kingdom,50695,,,
UKG,FOR,T,TOTAL,TOTAL,TOTAL,TOTAL,2011,United Kingdom,629415,,,
UKG1,FOR,T,TOTAL,TOTAL,TOTAL,TOTAL,2011,United Kingdom,90100,,,
UKG11,FOR,T,TOTAL,TOTAL,TOTAL,TOTAL,2011,United Kingdom,12235,,,
UKG12,FOR,T,TOTAL,TOTAL,TOTAL,TOTAL,2011,United Kingdom,32550,,,
UKG13,FOR,T,TOTAL,TOTAL,TOTAL,TOTAL,2011,United Kingdom,45310,,,
UKG2,FOR,T,TOTAL,TOTAL,TOTAL,TOTAL,2011,United Kingdom,85515,,,
UKG21,FOR,T,TOTAL,TOTAL,TOTAL,TOTAL,2011,United Kingdom,12110,,,
UKG22,FOR,T,TOTAL,TOTAL,TOTAL,TOTAL,2011,United Kingdom,14375,,,
UKG23,FOR,T,TOTAL,TOTAL,TOTAL,TOTAL,2011,United Kingdom,20700,,,
UKG24,FOR,T,TOTAL,TOTAL,TOTAL,TOTAL,2011,United Kingdom,38330,,,
UKG3,FOR,T,TOTAL,TOTAL,TOTAL,TOTAL,2011,United Kingdom,453800,,,
UKG31,FOR,T,TOTAL,TOTAL,TOTAL,TOTAL,2011,United Kingdom,238185,,,
UKG32,FOR,T,TOTAL,TOTAL,TOTAL,TOTAL,2011,United Kingdom,15375,,,
UKG33,FOR,T,TOTAL,TOTAL,TOTAL,TOTAL,2011,United Kingdom,67160,,,
UKG36,FOR,T,TOTAL,TOTAL,TOTAL,TOTAL,2011,United Kingdom,16585,,,
UKG37,FOR,T,TOTAL,TOTAL,TOTAL,TOTAL,2011,United Kingdom,49040,,,
UKG38,FOR,T,TOTAL,TOTAL,TOTAL,TOTAL,2011,United Kingdom,26625,,,
UKG39,FOR,T,TOTAL,TOTAL,TOTAL,TOTAL,2011,United Kingdom,40835,,,
UKH,FOR,T,TOTAL,TOTAL,TOTAL,TOTAL,2011,United Kingdom,641495,,,
UKH1,FOR,T,TOTAL,TOTAL,TOTAL,TOTAL,2011,United Kingdom,244775,,,
UKH11,FOR,T,TOTAL,TOTAL,TOTAL,TOTAL,2011,United Kingdom,37845,,,
UKH12,FOR,T,TOTAL,TOTAL,TOTAL,TOTAL,2011,United Kingdom,85580,,,
UKH13,FOR,T,TOTAL,TOTAL,TOTAL,TOTAL,2011,United Kingdom,61495,,,
UKH14,FOR,T,TOTAL,TOTAL,TOTAL,TOTAL,2011,United Kingdom,59850,,,
UKH2,FOR,T,TOTAL,TOTAL,TOTAL,TOTAL,2011,United Kingdom,260120,,,
UKH21,FOR,T,TOTAL,TOTAL,TOTAL,TOTAL,2011,United Kingdom,62850,,,
UKH23,FOR,T,TOTAL,TOTAL,TOTAL,TOTAL,2011,United Kingdom,149485,,,
UKH24,FOR,T,TOTAL,TOTAL,TOTAL,TOTAL,2011,United Kingdom,27690,,,
UKH25,FOR,T,TOTAL,TOTAL,TOTAL,TOTAL,2011,United Kingdom,20100,,,
UKH3,FOR,T,TOTAL,TOTAL,TOTAL,TOTAL,2011,United Kingdom,136600,,,
UKH31,FOR,T,TOTAL,TOTAL,TOTAL,TOTAL,2011,United Kingdom,17090,,,
UKH32,FOR,T,TOTAL,TOTAL,TOTAL,TOTAL,2011,United Kingdom,18860,,,
UKH33,FOR,T,TOTAL,TOTAL,TOTAL,TOTAL,2011,United Kingdom,100650,,,
UKI,FOR,T,TOTAL,TOTAL,TOTAL,TOTAL,2011,United Kingdom,2994930,,,
UKI1,FOR,T,TOTAL,TOTAL,TOTAL,TOTAL,2011,United Kingdom,1362525,,,
UKI11,FOR,T,TOTAL,TOTAL,TOTAL,TOTAL,2011,United Kingdom,480970,,,
UKI12,FOR,T,TOTAL,TOTAL,TOTAL,TOTAL,2011,United Kingdom,881555,,,
UKI2,FOR,T,TOTAL,TOTAL,TOTAL,TOTAL,2011,United Kingdom,1632400,,,
UKI21,FOR,T,TOTAL,TOTAL,TOTAL,TOTAL,2011,United Kingdom,505395,,,
UKI22,FOR,T,TOTAL,TOTAL,TOTAL,TOTAL,2011,United Kingdom,310345,,,
UKI23,FOR,T,TOTAL,TOTAL,TOTAL,TOTAL,2011,United Kingdom,816665,,,
UKJ,FOR,T,TOTAL,TOTAL,TOTAL,TOTAL,2011,United Kingdom,1042190,,,
UKJ1,FOR,T,TOTAL,TOTAL,TOTAL,TOTAL,2011,United Kingdom,369750,,,
UKJ11,FOR,T,TOTAL,TOTAL,TOTAL,TOTAL,2011,United Kingdom,166115,,,
UKJ12,FOR,T,TOTAL,TOTAL,TOTAL,TOTAL,2011,United Kingdom,46100,,,
UKJ13,FOR,T,TOTAL,TOTAL,TOTAL,TOTAL,2011,United Kingdom,65215,,,
UKJ14,FOR,T,TOTAL,TOTAL,TOTAL,TOTAL,2011,United Kingdom,92320,,,
UKJ2,FOR,T,TOTAL,TOTAL,TOTAL,TOTAL,2011,United Kingdom,327630,,,
UKJ21,FOR,T,TOTAL,TOTAL,TOTAL,TOTAL,2011,United Kingdom,42830,,,
UKJ22,FOR,T,TOTAL,TOTAL,TOTAL,TOTAL,2011,United Kingdom,42795,,,
UKJ23,FOR,T,TOTAL,TOTAL,TOTAL,TOTAL,2011,United Kingdom,160765,,,
UKJ24,FOR,T,TOTAL,TOTAL,TOTAL,TOTAL,2011,United Kingdom,81245,,,
UKJ3,FOR,T,TOTAL,TOTAL,TOTAL,TOTAL,2011,United Kingdom,183900,,,
UKJ31,FOR,T,TOTAL,TOTAL,TOTAL,TOTAL,2011,United Kingdom,24990,,,
UKJ32,FOR,T,TOTAL,TOTAL,TOTAL,TOTAL,2011,United Kingdom,41635,,,
UKJ33,FOR,T,TOTAL,TOTAL,TOTAL,TOTAL,2011,United Kingdom,110085,,,
UKJ34,FOR,T,TOTAL,TOTAL,TOTAL,TOTAL,2011,United Kingdom,7190,,,
UKJ4,FOR,T,TOTAL,TOTAL,TOTAL,TOTAL,2011,United Kingdom,160910,,,
UKJ41,FOR,T,TOTAL,TOTAL,TOTAL,TOTAL,2011,United Kingdom,27315,,,
UKJ42,FOR,T,TOTAL,TOTAL,TOTAL,TOTAL,2011,United Kingdom,133595,,,
UKK,FOR,T,TOTAL,TOTAL,TOTAL,TOTAL,2011,United Kingdom,404350,,,
UKK1,FOR,T,TOTAL,TOTAL,TOTAL,TOTAL,2011,United Kingdom,218500,,,
UKK11,FOR,T,TOTAL,TOTAL,TOTAL,TOTAL,2011,United Kingdom,63075,,,
UKK12,FOR,T,TOTAL,TOTAL,TOTAL,TOTAL,2011,United Kingdom,45375,,,
UKK13,FOR,T,TOTAL,TOTAL,TOTAL,TOTAL,2011,United Kingdom,46080,,,
UKK14,FOR,T,TOTAL,TOTAL,TOTAL,TOTAL,2011,United Kingdom,26925,,,
UKK15,FOR,T,TOTAL,TOTAL,TOTAL,TOTAL,2011,United Kingdom,37050,,,
UKK2,FOR,T,TOTAL,TOTAL,TOTAL,TOTAL,2011,United Kingdom,94325,,,
UKK21,FOR,T,TOTAL,TOTAL,TOTAL,TOTAL,2011,United Kingdom,39455,,,
UKK22,FOR,T,TOTAL,TOTAL,TOTAL,TOTAL,2011,United Kingdom,23135,,,
UKK23,FOR,T,TOTAL,TOTAL,TOTAL,TOTAL,2011,United Kingdom,31735,,,
UKK3,FOR,T,TOTAL,TOTAL,TOTAL,TOTAL,2011,United Kingdom,23720,,,
UKK30,FOR,T,TOTAL,TOTAL,TOTAL,TOTAL,2011,United Kingdom,23720,,,
UKK4,FOR,T,TOTAL,TOTAL,TOTAL,TOTAL,2011,United Kingdom,67800,,,
UKK41,FOR,T,TOTAL,TOTAL,TOTAL,TOTAL,2011,United Kingdom,18190,,,
UKK42,FOR,T,TOTAL,TOTAL,TOTAL,TOTAL,2011,United Kingdom,7080,,,
UKK43,FOR,T,TOTAL,TOTAL,TOTAL,TOTAL,2011,United Kingdom,42530,,,
UKL,FOR,T,TOTAL,TOTAL,TOTAL,TOTAL,2011,United Kingdom,167735,,,
UKL1,FOR,T,TOTAL,TOTAL,TOTAL,TOTAL,2011,United Kingdom,78820,,,
UKL11,FOR,T,TOTAL,TOTAL,TOTAL,TOTAL,2011,United Kingdom,2405,,,
UKL12,FOR,T,TOTAL,TOTAL,TOTAL,TOTAL,2011,United Kingdom,5910,,,
UKL13,FOR,T,TOTAL,TOTAL,TOTAL,TOTAL,2011,United Kingdom,8830,,,
UKL14,FOR,T,TOTAL,TOTAL,TOTAL,TOTAL,2011,United Kingdom,17725,,,
UKL15,FOR,T,TOTAL,TOTAL,TOTAL,TOTAL,2011,United Kingdom,10005,,,
UKL16,FOR,T,TOTAL,TOTAL,TOTAL,TOTAL,2011,United Kingdom,8145,,,
UKL17,FOR,T,TOTAL,TOTAL,TOTAL,TOTAL,2011,United Kingdom,8580,,,
UKL18,FOR,T,TOTAL,TOTAL,TOTAL,TOTAL,2011,United Kingdom,17225,,,
UKL2,FOR,T,TOTAL,TOTAL,TOTAL,TOTAL,2011,United Kingdom,88915,,,
UKL21,FOR,T,TOTAL,TOTAL,TOTAL,TOTAL,2011,United Kingdom,16355,,,
UKL22,FOR,T,TOTAL,TOTAL,TOTAL,TOTAL,2011,United Kingdom,52085,,,
UKL23,FOR,T,TOTAL,TOTAL,TOTAL,TOTAL,2011,United Kingdom,14885,,,
UKL24,FOR,T,TOTAL,TOTAL,TOTAL,TOTAL,2011,United Kingdom,5585,,,
UKM,FOR,T,TOTAL,TOTAL,TOTAL,TOTAL,2011,United Kingdom,369040,,,
UKM2,FOR,T,TOTAL,TOTAL,TOTAL,TOTAL,2011,United Kingdom,163620,,,
UKM21,FOR,T,TOTAL,TOTAL,TOTAL,TOTAL,2011,United Kingdom,18455,,,
UKM22,FOR,T,TOTAL,TOTAL,TOTAL,TOTAL,2011,United Kingdom,22815,,,
UKM23,FOR,T,TOTAL,TOTAL,TOTAL,TOTAL,2011,United Kingdom,8650,,,
UKM24,FOR,T,TOTAL,TOTAL,TOTAL,TOTAL,2011,United Kingdom,5955,,,
UKM25,FOR,T,TOTAL,TOTAL,TOTAL,TOTAL,2011,United Kingdom,75640,,,
UKM26,FOR,T,TOTAL,TOTAL,TOTAL,TOTAL,2011,United Kingdom,5655,,,
UKM27,FOR,T,TOTAL,TOTAL,TOTAL,TOTAL,2011,United Kingdom,16615,,,
UKM28,FOR,T,TOTAL,TOTAL,TOTAL,TOTAL,2011,United Kingdom,9830,,,
UKM3,FOR,T,TOTAL,TOTAL,TOTAL,TOTAL,2011,United Kingdom,130910,,,
UKM31,FOR,T,TOTAL,TOTAL,TOTAL,TOTAL,2011,United Kingdom,8605,,,
UKM32,FOR,T,TOTAL,TOTAL,TOTAL,TOTAL,2011,United Kingdom,5245,,,
UKM33,FOR,T,TOTAL,TOTAL,TOTAL,TOTAL,2011,United Kingdom,5935,,,
UKM34,FOR,T,TOTAL,TOTAL,TOTAL,TOTAL,2011,United Kingdom,72555,,,
UKM35,FOR,T,TOTAL,TOTAL,TOTAL,TOTAL,2011,United Kingdom,13970,,,
UKM36,FOR,T,TOTAL,TOTAL,TOTAL,TOTAL,2011,United Kingdom,10130,,,
UKM37,FOR,T,TOTAL,TOTAL,TOTAL,TOTAL,2011,United Kingdom,3825,,,
UKM38,FOR,T,TOTAL,TOTAL,TOTAL,TOTAL,2011,United Kingdom,10645,,,
UKM5,FOR,T,TOTAL,TOTAL,TOTAL,TOTAL,2011,United Kingdom,50460,,,
UKM50,FOR,T,TOTAL,TOTAL,TOTAL,TOTAL,2011,United Kingdom,50460,,,
UKM6,FOR,T,TOTAL,TOTAL,TOTAL,TOTAL,2011,United Kingdom,24045,,,
UKM61,FOR,T,TOTAL,TOTAL,TOTAL,TOTAL,2011,United Kingdom,3940,,,
UKM62,FOR,T,TOTAL,TOTAL,TOTAL,TOTAL,2011,United Kingdom,12330,,,
UKM63,FOR,T,TOTAL,TOTAL,TOTAL,TOTAL,2011,United Kingdom,5090,,,
UKM64,FOR,T,TOTAL,TOTAL,TOTAL,TOTAL,2011,United Kingdom,805,,,
UKM65,FOR,T,TOTAL,TOTAL,TOTAL,TOTAL,2011,United Kingdom,710,,,
UKM66,FOR,T,TOTAL,TOTAL,TOTAL,TOTAL,2011,United Kingdom,1170,,,
UKN,FOR,T,TOTAL,TOTAL,TOTAL,TOTAL,2011,United Kingdom,119125,,,
UKN0,FOR,T,TOTAL,TOTAL,TOTAL,TOTAL,2011,United Kingdom,119125,,,
UKN01,FOR,T,TOTAL,TOTAL,TOTAL,TOTAL,2011,United Kingdom,23825,,,
UKN02,FOR,T,TOTAL,TOTAL,TOTAL,TOTAL,2011,United Kingdom,19770,,,
UKN03,FOR,T,TOTAL,TOTAL,TOTAL,TOTAL,2011,United Kingdom,23665,,,
UKN04,FOR,T,TOTAL,TOTAL,TOTAL,TOTAL,2011,United Kingdom,16565,,,
UKN05,FOR,T,TOTAL,TOTAL,TOTAL,TOTAL,2011,United Kingdom,35305,,,
UKZ,FOR,T,TOTAL,TOTAL,TOTAL,TOTAL,2011,United Kingdom,0,,,
UKZZ,FOR,T,TOTAL,TOTAL,TOTAL,TOTAL,2011,United Kingdom,0,,,
UKZZZ,FOR,T,TOTAL,TOTAL,TOTAL,TOTAL,2011,United Kingdom,0,,,
UK,OTH,T,TOTAL,TOTAL,TOTAL,TOTAL,2011,United Kingdom,7895,,,
UKC,OTH,T,TOTAL,TOTAL,TOTAL,TOTAL,2011,United Kingdom,110,,,
UKC1,OTH,T,TOTAL,TOTAL,TOTAL,TOTAL,2011,United Kingdom,35,,,
UKC11,OTH,T,TOTAL,TOTAL,TOTAL,TOTAL,2011,United Kingdom,0,,,
UKC12,OTH,T,TOTAL,TOTAL,TOTAL,TOTAL,2011,United Kingdom,15,,,
UKC13,OTH,T,TOTAL,TOTAL,TOTAL,TOTAL,2011,United Kingdom,5,,,
UKC14,OTH,T,TOTAL,TOTAL,TOTAL,TOTAL,2011,United Kingdom,15,,,
UKC2,OTH,T,TOTAL,TOTAL,TOTAL,TOTAL,2011,United Kingdom,75,,,
UKC21,OTH,T,TOTAL,TOTAL,TOTAL,TOTAL,2011,United Kingdom,10,,,
UKC22,OTH,T,TOTAL,TOTAL,TOTAL,TOTAL,2011,United Kingdom,60,,,
UKC23,OTH,T,TOTAL,TOTAL,TOTAL,TOTAL,2011,United Kingdom,5,,,
UKD,OTH,T,TOTAL,TOTAL,TOTAL,TOTAL,2011,United Kingdom,420,,,
UKD1,OTH,T,TOTAL,TOTAL,TOTAL,TOTAL,2011,United Kingdom,15,,,
UKD11,OTH,T,TOTAL,TOTAL,TOTAL,TOTAL,2011,United Kingdom,5,,,
UKD12,OTH,T,TOTAL,TOTAL,TOTAL,TOTAL,2011,United Kingdom,10,,,
UKD3,OTH,T,TOTAL,TOTAL,TOTAL,TOTAL,2011,United Kingdom,225,,,
UKD31,OTH,T,TOTAL,TOTAL,TOTAL,TOTAL,2011,United Kingdom,140,,,
UKD32,OTH,T,TOTAL,TOTAL,TOTAL,TOTAL,2011,United Kingdom,85,,,
UKD4,OTH,T,TOTAL,TOTAL,TOTAL,TOTAL,2011,United Kingdom,75,,,
UKD41,OTH,T,TOTAL,TOTAL,TOTAL,TOTAL,2011,United Kingdom,10,,,
UKD42,OTH,T,TOTAL,TOTAL,TOTAL,TOTAL,2011,United Kingdom,5,,,
UKD43,OTH,T,TOTAL,TOTAL,TOTAL,TOTAL,2011,United Kingdom,55,,,
UKD6,OTH,T,TOTAL,TOTAL,TOTAL,TOTAL,2011,United Kingdom,40,,,
UKD61,OTH,T,TOTAL,TOTAL,TOTAL,TOTAL,2011,United Kingdom,10,,,
UKD62,OTH,T,TOTAL,TOTAL,TOTAL,TOTAL,2011,United Kingdom,20,,,
UKD63,OTH,T,TOTAL,TOTAL,TOTAL,TOTAL,2011,United Kingdom,10,,,
UKD7,OTH,T,TOTAL,TOTAL,TOTAL,TOTAL,2011,United Kingdom,70,,,
UKD71,OTH,T,TOTAL,TOTAL,TOTAL,TOTAL,2011,United Kingdom,10,,,
UKD72,OTH,T,TOTAL,TOTAL,TOTAL,TOTAL,2011,United Kingdom,30,,,
UKD73,OTH,T,TOTAL,TOTAL,TOTAL,TOTAL,2011,United Kingdom,15,,,
UKD74,OTH,T,TOTAL,TOTAL,TOTAL,TOTAL,2011,United Kingdom,15,,,
UKE,OTH,T,TOTAL,TOTAL,TOTAL,TOTAL,2011,United Kingdom,395,,,
UKE1,OTH,T,TOTAL,TOTAL,TOTAL,TOTAL,2011,United Kingdom,40,,,
UKE11,OTH,T,TOTAL,TOTAL,TOTAL,TOTAL,2011,United Kingdom,20,,,
UKE12,OTH,T,TOTAL,TOTAL,TOTAL,TOTAL,2011,United Kingdom,10,,,
UKE13,OTH,T,TOTAL,TOTAL,TOTAL,TOTAL,2011,United Kingdom,10,,,
UKE2,OTH,T,TOTAL,TOTAL,TOTAL,TOTAL,2011,United Kingdom,35,,,
UKE21,OTH,T,TOTAL,TOTAL,TOTAL,TOTAL,2011,United Kingdom,15,,,
UKE22,OTH,T,TOTAL,TOTAL,TOTAL,TOTAL,2011,United Kingdom,20,,,
UKE3,OTH,T,TOTAL,TOTAL,TOTAL,TOTAL,2011,United Kingdom,90,,,
UKE31,OTH,T,TOTAL,TOTAL,TOTAL,TOTAL,2011,United Kingdom,60,,,
UKE32,OTH,T,TOTAL,TOTAL,TOTAL,TOTAL,2011,United Kingdom,25,,,
UKE4,OTH,T,TOTAL,TOTAL,TOTAL,TOTAL,2011,United Kingdom,235,,,
UKE41,OTH,T,TOTAL,TOTAL,TOTAL,TOTAL,2011,United Kingdom,65,,,
UKE42,OTH,T,TOTAL,TOTAL,TOTAL,TOTAL,2011,United Kingdom,85,,,
UKE44,OTH,T,TOTAL,TOTAL,TOTAL,TOTAL,2011,United Kingdom,65,,,
UKE45,OTH,T,TOTAL,TOTAL,TOTAL,TOTAL,2011,United Kingdom,20,,,
UKF,OTH,T,TOTAL,TOTAL,TOTAL,TOTAL,2011,United Kingdom,470,,,
UKF1,OTH,T,TOTAL,TOTAL,TOTAL,TOTAL,2011,United Kingdom,175,,,
UKF11,OTH,T,TOTAL,TOTAL,TOTAL,TOTAL,2011,United Kingdom,45,,,
UKF12,OTH,T,TOTAL,TOTAL,TOTAL,TOTAL,2011,United Kingdom,15,,,
UKF13,OTH,T,TOTAL,TOTAL,TOTAL,TOTAL,2011,United Kingdom,15,,,
UKF14,OTH,T,TOTAL,TOTAL,TOTAL,TOTAL,2011,United Kingdom,40,,,
UKF15,OTH,T,TOTAL,TOTAL,TOTAL,TOTAL,2011,United Kingdom,30,,,
UKF16,OTH,T,TOTAL,TOTAL,TOTAL,TOTAL,2011,United Kingdom,25,,,
UKF2,OTH,T,TOTAL,TOTAL,TOTAL,TOTAL,2011,United Kingdom,245,,,
UKF21,OTH,T,TOTAL,TOTAL,TOTAL,TOTAL,2011,United Kingdom,95,,,
UKF22,OTH,T,TOTAL,TOTAL,TOTAL,TOTAL,2011,United Kingdom,50,,,
UKF24,OTH,T,TOTAL,TOTAL,TOTAL,TOTAL,2011,United Kingdom,40,,,
UKF25,OTH,T,TOTAL,TOTAL,TOTAL,TOTAL,2011,United Kingdom,60,,,
UKF3,OTH,T,TOTAL,TOTAL,TOTAL,TOTAL,2011,United Kingdom,50,,,
UKF30,OTH,T,TOTAL,TOTAL,TOTAL,TOTAL,2011,United Kingdom,50,,,
UKG,OTH,T,TOTAL,TOTAL,TOTAL,TOTAL,2011,United Kingdom,560,,,
UKG1,OTH,T,TOTAL,TOTAL,TOTAL,TOTAL,2011,United Kingdom,105,,,
UKG11,OTH,T,TOTAL,TOTAL,TOTAL,TOTAL,2011,United Kingdom,10,,,
UKG12,OTH,T,TOTAL,TOTAL,TOTAL,TOTAL,2011,United Kingdom,50,,,
UKG13,OTH,T,TOTAL,TOTAL,TOTAL,TOTAL,2011,United Kingdom,45,,,
UKG2,OTH,T,TOTAL,TOTAL,TOTAL,TOTAL,2011,United Kingdom,110,,,
UKG21,OTH,T,TOTAL,TOTAL,TOTAL,TOTAL,2011,United Kingdom,25,,,
UKG22,OTH,T,TOTAL,TOTAL,TOTAL,TOTAL,2011,United Kingdom,15,,,
UKG23,OTH,T,TOTAL,TOTAL,TOTAL,TOTAL,2011,United Kingdom,15,,,
UKG24,OTH,T,TOTAL,TOTAL,TOTAL,TOTAL,2011,United Kingdom,60,,,
UKG3,OTH,T,TOTAL,TOTAL,TOTAL,TOTAL,2011,United Kingdom,340,,,
UKG31,OTH,T,TOTAL,TOTAL,TOTAL,TOTAL,2011,United Kingdom,130,,,
UKG32,OTH,T,TOTAL,TOTAL,TOTAL,TOTAL,2011,United Kingdom,10,,,
UKG33,OTH,T,TOTAL,TOTAL,TOTAL,TOTAL,2011,United Kingdom,75,,,
UKG36,OTH,T,TOTAL,TOTAL,TOTAL,TOTAL,2011,United Kingdom,30,,,
UKG37,OTH,T,TOTAL,TOTAL,TOTAL,TOTAL,2011,United Kingdom,30,,,
UKG38,OTH,T,TOTAL,TOTAL,TOTAL,TOTAL,2011,United Kingdom,10,,,
UKG39,OTH,T,TOTAL,TOTAL,TOTAL,TOTAL,2011,United Kingdom,50,,,
UKH,OTH,T,TOTAL,TOTAL,TOTAL,TOTAL,2011,United Kingdom,720,,,
UKH1,OTH,T,TOTAL,TOTAL,TOTAL,TOTAL,2011,United Kingdom,260,,,
UKH11,OTH,T,TOTAL,TOTAL,TOTAL,TOTAL,2011,United Kingdom,45,,,
UKH12,OTH,T,TOTAL,TOTAL,TOTAL,TOTAL,2011,United Kingdom,115,,,
UKH13,OTH,T,TOTAL,TOTAL,TOTAL,TOTAL,2011,United Kingdom,45,,,
UKH14,OTH,T,TOTAL,TOTAL,TOTAL,TOTAL,2011,United Kingdom,50,,,
UKH2,OTH,T,TOTAL,TOTAL,TOTAL,TOTAL,2011,United Kingdom,290,,,
UKH21,OTH,T,TOTAL,TOTAL,TOTAL,TOTAL,2011,United Kingdom,25,,,
UKH23,OTH,T,TOTAL,TOTAL,TOTAL,TOTAL,2011,United Kingdom,200,,,
UKH24,OTH,T,TOTAL,TOTAL,TOTAL,TOTAL,2011,United Kingdom,35,,,
UKH25,OTH,T,TOTAL,TOTAL,TOTAL,TOTAL,2011,United Kingdom,30,,,
UKH3,OTH,T,TOTAL,TOTAL,TOTAL,TOTAL,2011,United Kingdom,175,,,
UKH31,OTH,T,TOTAL,TOTAL,TOTAL,TOTAL,2011,United Kingdom,35,,,
UKH32,OTH,T,TOTAL,TOTAL,TOTAL,TOTAL,2011,United Kingdom,15,,,
UKH33,OTH,T,TOTAL,TOTAL,TOTAL,TOTAL,2011,United Kingdom,125,,,
UKI,OTH,T,TOTAL,TOTAL,TOTAL,TOTAL,2011,United Kingdom,3335,,,
UKI1,OTH,T,TOTAL,TOTAL,TOTAL,TOTAL,2011,United Kingdom,1650,,,
UKI11,OTH,T,TOTAL,TOTAL,TOTAL,TOTAL,2011,United Kingdom,890,,,
UKI12,OTH,T,TOTAL,TOTAL,TOTAL,TOTAL,2011,United Kingdom,765,,,
UKI2,OTH,T,TOTAL,TOTAL,TOTAL,TOTAL,2011,United Kingdom,1685,,,
UKI21,OTH,T,TOTAL,TOTAL,TOTAL,TOTAL,2011,United Kingdom,470,,,
UKI22,OTH,T,TOTAL,TOTAL,TOTAL,TOTAL,2011,United Kingdom,285,,,
UKI23,OTH,T,TOTAL,TOTAL,TOTAL,TOTAL,2011,United Kingdom,930,,,
UKJ,OTH,T,TOTAL,TOTAL,TOTAL,TOTAL,2011,United Kingdom,1130,,,
UKJ1,OTH,T,TOTAL,TOTAL,TOTAL,TOTAL,2011,United Kingdom,455,,,
UKJ11,OTH,T,TOTAL,TOTAL,TOTAL,TOTAL,2011,United Kingdom,165,,,
UKJ12,OTH,T,TOTAL,TOTAL,TOTAL,TOTAL,2011,United Kingdom,35,,,
UKJ13,OTH,T,TOTAL,TOTAL,TOTAL,TOTAL,2011,United Kingdom,80,,,
UKJ14,OTH,T,TOTAL,TOTAL,TOTAL,TOTAL,2011,United Kingdom,175,,,
UKJ2,OTH,T,TOTAL,TOTAL,TOTAL,TOTAL,2011,United Kingdom,350,,,
UKJ21,OTH,T,TOTAL,TOTAL,TOTAL,TOTAL,2011,United Kingdom,55,,,
UKJ22,OTH,T,TOTAL,TOTAL,TOTAL,TOTAL,2011,United Kingdom,50,,,
UKJ23,OTH,T,TOTAL,TOTAL,TOTAL,TOTAL,2011,United Kingdom,170,,,
UKJ24,OTH,T,TOTAL,TOTAL,TOTAL,TOTAL,2011,United Kingdom,75,,,
UKJ3,OTH,T,TOTAL,TOTAL,TOTAL,TOTAL,2011,United Kingdom,145,,,
UKJ31,OTH,T,TOTAL,TOTAL,TOTAL,TOTAL,2011,United Kingdom,30,,,
UKJ32,OTH,T,TOTAL,TOTAL,TOTAL,TOTAL,2011,United Kingdom,15,,,
UKJ33,OTH,T,TOTAL,TOTAL,TOTAL,TOTAL,2011,United Kingdom,90,,,
UKJ34,OTH,T,TOTAL,TOTAL,TOTAL,TOTAL,2011,United Kingdom,5,,,
UKJ4,OTH,T,TOTAL,TOTAL,TOTAL,TOTAL,2011,United Kingdom,180,,,
UKJ41,OTH,T,TOTAL,TOTAL,TOTAL,TOTAL,2011,United Kingdom,20,,,
UKJ42,OTH,T,TOTAL,TOTAL,TOTAL,TOTAL,2011,United Kingdom,155,,,
UKK,OTH,T,TOTAL,TOTAL,TOTAL,TOTAL,2011,United Kingdom,310,,,
UKK1,OTH,T,TOTAL,TOTAL,TOTAL,TOTAL,2011,United Kingdom,160,,,
UKK11,OTH,T,TOTAL,TOTAL,TOTAL,TOTAL,2011,United Kingdom,55,,,
UKK12,OTH,T,TOTAL,TOTAL,TOTAL,TOTAL,2011,United Kingdom,35,,,
UKK13,OTH,T,TOTAL,TOTAL,TOTAL,TOTAL,2011,United Kingdom,30,,,
UKK14,OTH,T,TOTAL,TOTAL,TOTAL,TOTAL,2011,United Kingdom,15,,,
UKK15,OTH,T,TOTAL,TOTAL,TOTAL,TOTAL,2011,United Kingdom,25,,,
UKK2,OTH,T,TOTAL,TOTAL,TOTAL,TOTAL,2011,United Kingdom,90,,,
UKK21,OTH,T,TOTAL,TOTAL,TOTAL,TOTAL,2011,United Kingdom,40,,,
UKK22,OTH,T,TOTAL,TOTAL,TOTAL,TOTAL,2011,United Kingdom,20,,,
UKK23,OTH,T,TOTAL,TOTAL,TOTAL,TOTAL,2011,United Kingdom,25,,,
UKK3,OTH,T,TOTAL,TOTAL,TOTAL,TOTAL,2011,United Kingdom,20,,,
UKK30,OTH,T,TOTAL,TOTAL,TOTAL,TOTAL,2011,United Kingdom,20,,,
UKK4,OTH,T,TOTAL,TOTAL,TOTAL,TOTAL,2011,United Kingdom,45,,,
UKK41,OTH,T,TOTAL,TOTAL,TOTAL,TOTAL,2011,United Kingdom,15,,,
UKK42,OTH,T,TOTAL,TOTAL,TOTAL,TOTAL,2011,United Kingdom,0,,,
UKK43,OTH,T,TOTAL,TOTAL,TOTAL,TOTAL,2011,United Kingdom,30,,,
UKL,OTH,T,TOTAL,TOTAL,TOTAL,TOTAL,2011,United Kingdom,135,,,
UKL1,OTH,T,TOTAL,TOTAL,TOTAL,TOTAL,2011,United Kingdom,70,,,
UKL11,OTH,T,TOTAL,TOTAL,TOTAL,TOTAL,2011,United Kingdom,5,,,
UKL12,OTH,T,TOTAL,TOTAL,TOTAL,TOTAL,2011,United Kingdom,5,,,
UKL13,OTH,T,TOTAL,TOTAL,TOTAL,TOTAL,2011,United Kingdom,5,,,
UKL14,OTH,T,TOTAL,TOTAL,TOTAL,TOTAL,2011,United Kingdom,25,,,
UKL15,OTH,T,TOTAL,TOTAL,TOTAL,TOTAL,2011,United Kingdom,5,,,
UKL16,OTH,T,TOTAL,TOTAL,TOTAL,TOTAL,2011,United Kingdom,10,,,
UKL17,OTH,T,TOTAL,TOTAL,TOTAL,TOTAL,2011,United Kingdom,5,,,
UKL18,OTH,T,TOTAL,TOTAL,TOTAL,TOTAL,2011,United Kingdom,10,,,
UKL2,OTH,T,TOTAL,TOTAL,TOTAL,TOTAL,2011,United Kingdom,65,,,
UKL21,OTH,T,TOTAL,TOTAL,TOTAL,TOTAL,2011,United Kingdom,15,,,
UKL22,OTH,T,TOTAL,TOTAL,TOTAL,TOTAL,2011,United Kingdom,35,,,
UKL23,OTH,T,TOTAL,TOTAL,TOTAL,TOTAL,2011,United Kingdom,10,,,
UKL24,OTH,T,TOTAL,TOTAL,TOTAL,TOTAL,2011,United Kingdom,5,,,
UKM,OTH,T,TOTAL,TOTAL,TOTAL,TOTAL,2011,United Kingdom,245,,,
UKM2,OTH,T,TOTAL,TOTAL,TOTAL,TOTAL,2011,United Kingdom,110,,,
UKM21,OTH,T,TOTAL,TOTAL,TOTAL,TOTAL,2011,United Kingdom,10,,,
UKM22,OTH,T,TOTAL,TOTAL,TOTAL,TOTAL,2011,United Kingdom,20,,,
UKM23,OTH,T,TOTAL,TOTAL,TOTAL,TOTAL,2011,United Kingdom,5,,,
UKM24,OTH,T,TOTAL,TOTAL,TOTAL,TOTAL,2011,United Kingdom,5,,,
UKM25,OTH,T,TOTAL,TOTAL,TOTAL,TOTAL,2011,United Kingdom,55,,,
UKM26,OTH,T,TOTAL,TOTAL,TOTAL,TOTAL,2011,United Kingdom,0,,,
UKM27,OTH,T,TOTAL,TOTAL,TOTAL,TOTAL,2011,United Kingdom,10,,,
UKM28,OTH,T,TOTAL,TOTAL,TOTAL,TOTAL,2011,United Kingdom,5,,,
UKM3,OTH,T,TOTAL,TOTAL,TOTAL,TOTAL,2011,United Kingdom,100,,,
UKM31,OTH,T,TOTAL,TOTAL,TOTAL,TOTAL,2011,United Kingdom,15,,,
UKM32,OTH,T,TOTAL,TOTAL,TOTAL,TOTAL,2011,United Kingdom,5,,,
UKM33,OTH,T,TOTAL,TOTAL,TOTAL,TOTAL,2011,United Kingdom,5,,,
UKM34,OTH,T,TOTAL,TOTAL,TOTAL,TOTAL,2011,United Kingdom,50,,,
UKM35,OTH,T,TOTAL,TOTAL,TOTAL,TOTAL,2011,United Kingdom,10,,,
UKM36,OTH,T,TOTAL,TOTAL,TOTAL,TOTAL,2011,United Kingdom,5,,,
UKM37,OTH,T,TOTAL,TOTAL,TOTAL,TOTAL,2011,United Kingdom,10,,,
UKM38,OTH,T,TOTAL,TOTAL,TOTAL,TOTAL,2011,United Kingdom,5,,,
UKM5,OTH,T,TOTAL,TOTAL,TOTAL,TOTAL,2011,United Kingdom,20,,,
UKM50,OTH,T,TOTAL,TOTAL,TOTAL,TOTAL,2011,United Kingdom,20,,,
UKM6,OTH,T,TOTAL,TOTAL,TOTAL,TOTAL,2011,United Kingdom,10,,,
UKM61,OTH,T,TOTAL,TOTAL,TOTAL,TOTAL,2011,United Kingdom,0,,,
UKM62,OTH,T,TOTAL,TOTAL,TOTAL,TOTAL,2011,United Kingdom,5,,,
UKM63,OTH,T,TOTAL,TOTAL,TOTAL,TOTAL,2011,United Kingdom,5,,,
UKM64,OTH,T,TOTAL,TOTAL,TOTAL,TOTAL,2011,United Kingdom,0,,,
UKM65,OTH,T,TOTAL,TOTAL,TOTAL,TOTAL,2011,United Kingdom,0,,,
UKM66,OTH,T,TOTAL,TOTAL,TOTAL,TOTAL,2011,United Kingdom,0,,,
UKN,OTH,T,TOTAL,TOTAL,TOTAL,TOTAL,2011,United Kingdom,60,,,
UKN0,OTH,T,TOTAL,TOTAL,TOTAL,TOTAL,2011,United Kingdom,60,,,
UKN01,OTH,T,TOTAL,TOTAL,TOTAL,TOTAL,2011,United Kingdom,20,,,
UKN02,OTH,T,TOTAL,TOTAL,TOTAL,TOTAL,2011,United Kingdom,20,,,
UKN03,OTH,T,TOTAL,TOTAL,TOTAL,TOTAL,2011,United Kingdom,15,,,
UKN04,OTH,T,TOTAL,TOTAL,TOTAL,TOTAL,2011,United Kingdom,5,,,
UKN05,OTH,T,TOTAL,TOTAL,TOTAL,TOTAL,2011,United Kingdom,5,,,
UKZ,OTH,T,TOTAL,TOTAL,TOTAL,TOTAL,2011,United Kingdom,0,,,
UKZZ,OTH,T,TOTAL,TOTAL,TOTAL,TOTAL,2011,United Kingdom,0,,,
UKZZZ,OTH,T,TOTAL,TOTAL,TOTAL,TOTAL,2011,United Kingdom,0,,,
UK,UNK,T,TOTAL,TOTAL,TOTAL,TOTAL,2011,United Kingdom,0,,,
UKC,UNK,T,TOTAL,TOTAL,TOTAL,TOTAL,2011,United Kingdom,0,,,
UKC1,UNK,T,TOTAL,TOTAL,TOTAL,TOTAL,2011,United Kingdom,0,,,
UKC11,UNK,T,TOTAL,TOTAL,TOTAL,TOTAL,2011,United Kingdom,0,,,
UKC12,UNK,T,TOTAL,TOTAL,TOTAL,TOTAL,2011,United Kingdom,0,,,
UKC13,UNK,T,TOTAL,TOTAL,TOTAL,TOTAL,2011,United Kingdom,0,,,
UKC14,UNK,T,TOTAL,TOTAL,TOTAL,TOTAL,2011,United Kingdom,0,,,
UKC2,UNK,T,TOTAL,TOTAL,TOTAL,TOTAL,2011,United Kingdom,0,,,
UKC21,UNK,T,TOTAL,TOTAL,TOTAL,TOTAL,2011,United Kingdom,0,,,
UKC22,UNK,T,TOTAL,TOTAL,TOTAL,TOTAL,2011,United Kingdom,0,,,
UKC23,UNK,T,TOTAL,TOTAL,TOTAL,TOTAL,2011,United Kingdom,0,,,
UKD,UNK,T,TOTAL,TOTAL,TOTAL,TOTAL,2011,United Kingdom,0,,,
UKD1,UNK,T,TOTAL,TOTAL,TOTAL,TOTAL,2011,United Kingdom,0,,,
UKD11,UNK,T,TOTAL,TOTAL,TOTAL,TOTAL,2011,United Kingdom,0,,,
UKD12,UNK,T,TOTAL,TOTAL,TOTAL,TOTAL,2011,United Kingdom,0,,,
UKD3,UNK,T,TOTAL,TOTAL,TOTAL,TOTAL,2011,United Kingdom,0,,,
UKD31,UNK,T,TOTAL,TOTAL,TOTAL,TOTAL,2011,United Kingdom,0,,,
UKD32,UNK,T,TOTAL,TOTAL,TOTAL,TOTAL,2011,United Kingdom,0,,,
UKD4,UNK,T,TOTAL,TOTAL,TOTAL,TOTAL,2011,United Kingdom,0,,,
UKD41,UNK,T,TOTAL,TOTAL,TOTAL,TOTAL,2011,United Kingdom,0,,,
UKD42,UNK,T,TOTAL,TOTAL,TOTAL,TOTAL,2011,United Kingdom,0,,,
UKD43,UNK,T,TOTAL,TOTAL,TOTAL,TOTAL,2011,United Kingdom,0,,,
UKD6,UNK,T,TOTAL,TOTAL,TOTAL,TOTAL,2011,United Kingdom,0,,,
UKD61,UNK,T,TOTAL,TOTAL,TOTAL,TOTAL,2011,United Kingdom,0,,,
UKD62,UNK,T,TOTAL,TOTAL,TOTAL,TOTAL,2011,United Kingdom,0,,,
UKD63,UNK,T,TOTAL,TOTAL,TOTAL,TOTAL,2011,United Kingdom,0,,,
UKD7,UNK,T,TOTAL,TOTAL,TOTAL,TOTAL,2011,United Kingdom,0,,,
UKD71,UNK,T,TOTAL,TOTAL,TOTAL,TOTAL,2011,United Kingdom,0,,,
UKD72,UNK,T,TOTAL,TOTAL,TOTAL,TOTAL,2011,United Kingdom,0,,,
UKD73,UNK,T,TOTAL,TOTAL,TOTAL,TOTAL,2011,United Kingdom,0,,,
UKD74,UNK,T,TOTAL,TOTAL,TOTAL,TOTAL,2011,United Kingdom,0,,,
UKE,UNK,T,TOTAL,TOTAL,TOTAL,TOTAL,2011,United Kingdom,0,,,
UKE1,UNK,T,TOTAL,TOTAL,TOTAL,TOTAL,2011,United Kingdom,0,,,
UKE11,UNK,T,TOTAL,TOTAL,TOTAL,TOTAL,2011,United Kingdom,0,,,
UKE12,UNK,T,TOTAL,TOTAL,TOTAL,TOTAL,2011,United Kingdom,0,,,
UKE13,UNK,T,TOTAL,TOTAL,TOTAL,TOTAL,2011,United Kingdom,0,,,
UKE2,UNK,T,TOTAL,TOTAL,TOTAL,TOTAL,2011,United Kingdom,0,,,
UKE21,UNK,T,TOTAL,TOTAL,TOTAL,TOTAL,2011,United Kingdom,0,,,
UKE22,UNK,T,TOTAL,TOTAL,TOTAL,TOTAL,2011,United Kingdom,0,,,
UKE3,UNK,T,TOTAL,TOTAL,TOTAL,TOTAL,2011,United Kingdom,0,,,
UKE31,UNK,T,TOTAL,TOTAL,TOTAL,TOTAL,2011,United Kingdom,0,,,
UKE32,UNK,T,TOTAL,TOTAL,TOTAL,TOTAL,2011,United Kingdom,0,,,
UKE4,UNK,T,TOTAL,TOTAL,TOTAL,TOTAL,2011,United Kingdom,0,,,
UKE41,UNK,T,TOTAL,TOTAL,TOTAL,TOTAL,2011,United Kingdom,0,,,
UKE42,UNK,T,TOTAL,TOTAL,TOTAL,TOTAL,2011,United Kingdom,0,,,
UKE44,UNK,T,TOTAL,TOTAL,TOTAL,TOTAL,2011,United Kingdom,0,,,
UKE45,UNK,T,TOTAL,TOTAL,TOTAL,TOTAL,2011,United Kingdom,0,,,
UKF,UNK,T,TOTAL,TOTAL,TOTAL,TOTAL,2011,United Kingdom,0,,,
UKF1,UNK,T,TOTAL,TOTAL,TOTAL,TOTAL,2011,United Kingdom,0,,,
UKF11,UNK,T,TOTAL,TOTAL,TOTAL,TOTAL,2011,United Kingdom,0,,,
UKF12,UNK,T,TOTAL,TOTAL,TOTAL,TOTAL,2011,United Kingdom,0,,,
UKF13,UNK,T,TOTAL,TOTAL,TOTAL,TOTAL,2011,United Kingdom,0,,,
UKF14,UNK,T,TOTAL,TOTAL,TOTAL,TOTAL,2011,United Kingdom,0,,,
UKF15,UNK,T,TOTAL,TOTAL,TOTAL,TOTAL,2011,United Kingdom,0,,,
UKF16,UNK,T,TOTAL,TOTAL,TOTAL,TOTAL,2011,United Kingdom,0,,,
UKF2,UNK,T,TOTAL,TOTAL,TOTAL,TOTAL,2011,United Kingdom,0,,,
UKF21,UNK,T,TOTAL,TOTAL,TOTAL,TOTAL,2011,United Kingdom,0,,,
UKF22,UNK,T,TOTAL,TOTAL,TOTAL,TOTAL,2011,United Kingdom,0,,,
UKF24,UNK,T,TOTAL,TOTAL,TOTAL,TOTAL,2011,United Kingdom,0,,,
UKF25,UNK,T,TOTAL,TOTAL,TOTAL,TOTAL,2011,United Kingdom,0,,,
UKF3,UNK,T,TOTAL,TOTAL,TOTAL,TOTAL,2011,United Kingdom,0,,,
UKF30,UNK,T,TOTAL,TOTAL,TOTAL,TOTAL,2011,United Kingdom,0,,,
UKG,UNK,T,TOTAL,TOTAL,TOTAL,TOTAL,2011,United Kingdom,0,,,
UKG1,UNK,T,TOTAL,TOTAL,TOTAL,TOTAL,2011,United Kingdom,0,,,
UKG11,UNK,T,TOTAL,TOTAL,TOTAL,TOTAL,2011,United Kingdom,0,,,
UKG12,UNK,T,TOTAL,TOTAL,TOTAL,TOTAL,2011,United Kingdom,0,,,
UKG13,UNK,T,TOTAL,TOTAL,TOTAL,TOTAL,2011,United Kingdom,0,,,
UKG2,UNK,T,TOTAL,TOTAL,TOTAL,TOTAL,2011,United Kingdom,0,,,
UKG21,UNK,T,TOTAL,TOTAL,TOTAL,TOTAL,2011,United Kingdom,0,,,
UKG22,UNK,T,TOTAL,TOTAL,TOTAL,TOTAL,2011,United Kingdom,0,,,
UKG23,UNK,T,TOTAL,TOTAL,TOTAL,TOTAL,2011,United Kingdom,0,,,
UKG24,UNK,T,TOTAL,TOTAL,TOTAL,TOTAL,2011,United Kingdom,0,,,
UKG3,UNK,T,TOTAL,TOTAL,TOTAL,TOTAL,2011,United Kingdom,0,,,
UKG31,UNK,T,TOTAL,TOTAL,TOTAL,TOTAL,2011,United Kingdom,0,,,
UKG32,UNK,T,TOTAL,TOTAL,TOTAL,TOTAL,2011,United Kingdom,0,,,
UKG33,UNK,T,TOTAL,TOTAL,TOTAL,TOTAL,2011,United Kingdom,0,,,
UKG36,UNK,T,TOTAL,TOTAL,TOTAL,TOTAL,2011,United Kingdom,0,,,
UKG37,UNK,T,TOTAL,TOTAL,TOTAL,TOTAL,2011,United Kingdom,0,,,
UKG38,UNK,T,TOTAL,TOTAL,TOTAL,TOTAL,2011,United Kingdom,0,,,
UKG39,UNK,T,TOTAL,TOTAL,TOTAL,TOTAL,2011,United Kingdom,0,,,
UKH,UNK,T,TOTAL,TOTAL,TOTAL,TOTAL,2011,United Kingdom,0,,,
UKH1,UNK,T,TOTAL,TOTAL,TOTAL,TOTAL,2011,United Kingdom,0,,,
UKH11,UNK,T,TOTAL,TOTAL,TOTAL,TOTAL,2011,United Kingdom,0,,,
UKH12,UNK,T,TOTAL,TOTAL,TOTAL,TOTAL,2011,United Kingdom,0,,,
UKH13,UNK,T,TOTAL,TOTAL,TOTAL,TOTAL,2011,United Kingdom,0,,,
UKH14,UNK,T,TOTAL,TOTAL,TOTAL,TOTAL,2011,United Kingdom,0,,,
UKH2,UNK,T,TOTAL,TOTAL,TOTAL,TOTAL,2011,United Kingdom,0,,,
UKH21,UNK,T,TOTAL,TOTAL,TOTAL,TOTAL,2011,United Kingdom,0,,,
UKH23,UNK,T,TOTAL,TOTAL,TOTAL,TOTAL,2011,United Kingdom,0,,,
UKH24,UNK,T,TOTAL,TOTAL,TOTAL,TOTAL,2011,United Kingdom,0,,,
UKH25,UNK,T,TOTAL,TOTAL,TOTAL,TOTAL,2011,United Kingdom,0,,,
UKH3,UNK,T,TOTAL,TOTAL,TOTAL,TOTAL,2011,United Kingdom,0,,,
UKH31,UNK,T,TOTAL,TOTAL,TOTAL,TOTAL,2011,United Kingdom,0,,,
UKH32,UNK,T,TOTAL,TOTAL,TOTAL,TOTAL,2011,United Kingdom,0,,,
UKH33,UNK,T,TOTAL,TOTAL,TOTAL,TOTAL,2011,United Kingdom,0,,,
UKI,UNK,T,TOTAL,TOTAL,TOTAL,TOTAL,2011,United Kingdom,0,,,
UKI1,UNK,T,TOTAL,TOTAL,TOTAL,TOTAL,2011,United Kingdom,0,,,
UKI11,UNK,T,TOTAL,TOTAL,TOTAL,TOTAL,2011,United Kingdom,0,,,
UKI12,UNK,T,TOTAL,TOTAL,TOTAL,TOTAL,2011,United Kingdom,0,,,
UKI2,UNK,T,TOTAL,TOTAL,TOTAL,TOTAL,2011,United Kingdom,0,,,
UKI21,UNK,T,TOTAL,TOTAL,TOTAL,TOTAL,2011,United Kingdom,0,,,
UKI22,UNK,T,TOTAL,TOTAL,TOTAL,TOTAL,2011,United Kingdom,0,,,
UKI23,UNK,T,TOTAL,TOTAL,TOTAL,TOTAL,2011,United Kingdom,0,,,
UKJ,UNK,T,TOTAL,TOTAL,TOTAL,TOTAL,2011,United Kingdom,0,,,
UKJ1,UNK,T,TOTAL,TOTAL,TOTAL,TOTAL,2011,United Kingdom,0,,,
UKJ11,UNK,T,TOTAL,TOTAL,TOTAL,TOTAL,2011,United Kingdom,0,,,
UKJ12,UNK,T,TOTAL,TOTAL,TOTAL,TOTAL,2011,United Kingdom,0,,,
UKJ13,UNK,T,TOTAL,TOTAL,TOTAL,TOTAL,2011,United Kingdom,0,,,
UKJ14,UNK,T,TOTAL,TOTAL,TOTAL,TOTAL,2011,United Kingdom,0,,,
UKJ2,UNK,T,TOTAL,TOTAL,TOTAL,TOTAL,2011,United Kingdom,0,,,
UKJ21,UNK,T,TOTAL,TOTAL,TOTAL,TOTAL,2011,United Kingdom,0,,,
UKJ22,UNK,T,TOTAL,TOTAL,TOTAL,TOTAL,2011,United Kingdom,0,,,
UKJ23,UNK,T,TOTAL,TOTAL,TOTAL,TOTAL,2011,United Kingdom,0,,,
UKJ24,UNK,T,TOTAL,TOTAL,TOTAL,TOTAL,2011,United Kingdom,0,,,
UKJ3,UNK,T,TOTAL,TOTAL,TOTAL,TOTAL,2011,United Kingdom,0,,,
UKJ31,UNK,T,TOTAL,TOTAL,TOTAL,TOTAL,2011,United Kingdom,0,,,
UKJ32,UNK,T,TOTAL,TOTAL,TOTAL,TOTAL,2011,United Kingdom,0,,,
UKJ33,UNK,T,TOTAL,TOTAL,TOTAL,TOTAL,2011,United Kingdom,0,,,
UKJ34,UNK,T,TOTAL,TOTAL,TOTAL,TOTAL,2011,United Kingdom,0,,,
UKJ4,UNK,T,TOTAL,TOTAL,TOTAL,TOTAL,2011,United Kingdom,0,,,
UKJ41,UNK,T,TOTAL,TOTAL,TOTAL,TOTAL,2011,United Kingdom,0,,,
UKJ42,UNK,T,TOTAL,TOTAL,TOTAL,TOTAL,2011,United Kingdom,0,,,
UKK,UNK,T,TOTAL,TOTAL,TOTAL,TOTAL,2011,United Kingdom,0,,,
UKK1,UNK,T,TOTAL,TOTAL,TOTAL,TOTAL,2011,United Kingdom,0,,,
UKK11,UNK,T,TOTAL,TOTAL,TOTAL,TOTAL,2011,United Kingdom,0,,,
UKK12,UNK,T,TOTAL,TOTAL,TOTAL,TOTAL,2011,United Kingdom,0,,,
UKK13,UNK,T,TOTAL,TOTAL,TOTAL,TOTAL,2011,United Kingdom,0,,,
UKK14,UNK,T,TOTAL,TOTAL,TOTAL,TOTAL,2011,United Kingdom,0,,,
UKK15,UNK,T,TOTAL,TOTAL,TOTAL,TOTAL,2011,United Kingdom,0,,,
UKK2,UNK,T,TOTAL,TOTAL,TOTAL,TOTAL,2011,United Kingdom,0,,,
UKK21,UNK,T,TOTAL,TOTAL,TOTAL,TOTAL,2011,United Kingdom,0,,,
UKK22,UNK,T,TOTAL,TOTAL,TOTAL,TOTAL,2011,United Kingdom,0,,,
UKK23,UNK,T,TOTAL,TOTAL,TOTAL,TOTAL,2011,United Kingdom,0,,,
UKK3,UNK,T,TOTAL,TOTAL,TOTAL,TOTAL,2011,United Kingdom,0,,,
UKK30,UNK,T,TOTAL,TOTAL,TOTAL,TOTAL,2011,United Kingdom,0,,,
UKK4,UNK,T,TOTAL,TOTAL,TOTAL,TOTAL,2011,United Kingdom,0,,,
UKK41,UNK,T,TOTAL,TOTAL,TOTAL,TOTAL,2011,United Kingdom,0,,,
UKK42,UNK,T,TOTAL,TOTAL,TOTAL,TOTAL,2011,United Kingdom,0,,,
UKK43,UNK,T,TOTAL,TOTAL,TOTAL,TOTAL,2011,United Kingdom,0,,,
UKL,UNK,T,TOTAL,TOTAL,TOTAL,TOTAL,2011,United Kingdom,0,,,
UKL1,UNK,T,TOTAL,TOTAL,TOTAL,TOTAL,2011,United Kingdom,0,,,
UKL11,UNK,T,TOTAL,TOTAL,TOTAL,TOTAL,2011,United Kingdom,0,,,
UKL12,UNK,T,TOTAL,TOTAL,TOTAL,TOTAL,2011,United Kingdom,0,,,
UKL13,UNK,T,TOTAL,TOTAL,TOTAL,TOTAL,2011,United Kingdom,0,,,
UKL14,UNK,T,TOTAL,TOTAL,TOTAL,TOTAL,2011,United Kingdom,0,,,
UKL15,UNK,T,TOTAL,TOTAL,TOTAL,TOTAL,2011,United Kingdom,0,,,
UKL16,UNK,T,TOTAL,TOTAL,TOTAL,TOTAL,2011,United Kingdom,0,,,
UKL17,UNK,T,TOTAL,TOTAL,TOTAL,TOTAL,2011,United Kingdom,0,,,
UKL18,UNK,T,TOTAL,TOTAL,TOTAL,TOTAL,2011,United Kingdom,0,,,
UKL2,UNK,T,TOTAL,TOTAL,TOTAL,TOTAL,2011,United Kingdom,0,,,
UKL21,UNK,T,TOTAL,TOTAL,TOTAL,TOTAL,2011,United Kingdom,0,,,
UKL22,UNK,T,TOTAL,TOTAL,TOTAL,TOTAL,2011,United Kingdom,0,,,
UKL23,UNK,T,TOTAL,TOTAL,TOTAL,TOTAL,2011,United Kingdom,0,,,
UKL24,UNK,T,TOTAL,TOTAL,TOTAL,TOTAL,2011,United Kingdom,0,,,
UKM,UNK,T,TOTAL,TOTAL,TOTAL,TOTAL,2011,United Kingdom,0,,,
UKM2,UNK,T,TOTAL,TOTAL,TOTAL,TOTAL,2011,United Kingdom,0,,,
UKM21,UNK,T,TOTAL,TOTAL,TOTAL,TOTAL,2011,United Kingdom,0,,,
UKM22,UNK,T,TOTAL,TOTAL,TOTAL,TOTAL,2011,United Kingdom,0,,,
UKM23,UNK,T,TOTAL,TOTAL,TOTAL,TOTAL,2011,United Kingdom,0,,,
UKM24,UNK,T,TOTAL,TOTAL,TOTAL,TOTAL,2011,United Kingdom,0,,,
UKM25,UNK,T,TOTAL,TOTAL,TOTAL,TOTAL,2011,United Kingdom,0,,,
UKM26,UNK,T,TOTAL,TOTAL,TOTAL,TOTAL,2011,United Kingdom,0,,,
UKM27,UNK,T,TOTAL,TOTAL,TOTAL,TOTAL,2011,United Kingdom,0,,,
UKM28,UNK,T,TOTAL,TOTAL,TOTAL,TOTAL,2011,United Kingdom,0,,,
UKM3,UNK,T,TOTAL,TOTAL,TOTAL,TOTAL,2011,United Kingdom,0,,,
UKM31,UNK,T,TOTAL,TOTAL,TOTAL,TOTAL,2011,United Kingdom,0,,,
UKM32,UNK,T,TOTAL,TOTAL,TOTAL,TOTAL,2011,United Kingdom,0,,,
UKM33,UNK,T,TOTAL,TOTAL,TOTAL,TOTAL,2011,United Kingdom,0,,,
UKM34,UNK,T,TOTAL,TOTAL,TOTAL,TOTAL,2011,United Kingdom,0,,,
UKM35,UNK,T,TOTAL,TOTAL,TOTAL,TOTAL,2011,United Kingdom,0,,,
UKM36,UNK,T,TOTAL,TOTAL,TOTAL,TOTAL,2011,United Kingdom,0,,,
UKM37,UNK,T,TOTAL,TOTAL,TOTAL,TOTAL,2011,United Kingdom,0,,,
UKM38,UNK,T,TOTAL,TOTAL,TOTAL,TOTAL,2011,United Kingdom,0,,,
UKM5,UNK,T,TOTAL,TOTAL,TOTAL,TOTAL,2011,United Kingdom,0,,,
UKM50,UNK,T,TOTAL,TOTAL,TOTAL,TOTAL,2011,United Kingdom,0,,,
UKM6,UNK,T,TOTAL,TOTAL,TOTAL,TOTAL,2011,United Kingdom,0,,,
UKM61,UNK,T,TOTAL,TOTAL,TOTAL,TOTAL,2011,United Kingdom,0,,,
UKM62,UNK,T,TOTAL,TOTAL,TOTAL,TOTAL,2011,United Kingdom,0,,,
UKM63,UNK,T,TOTAL,TOTAL,TOTAL,TOTAL,2011,United Kingdom,0,,,
UKM64,UNK,T,TOTAL,TOTAL,TOTAL,TOTAL,2011,United Kingdom,0,,,
UKM65,UNK,T,TOTAL,TOTAL,TOTAL,TOTAL,2011,United Kingdom,0,,,
UKM66,UNK,T,TOTAL,TOTAL,TOTAL,TOTAL,2011,United Kingdom,0,,,
UKN,UNK,T,TOTAL,TOTAL,TOTAL,TOTAL,2011,United Kingdom,0,,,
UKN0,UNK,T,TOTAL,TOTAL,TOTAL,TOTAL,2011,United Kingdom,0,,,
UKN01,UNK,T,TOTAL,TOTAL,TOTAL,TOTAL,2011,United Kingdom,0,,,
UKN02,UNK,T,TOTAL,TOTAL,TOTAL,TOTAL,2011,United Kingdom,0,,,
UKN03,UNK,T,TOTAL,TOTAL,TOTAL,TOTAL,2011,United Kingdom,0,,,
UKN04,UNK,T,TOTAL,TOTAL,TOTAL,TOTAL,2011,United Kingdom,0,,,
UKN05,UNK,T,TOTAL,TOTAL,TOTAL,TOTAL,2011,United Kingdom,0,,,
UKZ,UNK,T,TOTAL,TOTAL,TOTAL,TOTAL,2011,United Kingdom,0,,,
UKZZ,UNK,T,TOTAL,TOTAL,TOTAL,TOTAL,2011,United Kingdom,0,,,
UKZZZ,UNK,T,TOTAL,TOTAL,TOTAL,TOTAL,2011,United Kingdom,0,,,
SK,NAT,T,TOTAL,TOTAL,TOTAL,TOTAL,2011,Slovakia,4987408,,,
SK0,NAT,T,TOTAL,TOTAL,TOTAL,TOTAL,2011,Slovakia,4987408,,,
SK01,NAT,T,TOTAL,TOTAL,TOTAL,TOTAL,2011,Slovakia,566391,,,
SK010,NAT,T,TOTAL,TOTAL,TOTAL,TOTAL,2011,Slovakia,566391,,,
SK02,NAT,T,TOTAL,TOTAL,TOTAL,TOTAL,2011,Slovakia,1714943,,,
SK021,NAT,T,TOTAL,TOTAL,TOTAL,TOTAL,2011,Slovakia,527200,,,
SK022,NAT,T,TOTAL,TOTAL,TOTAL,TOTAL,2011,Slovakia,547059,,,
SK023,NAT,T,TOTAL,TOTAL,TOTAL,TOTAL,2011,Slovakia,640684,,,
SK03,NAT,T,TOTAL,TOTAL,TOTAL,TOTAL,2011,Slovakia,1238670,,,
SK031,NAT,T,TOTAL,TOTAL,TOTAL,TOTAL,2011,Slovakia,644225,,,
SK032,NAT,T,TOTAL,TOTAL,TOTAL,TOTAL,2011,Slovakia,594445,,,
SK04,NAT,T,TOTAL,TOTAL,TOTAL,TOTAL,2011,Slovakia,1467404,,,
SK041,NAT,T,TOTAL,TOTAL,TOTAL,TOTAL,2011,Slovakia,749950,,,
SK042,NAT,T,TOTAL,TOTAL,TOTAL,TOTAL,2011,Slovakia,717454,,,
SKZ,NAT,T,TOTAL,TOTAL,TOTAL,TOTAL,2011,Slovakia,0,,,
SKZZ,NAT,T,TOTAL,TOTAL,TOTAL,TOTAL,2011,Slovakia,0,,,
SKZZZ,NAT,T,TOTAL,TOTAL,TOTAL,TOTAL,2011,Slovakia,0,,,
SK,FOR,T,TOTAL,TOTAL,TOTAL,TOTAL,2011,Slovakia,149662,,,
SK0,FOR,T,TOTAL,TOTAL,TOTAL,TOTAL,2011,Slovakia,149662,,,
SK01,FOR,T,TOTAL,TOTAL,TOTAL,TOTAL,2011,Slovakia,23543,,,
SK010,FOR,T,TOTAL,TOTAL,TOTAL,TOTAL,2011,Slovakia,23543,,,
SK02,FOR,T,TOTAL,TOTAL,TOTAL,TOTAL,2011,Slovakia,57218,,,
SK021,FOR,T,TOTAL,TOTAL,TOTAL,TOTAL,2011,Slovakia,17759,,,
SK022,FOR,T,TOTAL,TOTAL,TOTAL,TOTAL,2011,Slovakia,18249,,,
SK023,FOR,T,TOTAL,TOTAL,TOTAL,TOTAL,2011,Slovakia,21210,,,
SK03,FOR,T,TOTAL,TOTAL,TOTAL,TOTAL,2011,Slovakia,32742,,,
SK031,FOR,T,TOTAL,TOTAL,TOTAL,TOTAL,2011,Slovakia,16715,,,
SK032,FOR,T,TOTAL,TOTAL,TOTAL,TOTAL,2011,Slovakia,16027,,,
SK04,FOR,T,TOTAL,TOTAL,TOTAL,TOTAL,2011,Slovakia,36159,,,
SK041,FOR,T,TOTAL,TOTAL,TOTAL,TOTAL,2011,Slovakia,17008,,,
SK042,FOR,T,TOTAL,TOTAL,TOTAL,TOTAL,2011,Slovakia,19151,,,
SKZ,FOR,T,TOTAL,TOTAL,TOTAL,TOTAL,2011,Slovakia,0,,,
SKZZ,FOR,T,TOTAL,TOTAL,TOTAL,TOTAL,2011,Slovakia,0,,,
SKZZZ,FOR,T,TOTAL,TOTAL,TOTAL,TOTAL,2011,Slovakia,0,,,
SK,OTH,T,TOTAL,TOTAL,TOTAL,TOTAL,2011,Slovakia,46,,,
SK0,OTH,T,TOTAL,TOTAL,TOTAL,TOTAL,2011,Slovakia,46,,,
SK01,OTH,T,TOTAL,TOTAL,TOTAL,TOTAL,2011,Slovakia,14,,,
SK010,OTH,T,TOTAL,TOTAL,TOTAL,TOTAL,2011,Slovakia,14,,,
SK02,OTH,T,TOTAL,TOTAL,TOTAL,TOTAL,2011,Slovakia,14,,,
SK021,OTH,T,TOTAL,TOTAL,TOTAL,TOTAL,2011,Slovakia,3,,,
SK022,OTH,T,TOTAL,TOTAL,TOTAL,TOTAL,2011,Slovakia,5,,,
SK023,OTH,T,TOTAL,TOTAL,TOTAL,TOTAL,2011,Slovakia,6,,,
SK03,OTH,T,TOTAL,TOTAL,TOTAL,TOTAL,2011,Slovakia,9,,,
SK031,OTH,T,TOTAL,TOTAL,TOTAL,TOTAL,2011,Slovakia,4,,,
SK032,OTH,T,TOTAL,TOTAL,TOTAL,TOTAL,2011,Slovakia,5,,,
SK04,OTH,T,TOTAL,TOTAL,TOTAL,TOTAL,2011,Slovakia,9,,,
SK041,OTH,T,TOTAL,TOTAL,TOTAL,TOTAL,2011,Slovakia,0,,,
SK042,OTH,T,TOTAL,TOTAL,TOTAL,TOTAL,2011,Slovakia,9,,,
SKZ,OTH,T,TOTAL,TOTAL,TOTAL,TOTAL,2011,Slovakia,0,,,
SKZZ,OTH,T,TOTAL,TOTAL,TOTAL,TOTAL,2011,Slovakia,0,,,
SKZZZ,OTH,T,TOTAL,TOTAL,TOTAL,TOTAL,2011,Slovakia,0,,,
SK,UNK,T,TOTAL,TOTAL,TOTAL,TOTAL,2011,Slovakia,259920,,,
SK0,UNK,T,TOTAL,TOTAL,TOTAL,TOTAL,2011,Slovakia,259920,,,
SK01,UNK,T,TOTAL,TOTAL,TOTAL,TOTAL,2011,Slovakia,12488,,,
SK010,UNK,T,TOTAL,TOTAL,TOTAL,TOTAL,2011,Slovakia,12488,,,
SK02,UNK,T,TOTAL,TOTAL,TOTAL,TOTAL,2011,Slovakia,66761,,,
SK021,UNK,T,TOTAL,TOTAL,TOTAL,TOTAL,2011,Slovakia,9779,,,
SK022,UNK,T,TOTAL,TOTAL,TOTAL,TOTAL,2011,Slovakia,29015,,,
SK023,UNK,T,TOTAL,TOTAL,TOTAL,TOTAL,2011,Slovakia,27967,,,
SK03,UNK,T,TOTAL,TOTAL,TOTAL,TOTAL,2011,Slovakia,77993,,,
SK031,UNK,T,TOTAL,TOTAL,TOTAL,TOTAL,2011,Slovakia,27907,,,
SK032,UNK,T,TOTAL,TOTAL,TOTAL,TOTAL,2011,Slovakia,50086,,,
SK04,UNK,T,TOTAL,TOTAL,TOTAL,TOTAL,2011,Slovakia,102678,,,
SK041,UNK,T,TOTAL,TOTAL,TOTAL,TOTAL,2011,Slovakia,47569,,,
SK042,UNK,T,TOTAL,TOTAL,TOTAL,TOTAL,2011,Slovakia,55109,,,
SKZ,UNK,T,TOTAL,TOTAL,TOTAL,TOTAL,2011,Slovakia,0,,,
SKZZ,UNK,T,TOTAL,TOTAL,TOTAL,TOTAL,2011,Slovakia,0,,,
SKZZZ,UNK,T,TOTAL,TOTAL,TOTAL,TOTAL,2011,Slovakia,0,,,
IE,NAT,T,TOTAL,TOTAL,TOTAL,TOTAL,2011,Ireland,3758511,,,
IE0,NAT,T,TOTAL,TOTAL,TOTAL,TOTAL,2011,Ireland,3758511,,,
IE01,NAT,T,TOTAL,TOTAL,TOTAL,TOTAL,2011,Ireland,1012242,,,
IE011,NAT,T,TOTAL,TOTAL,TOTAL,TOTAL,2011,Ireland,411759,,,
IE012,NAT,T,TOTAL,TOTAL,TOTAL,TOTAL,2011,Ireland,240100,,,
IE013,NAT,T,TOTAL,TOTAL,TOTAL,TOTAL,2011,Ireland,360383,,,
IE02,NAT,T,TOTAL,TOTAL,TOTAL,TOTAL,2011,Ireland,2746269,,,
IE021,NAT,T,TOTAL,TOTAL,TOTAL,TOTAL,2011,Ireland,995828,,,
IE022,NAT,T,TOTAL,TOTAL,TOTAL,TOTAL,2011,Ireland,446887,,,
IE023,NAT,T,TOTAL,TOTAL,TOTAL,TOTAL,2011,Ireland,321339,,,
IE024,NAT,T,TOTAL,TOTAL,TOTAL,TOTAL,2011,Ireland,427850,,,
IE025,NAT,T,TOTAL,TOTAL,TOTAL,TOTAL,2011,Ireland,554365,,,
IEZ,NAT,T,TOTAL,TOTAL,TOTAL,TOTAL,2011,Ireland,0,,,
IEZZ,NAT,T,TOTAL,TOTAL,TOTAL,TOTAL,2011,Ireland,0,,,
IEZZZ,NAT,T,TOTAL,TOTAL,TOTAL,TOTAL,2011,Ireland,0,,,
IE,FOR,T,TOTAL,TOTAL,TOTAL,TOTAL,2011,Ireland,766640,,,
IE0,FOR,T,TOTAL,TOTAL,TOTAL,TOTAL,2011,Ireland,766640,,,
IE01,FOR,T,TOTAL,TOTAL,TOTAL,TOTAL,2011,Ireland,215993,,,
IE011,FOR,T,TOTAL,TOTAL,TOTAL,TOTAL,2011,Ireland,98520,,,
IE012,FOR,T,TOTAL,TOTAL,TOTAL,TOTAL,2011,Ireland,41510,,,
IE013,FOR,T,TOTAL,TOTAL,TOTAL,TOTAL,2011,Ireland,75963,,,
IE02,FOR,T,TOTAL,TOTAL,TOTAL,TOTAL,2011,Ireland,550647,,,
IE021,FOR,T,TOTAL,TOTAL,TOTAL,TOTAL,2011,Ireland,248845,,,
IE022,FOR,T,TOTAL,TOTAL,TOTAL,TOTAL,2011,Ireland,81327,,,
IE023,FOR,T,TOTAL,TOTAL,TOTAL,TOTAL,2011,Ireland,52930,,,
IE024,FOR,T,TOTAL,TOTAL,TOTAL,TOTAL,2011,Ireland,67147,,,
IE025,FOR,T,TOTAL,TOTAL,TOTAL,TOTAL,2011,Ireland,100398,,,
IEZ,FOR,T,TOTAL,TOTAL,TOTAL,TOTAL,2011,Ireland,0,,,
IEZZ,FOR,T,TOTAL,TOTAL,TOTAL,TOTAL,2011,Ireland,0,,,
IEZZZ,FOR,T,TOTAL,TOTAL,TOTAL,TOTAL,2011,Ireland,0,,,
IE,OTH,T,TOTAL,TOTAL,TOTAL,TOTAL,2011,Ireland,130,,,
IE0,OTH,T,TOTAL,TOTAL,TOTAL,TOTAL,2011,Ireland,130,,,
IE01,OTH,T,TOTAL,TOTAL,TOTAL,TOTAL,2011,Ireland,22,,,
IE011,OTH,T,TOTAL,TOTAL,TOTAL,TOTAL,2011,Ireland,8,d,,
IE012,OTH,T,TOTAL,TOTAL,TOTAL,TOTAL,2011,Ireland,1,d,,
IE013,OTH,T,TOTAL,TOTAL,TOTAL,TOTAL,2011,Ireland,13,,,
IE02,OTH,T,TOTAL,TOTAL,TOTAL,TOTAL,2011,Ireland,108,,,
IE021,OTH,T,TOTAL,TOTAL,TOTAL,TOTAL,2011,Ireland,72,,,
IE022,OTH,T,TOTAL,TOTAL,TOTAL,TOTAL,2011,Ireland,4,d,,
IE023,OTH,T,TOTAL,TOTAL,TOTAL,TOTAL,2011,Ireland,6,d,,
IE024,OTH,T,TOTAL,TOTAL,TOTAL,TOTAL,2011,Ireland,13,,,
IE025,OTH,T,TOTAL,TOTAL,TOTAL,TOTAL,2011,Ireland,13,,,
IEZ,OTH,T,TOTAL,TOTAL,TOTAL,TOTAL,2011,Ireland,0,,,
IEZZ,OTH,T,TOTAL,TOTAL,TOTAL,TOTAL,2011,Ireland,0,,,
IEZZZ,OTH,T,TOTAL,TOTAL,TOTAL,TOTAL,2011,Ireland,0,,,
IE,UNK,T,TOTAL,TOTAL,TOTAL,TOTAL,2011,Ireland,49607,,,
IE0,UNK,T,TOTAL,TOTAL,TOTAL,TOTAL,2011,Ireland,49607,,,
IE01,UNK,T,TOTAL,TOTAL,TOTAL,TOTAL,2011,Ireland,11872,,,
IE011,UNK,T,TOTAL,TOTAL,TOTAL,TOTAL,2011,Ireland,5224,,,
IE012,UNK,T,TOTAL,TOTAL,TOTAL,TOTAL,2011,Ireland,2160,,,
IE013,UNK,T,TOTAL,TOTAL,TOTAL,TOTAL,2011,Ireland,4488,,,
IE02,UNK,T,TOTAL,TOTAL,TOTAL,TOTAL,2011,Ireland,37735,,,
IE021,UNK,T,TOTAL,TOTAL,TOTAL,TOTAL,2011,Ireland,16792,,,
IE022,UNK,T,TOTAL,TOTAL,TOTAL,TOTAL,2011,Ireland,5591,,,
IE023,UNK,T,TOTAL,TOTAL,TOTAL,TOTAL,2011,Ireland,3524,,,
IE024,UNK,T,TOTAL,TOTAL,TOTAL,TOTAL,2011,Ireland,4294,,,
IE025,UNK,T,TOTAL,TOTAL,TOTAL,TOTAL,2011,Ireland,7534,,,
IEZ,UNK,T,TOTAL,TOTAL,TOTAL,TOTAL,2011,Ireland,0,,,
IEZZ,UNK,T,TOTAL,TOTAL,TOTAL,TOTAL,2011,Ireland,0,,,
IEZZZ,UNK,T,TOTAL,TOTAL,TOTAL,TOTAL,2011,Ireland,0,,,
EE,NAT,T,TOTAL,TOTAL,TOTAL,TOTAL,2011,Estonia,1096859,,,
EE0,NAT,T,TOTAL,TOTAL,TOTAL,TOTAL,2011,Estonia,1096859,,,
EE00,NAT,T,TOTAL,TOTAL,TOTAL,TOTAL,2011,Estonia,1096859,,,
EE001,NAT,T,TOTAL,TOTAL,TOTAL,TOTAL,2011,Estonia,452953,,,
EE004,NAT,T,TOTAL,TOTAL,TOTAL,TOTAL,2011,Estonia,137194,,,
EE006,NAT,T,TOTAL,TOTAL,TOTAL,TOTAL,2011,Estonia,115982,,,
EE007,NAT,T,TOTAL,TOTAL,TOTAL,TOTAL,2011,Estonia,94077,,,
EE008,NAT,T,TOTAL,TOTAL,TOTAL,TOTAL,2011,Estonia,296653,,,
EEZ,NAT,T,TOTAL,TOTAL,TOTAL,TOTAL,2011,Estonia,0,,,
EEZZ,NAT,T,TOTAL,TOTAL,TOTAL,TOTAL,2011,Estonia,0,,,
EEZZZ,NAT,T,TOTAL,TOTAL,TOTAL,TOTAL,2011,Estonia,0,,,
EE,FOR,T,TOTAL,TOTAL,TOTAL,TOTAL,2011,Estonia,197356,,,
EE0,FOR,T,TOTAL,TOTAL,TOTAL,TOTAL,2011,Estonia,197356,,,
EE00,FOR,T,TOTAL,TOTAL,TOTAL,TOTAL,2011,Estonia,197356,,,
EE001,FOR,T,TOTAL,TOTAL,TOTAL,TOTAL,2011,Estonia,99848,,,
EE004,FOR,T,TOTAL,TOTAL,TOTAL,TOTAL,2011,Estonia,9323,,,
EE006,FOR,T,TOTAL,TOTAL,TOTAL,TOTAL,2011,Estonia,9300,,,
EE007,FOR,T,TOTAL,TOTAL,TOTAL,TOTAL,2011,Estonia,55067,,,
EE008,FOR,T,TOTAL,TOTAL,TOTAL,TOTAL,2011,Estonia,23818,,,
EEZ,FOR,T,TOTAL,TOTAL,TOTAL,TOTAL,2011,Estonia,0,,,
EEZZ,FOR,T,TOTAL,TOTAL,TOTAL,TOTAL,2011,Estonia,0,,,
EEZZZ,FOR,T,TOTAL,TOTAL,TOTAL,TOTAL,2011,Estonia,0,,,
EE,OTH,T,TOTAL,TOTAL,TOTAL,TOTAL,2011,Estonia,3,,,
EE0,OTH,T,TOTAL,TOTAL,TOTAL,TOTAL,2011,Estonia,3,,,
EE00,OTH,T,TOTAL,TOTAL,TOTAL,TOTAL,2011,Estonia,3,,,
EE001,OTH,T,TOTAL,TOTAL,TOTAL,TOTAL,2011,Estonia,1,,,
EE004,OTH,T,TOTAL,TOTAL,TOTAL,TOTAL,2011,Estonia,0,,,
EE006,OTH,T,TOTAL,TOTAL,TOTAL,TOTAL,2011,Estonia,1,,,
EE007,OTH,T,TOTAL,TOTAL,TOTAL,TOTAL,2011,Estonia,0,,,
EE008,OTH,T,TOTAL,TOTAL,TOTAL,TOTAL,2011,Estonia,1,,,
EEZ,OTH,T,TOTAL,TOTAL,TOTAL,TOTAL,2011,Estonia,0,,,
EEZZ,OTH,T,TOTAL,TOTAL,TOTAL,TOTAL,2011,Estonia,0,,,
EEZZZ,OTH,T,TOTAL,TOTAL,TOTAL,TOTAL,2011,Estonia,0,,,
EE,UNK,T,TOTAL,TOTAL,TOTAL,TOTAL,2011,Estonia,237,,,
EE0,UNK,T,TOTAL,TOTAL,TOTAL,TOTAL,2011,Estonia,237,,,
EE00,UNK,T,TOTAL,TOTAL,TOTAL,TOTAL,2011,Estonia,237,,,
EE001,UNK,T,TOTAL,TOTAL,TOTAL,TOTAL,2011,Estonia,125,,,
EE004,UNK,T,TOTAL,TOTAL,TOTAL,TOTAL,2011,Estonia,20,,,
EE006,UNK,T,TOTAL,TOTAL,TOTAL,TOTAL,2011,Estonia,10,,,
EE007,UNK,T,TOTAL,TOTAL,TOTAL,TOTAL,2011,Estonia,28,,,
EE008,UNK,T,TOTAL,TOTAL,TOTAL,TOTAL,2011,Estonia,54,,,
EEZ,UNK,T,TOTAL,TOTAL,TOTAL,TOTAL,2011,Estonia,0,,,
EEZZ,UNK,T,TOTAL,TOTAL,TOTAL,TOTAL,2011,Estonia,0,,,
EEZZZ,UNK,T,TOTAL,TOTAL,TOTAL,TOTAL,2011,Estonia,0,,,
CH,NAT,T,TOTAL,TOTAL,TOTAL,TOTAL,2011,Switzerland,5796238,,,
CH0,NAT,T,TOTAL,TOTAL,TOTAL,TOTAL,2011,Switzerland,5796238,,,
CH01,NAT,T,TOTAL,TOTAL,TOTAL,TOTAL,2011,Switzerland,929858,,,
CH011,NAT,T,TOTAL,TOTAL,TOTAL,TOTAL,2011,Switzerland,448572,,,
CH012,NAT,T,TOTAL,TOTAL,TOTAL,TOTAL,2011,Switzerland,244290,,,
CH013,NAT,T,TOTAL,TOTAL,TOTAL,TOTAL,2011,Switzerland,236996,,,
CH02,NAT,T,TOTAL,TOTAL,TOTAL,TOTAL,2011,Switzerland,1426791,,,
CH021,NAT,T,TOTAL,TOTAL,TOTAL,TOTAL,2011,Switzerland,814112,,,
CH022,NAT,T,TOTAL,TOTAL,TOTAL,TOTAL,2011,Switzerland,224004,,,
CH023,NAT,T,TOTAL,TOTAL,TOTAL,TOTAL,2011,Switzerland,205466,,,
CH024,NAT,T,TOTAL,TOTAL,TOTAL,TOTAL,2011,Switzerland,124326,,,
CH025,NAT,T,TOTAL,TOTAL,TOTAL,TOTAL,2011,Switzerland,58883,,,
CH03,NAT,T,TOTAL,TOTAL,TOTAL,TOTAL,2011,Switzerland,793666,,,
CH031,NAT,T,TOTAL,TOTAL,TOTAL,TOTAL,2011,Switzerland,113125,,,
CH032,NAT,T,TOTAL,TOTAL,TOTAL,TOTAL,2011,Switzerland,209937,,,
CH033,NAT,T,TOTAL,TOTAL,TOTAL,TOTAL,2011,Switzerland,470604,,,
CH04,NAT,T,TOTAL,TOTAL,TOTAL,TOTAL,2011,Switzerland,959461,,,
CH040,NAT,T,TOTAL,TOTAL,TOTAL,TOTAL,2011,Switzerland,959461,,,
CH05,NAT,T,TOTAL,TOTAL,TOTAL,TOTAL,2011,Switzerland,855973,,,
CH051,NAT,T,TOTAL,TOTAL,TOTAL,TOTAL,2011,Switzerland,30411,,,
CH052,NAT,T,TOTAL,TOTAL,TOTAL,TOTAL,2011,Switzerland,55321,,,
CH053,NAT,T,TOTAL,TOTAL,TOTAL,TOTAL,2011,Switzerland,43596,,,
CH054,NAT,T,TOTAL,TOTAL,TOTAL,TOTAL,2011,Switzerland,13845,,,
CH055,NAT,T,TOTAL,TOTAL,TOTAL,TOTAL,2011,Switzerland,367859,,,
CH056,NAT,T,TOTAL,TOTAL,TOTAL,TOTAL,2011,Switzerland,153371,,,
CH057,NAT,T,TOTAL,TOTAL,TOTAL,TOTAL,2011,Switzerland,191570,,,
CH06,NAT,T,TOTAL,TOTAL,TOTAL,TOTAL,2011,Switzerland,606633,,,
CH061,NAT,T,TOTAL,TOTAL,TOTAL,TOTAL,2011,Switzerland,308602,,,
CH062,NAT,T,TOTAL,TOTAL,TOTAL,TOTAL,2011,Switzerland,31395,,,
CH063,NAT,T,TOTAL,TOTAL,TOTAL,TOTAL,2011,Switzerland,118554,,,
CH064,NAT,T,TOTAL,TOTAL,TOTAL,TOTAL,2011,Switzerland,30280,,,
CH065,NAT,T,TOTAL,TOTAL,TOTAL,TOTAL,2011,Switzerland,34939,,,
CH066,NAT,T,TOTAL,TOTAL,TOTAL,TOTAL,2011,Switzerland,82863,,,
CH07,NAT,T,TOTAL,TOTAL,TOTAL,TOTAL,2011,Switzerland,223856,,,
CH070,NAT,T,TOTAL,TOTAL,TOTAL,TOTAL,2011,Switzerland,223856,,,
CHZ,NAT,T,TOTAL,TOTAL,TOTAL,TOTAL,2011,Switzerland,0,,,
CHZZ,NAT,T,TOTAL,TOTAL,TOTAL,TOTAL,2011,Switzerland,0,,,
CHZZZ,NAT,T,TOTAL,TOTAL,TOTAL,TOTAL,2011,Switzerland,0,,,
CH,FOR,T,TOTAL,TOTAL,TOTAL,TOTAL,2011,Switzerland,2033702,,,
CH0,FOR,T,TOTAL,TOTAL,TOTAL,TOTAL,2011,Switzerland,2033702,,,
CH01,FOR,T,TOTAL,TOTAL,TOTAL,TOTAL,2011,Switzerland,560879,,,
CH011,FOR,T,TOTAL,TOTAL,TOTAL,TOTAL,2011,Switzerland,268292,,,
CH012,FOR,T,TOTAL,TOTAL,TOTAL,TOTAL,2011,Switzerland,70762,,,
CH013,FOR,T,TOTAL,TOTAL,TOTAL,TOTAL,2011,Switzerland,221825,,,
CH02,FOR,T,TOTAL,TOTAL,TOTAL,TOTAL,2011,Switzerland,322751,,,
CH021,FOR,T,TOTAL,TOTAL,TOTAL,TOTAL,2011,Switzerland,159663,,,
CH022,FOR,T,TOTAL,TOTAL,TOTAL,TOTAL,2011,Switzerland,57527,,,
CH023,FOR,T,TOTAL,TOTAL,TOTAL,TOTAL,2011,Switzerland,47794,,,
CH024,FOR,T,TOTAL,TOTAL,TOTAL,TOTAL,2011,Switzerland,46670,,,
CH025,FOR,T,TOTAL,TOTAL,TOTAL,TOTAL,2011,Switzerland,11097,,,
CH03,FOR,T,TOTAL,TOTAL,TOTAL,TOTAL,2011,Switzerland,267209,,,
CH031,FOR,T,TOTAL,TOTAL,TOTAL,TOTAL,2011,Switzerland,66863,,,
CH032,FOR,T,TOTAL,TOTAL,TOTAL,TOTAL,2011,Switzerland,62850,,,
CH033,FOR,T,TOTAL,TOTAL,TOTAL,TOTAL,2011,Switzerland,137496,,,
CH04,FOR,T,TOTAL,TOTAL,TOTAL,TOTAL,2011,Switzerland,392215,,,
CH040,FOR,T,TOTAL,TOTAL,TOTAL,TOTAL,2011,Switzerland,392215,,,
CH05,FOR,T,TOTAL,TOTAL,TOTAL,TOTAL,2011,Switzerland,241759,,,
CH051,FOR,T,TOTAL,TOTAL,TOTAL,TOTAL,2011,Switzerland,8250,,,
CH052,FOR,T,TOTAL,TOTAL,TOTAL,TOTAL,2011,Switzerland,20532,,,
CH053,FOR,T,TOTAL,TOTAL,TOTAL,TOTAL,2011,Switzerland,9519,,,
CH054,FOR,T,TOTAL,TOTAL,TOTAL,TOTAL,2011,Switzerland,1874,,,
CH055,FOR,T,TOTAL,TOTAL,TOTAL,TOTAL,2011,Switzerland,106592,,,
CH056,FOR,T,TOTAL,TOTAL,TOTAL,TOTAL,2011,Switzerland,38541,,,
CH057,FOR,T,TOTAL,TOTAL,TOTAL,TOTAL,2011,Switzerland,56451,,,
CH06,FOR,T,TOTAL,TOTAL,TOTAL,TOTAL,2011,Switzerland,139903,,,
CH061,FOR,T,TOTAL,TOTAL,TOTAL,TOTAL,2011,Switzerland,66886,,,
CH062,FOR,T,TOTAL,TOTAL,TOTAL,TOTAL,2011,Switzerland,3646,,,
CH063,FOR,T,TOTAL,TOTAL,TOTAL,TOTAL,2011,Switzerland,28548,,,
CH064,FOR,T,TOTAL,TOTAL,TOTAL,TOTAL,2011,Switzerland,4865,,,
CH065,FOR,T,TOTAL,TOTAL,TOTAL,TOTAL,2011,Switzerland,5970,,,
CH066,FOR,T,TOTAL,TOTAL,TOTAL,TOTAL,2011,Switzerland,29988,,,
CH07,FOR,T,TOTAL,TOTAL,TOTAL,TOTAL,2011,Switzerland,108986,,,
CH070,FOR,T,TOTAL,TOTAL,TOTAL,TOTAL,2011,Switzerland,108986,,,
CHZ,FOR,T,TOTAL,TOTAL,TOTAL,TOTAL,2011,Switzerland,0,,,
CHZZ,FOR,T,TOTAL,TOTAL,TOTAL,TOTAL,2011,Switzerland,0,,,
CHZZZ,FOR,T,TOTAL,TOTAL,TOTAL,TOTAL,2011,Switzerland,0,,,
CH,OTH,T,TOTAL,TOTAL,TOTAL,TOTAL,2011,Switzerland,100033,,,
CH0,OTH,T,TOTAL,TOTAL,TOTAL,TOTAL,2011,Switzerland,100033,,,
CH01,OTH,T,TOTAL,TOTAL,TOTAL,TOTAL,2011,Switzerland,9136,,,
CH011,OTH,T,TOTAL,TOTAL,TOTAL,TOTAL,2011,Switzerland,7470,,,
CH012,OTH,T,TOTAL,TOTAL,TOTAL,TOTAL,2011,Switzerland,939,,,
CH013,OTH,T,TOTAL,TOTAL,TOTAL,TOTAL,2011,Switzerland,727,,,
CH02,OTH,T,TOTAL,TOTAL,TOTAL,TOTAL,2011,Switzerland,14869,,,
CH021,OTH,T,TOTAL,TOTAL,TOTAL,TOTAL,2011,Switzerland,7925,,,
CH022,OTH,T,TOTAL,TOTAL,TOTAL,TOTAL,2011,Switzerland,2162,,,
CH023,OTH,T,TOTAL,TOTAL,TOTAL,TOTAL,2011,Switzerland,2713,,,
CH024,OTH,T,TOTAL,TOTAL,TOTAL,TOTAL,2011,Switzerland,1708,,,
CH025,OTH,T,TOTAL,TOTAL,TOTAL,TOTAL,2011,Switzerland,361,,,
CH03,OTH,T,TOTAL,TOTAL,TOTAL,TOTAL,2011,Switzerland,15452,,,
CH031,OTH,T,TOTAL,TOTAL,TOTAL,TOTAL,2011,Switzerland,6161,,,
CH032,OTH,T,TOTAL,TOTAL,TOTAL,TOTAL,2011,Switzerland,1661,,,
CH033,OTH,T,TOTAL,TOTAL,TOTAL,TOTAL,2011,Switzerland,7630,,,
CH04,OTH,T,TOTAL,TOTAL,TOTAL,TOTAL,2011,Switzerland,36540,,,
CH040,OTH,T,TOTAL,TOTAL,TOTAL,TOTAL,2011,Switzerland,36540,,,
CH05,OTH,T,TOTAL,TOTAL,TOTAL,TOTAL,2011,Switzerland,13732,,,
CH051,OTH,T,TOTAL,TOTAL,TOTAL,TOTAL,2011,Switzerland,418,,,
CH052,OTH,T,TOTAL,TOTAL,TOTAL,TOTAL,2011,Switzerland,967,,,
CH053,OTH,T,TOTAL,TOTAL,TOTAL,TOTAL,2011,Switzerland,44,,,
CH054,OTH,T,TOTAL,TOTAL,TOTAL,TOTAL,2011,Switzerland,0,,,
CH055,OTH,T,TOTAL,TOTAL,TOTAL,TOTAL,2011,Switzerland,7961,,,
CH056,OTH,T,TOTAL,TOTAL,TOTAL,TOTAL,2011,Switzerland,933,,,
CH057,OTH,T,TOTAL,TOTAL,TOTAL,TOTAL,2011,Switzerland,3409,,,
CH06,OTH,T,TOTAL,TOTAL,TOTAL,TOTAL,2011,Switzerland,7307,,,
CH061,OTH,T,TOTAL,TOTAL,TOTAL,TOTAL,2011,Switzerland,4548,,,
CH062,OTH,T,TOTAL,TOTAL,TOTAL,TOTAL,2011,Switzerland,259,,,
CH063,OTH,T,TOTAL,TOTAL,TOTAL,TOTAL,2011,Switzerland,467,,,
CH064,OTH,T,TOTAL,TOTAL,TOTAL,TOTAL,2011,Switzerland,61,,,
CH065,OTH,T,TOTAL,TOTAL,TOTAL,TOTAL,2011,Switzerland,54,,,
CH066,OTH,T,TOTAL,TOTAL,TOTAL,TOTAL,2011,Switzerland,1918,,,
CH07,OTH,T,TOTAL,TOTAL,TOTAL,TOTAL,2011,Switzerland,2997,,,
CH070,OTH,T,TOTAL,TOTAL,TOTAL,TOTAL,2011,Switzerland,2997,,,
CHZ,OTH,T,TOTAL,TOTAL,TOTAL,TOTAL,2011,Switzerland,0,,,
CHZZ,OTH,T,TOTAL,TOTAL,TOTAL,TOTAL,2011,Switzerland,0,,,
CHZZZ,OTH,T,TOTAL,TOTAL,TOTAL,TOTAL,2011,Switzerland,0,,,
CH,UNK,T,TOTAL,TOTAL,TOTAL,TOTAL,2011,Switzerland,24689,,,
CH0,UNK,T,TOTAL,TOTAL,TOTAL,TOTAL,2011,Switzerland,24689,,,
CH01,UNK,T,TOTAL,TOTAL,TOTAL,TOTAL,2011,Switzerland,3627,,,
CH011,UNK,T,TOTAL,TOTAL,TOTAL,TOTAL,2011,Switzerland,1610,,,
CH012,UNK,T,TOTAL,TOTAL,TOTAL,TOTAL,2011,Switzerland,1031,,,
CH013,UNK,T,TOTAL,TOTAL,TOTAL,TOTAL,2011,Switzerland,986,,,
CH02,UNK,T,TOTAL,TOTAL,TOTAL,TOTAL,2011,Switzerland,6018,,,
CH021,UNK,T,TOTAL,TOTAL,TOTAL,TOTAL,2011,Switzerland,3346,,,
CH022,UNK,T,TOTAL,TOTAL,TOTAL,TOTAL,2011,Switzerland,975,,,
CH023,UNK,T,TOTAL,TOTAL,TOTAL,TOTAL,2011,Switzerland,1017,,,
CH024,UNK,T,TOTAL,TOTAL,TOTAL,TOTAL,2011,Switzerland,479,,,
CH025,UNK,T,TOTAL,TOTAL,TOTAL,TOTAL,2011,Switzerland,201,,,
CH03,UNK,T,TOTAL,TOTAL,TOTAL,TOTAL,2011,Switzerland,3586,,,
CH031,UNK,T,TOTAL,TOTAL,TOTAL,TOTAL,2011,Switzerland,106,,,
CH032,UNK,T,TOTAL,TOTAL,TOTAL,TOTAL,2011,Switzerland,912,,,
CH033,UNK,T,TOTAL,TOTAL,TOTAL,TOTAL,2011,Switzerland,2568,,,
CH04,UNK,T,TOTAL,TOTAL,TOTAL,TOTAL,2011,Switzerland,4180,,,
CH040,UNK,T,TOTAL,TOTAL,TOTAL,TOTAL,2011,Switzerland,4180,,,
CH05,UNK,T,TOTAL,TOTAL,TOTAL,TOTAL,2011,Switzerland,2465,,,
CH051,UNK,T,TOTAL,TOTAL,TOTAL,TOTAL,2011,Switzerland,138,,,
CH052,UNK,T,TOTAL,TOTAL,TOTAL,TOTAL,2011,Switzerland,319,,,
CH053,UNK,T,TOTAL,TOTAL,TOTAL,TOTAL,2011,Switzerland,154,,,
CH054,UNK,T,TOTAL,TOTAL,TOTAL,TOTAL,2011,Switzerland,24,,,
CH055,UNK,T,TOTAL,TOTAL,TOTAL,TOTAL,2011,Switzerland,744,,,
CH056,UNK,T,TOTAL,TOTAL,TOTAL,TOTAL,2011,Switzerland,543,,,
CH057,UNK,T,TOTAL,TOTAL,TOTAL,TOTAL,2011,Switzerland,543,,,
CH06,UNK,T,TOTAL,TOTAL,TOTAL,TOTAL,2011,Switzerland,3709,,,
CH061,UNK,T,TOTAL,TOTAL,TOTAL,TOTAL,2011,Switzerland,1930,,,
CH062,UNK,T,TOTAL,TOTAL,TOTAL,TOTAL,2011,Switzerland,82,,,
CH063,UNK,T,TOTAL,TOTAL,TOTAL,TOTAL,2011,Switzerland,335,,,
CH064,UNK,T,TOTAL,TOTAL,TOTAL,TOTAL,2011,Switzerland,679,,,
CH065,UNK,T,TOTAL,TOTAL,TOTAL,TOTAL,2011,Switzerland,348,,,
CH066,UNK,T,TOTAL,TOTAL,TOTAL,TOTAL,2011,Switzerland,335,,,
CH07,UNK,T,TOTAL,TOTAL,TOTAL,TOTAL,2011,Switzerland,1104,,,
CH070,UNK,T,TOTAL,TOTAL,TOTAL,TOTAL,2011,Switzerland,1104,,,
CHZ,UNK,T,TOTAL,TOTAL,TOTAL,TOTAL,2011,Switzerland,0,,,
CHZZ,UNK,T,TOTAL,TOTAL,TOTAL,TOTAL,2011,Switzerland,0,,,
CHZZZ,UNK,T,TOTAL,TOTAL,TOTAL,TOTAL,2011,Switzerland,0,,,
EL,NAT,T,TOTAL,TOTAL,TOTAL,TOTAL,2011,Greece,9530219,,,
EL1,NAT,T,TOTAL,TOTAL,TOTAL,TOTAL,2011,Greece,3123405,d,Exclusively for confidentiality reasons, the data for the self-governed Agio Oros are aggregated with and incorporated into the data of Voreia Ellada, at NUTS 1 level,  Kentriki Makedonia, at NUTS 2 level, and Chalkidiki, at NUTS 3 level.,
EL11,NAT,T,TOTAL,TOTAL,TOTAL,TOTAL,2011,Greece,543496,,,
EL111,NAT,T,TOTAL,TOTAL,TOTAL,TOTAL,2011,Greece,132355,,,
EL112,NAT,T,TOTAL,TOTAL,TOTAL,TOTAL,2011,Greece,100918,,,
EL113,NAT,T,TOTAL,TOTAL,TOTAL,TOTAL,2011,Greece,102410,,,
EL114,NAT,T,TOTAL,TOTAL,TOTAL,TOTAL,2011,Greece,87011,,,
EL115,NAT,T,TOTAL,TOTAL,TOTAL,TOTAL,2011,Greece,120802,,,
EL12,NAT,T,TOTAL,TOTAL,TOTAL,TOTAL,2011,Greece,1640639,d,Exclusively for confidentiality reasons, the data for the self-governed Agio Oros are aggregated with and incorporated into the data of Voreia Ellada, at NUTS 1 level,  Kentriki Makedonia, at NUTS 2 level, and Chalkidiki, at NUTS 3 level.,
EL121,NAT,T,TOTAL,TOTAL,TOTAL,TOTAL,2011,Greece,126947,,,
EL122,NAT,T,TOTAL,TOTAL,TOTAL,TOTAL,2011,Greece,956638,,,
EL123,NAT,T,TOTAL,TOTAL,TOTAL,TOTAL,2011,Greece,70191,,,
EL124,NAT,T,TOTAL,TOTAL,TOTAL,TOTAL,2011,Greece,125114,,,
EL125,NAT,T,TOTAL,TOTAL,TOTAL,TOTAL,2011,Greece,109288,,,
EL126,NAT,T,TOTAL,TOTAL,TOTAL,TOTAL,2011,Greece,162091,,,
EL127,NAT,T,TOTAL,TOTAL,TOTAL,TOTAL,2011,Greece,90370,d,Exclusively for confidentiality reasons, the data for the self-governed Agio Oros are aggregated with and incorporated into the data of Voreia Ellada, at NUTS 1 level,  Kentriki Makedonia, at NUTS 2 level, and Chalkidiki, at NUTS 3 level.,
EL13,NAT,T,TOTAL,TOTAL,TOTAL,TOTAL,2011,Greece,261807,,,
EL131,NAT,T,TOTAL,TOTAL,TOTAL,TOTAL,2011,Greece,29202,,,
EL132,NAT,T,TOTAL,TOTAL,TOTAL,TOTAL,2011,Greece,46211,,,
EL133,NAT,T,TOTAL,TOTAL,TOTAL,TOTAL,2011,Greece,139335,,,
EL134,NAT,T,TOTAL,TOTAL,TOTAL,TOTAL,2011,Greece,47059,,,
EL14,NAT,T,TOTAL,TOTAL,TOTAL,TOTAL,2011,Greece,677463,,,
EL141,NAT,T,TOTAL,TOTAL,TOTAL,TOTAL,2011,Greece,107756,,,
EL142,NAT,T,TOTAL,TOTAL,TOTAL,TOTAL,2011,Greece,263113,,,
EL143,NAT,T,TOTAL,TOTAL,TOTAL,TOTAL,2011,Greece,184037,,,
EL144,NAT,T,TOTAL,TOTAL,TOTAL,TOTAL,2011,Greece,122557,,,
EL2,NAT,T,TOTAL,TOTAL,TOTAL,TOTAL,2011,Greece,2125207,,,
EL21,NAT,T,TOTAL,TOTAL,TOTAL,TOTAL,2011,Greece,307161,,,
EL211,NAT,T,TOTAL,TOTAL,TOTAL,TOTAL,2011,Greece,64010,,,
EL212,NAT,T,TOTAL,TOTAL,TOTAL,TOTAL,2011,Greece,38528,,,
EL213,NAT,T,TOTAL,TOTAL,TOTAL,TOTAL,2011,Greece,152779,,,
EL214,NAT,T,TOTAL,TOTAL,TOTAL,TOTAL,2011,Greece,51844,,,
EL22,NAT,T,TOTAL,TOTAL,TOTAL,TOTAL,2011,Greece,180256,,,
EL221,NAT,T,TOTAL,TOTAL,TOTAL,TOTAL,2011,Greece,34258,,,
EL222,NAT,T,TOTAL,TOTAL,TOTAL,TOTAL,2011,Greece,91935,,,
EL223,NAT,T,TOTAL,TOTAL,TOTAL,TOTAL,2011,Greece,33202,,,
EL224,NAT,T,TOTAL,TOTAL,TOTAL,TOTAL,2011,Greece,20861,,,
EL23,NAT,T,TOTAL,TOTAL,TOTAL,TOTAL,2011,Greece,631884,,,
EL231,NAT,T,TOTAL,TOTAL,TOTAL,TOTAL,2011,Greece,200146,,,
EL232,NAT,T,TOTAL,TOTAL,TOTAL,TOTAL,2011,Greece,287320,,,
EL233,NAT,T,TOTAL,TOTAL,TOTAL,TOTAL,2011,Greece,144418,,,
EL24,NAT,T,TOTAL,TOTAL,TOTAL,TOTAL,2011,Greece,494313,,,
EL241,NAT,T,TOTAL,TOTAL,TOTAL,TOTAL,2011,Greece,102637,,,
EL242,NAT,T,TOTAL,TOTAL,TOTAL,TOTAL,2011,Greece,191760,,,
EL243,NAT,T,TOTAL,TOTAL,TOTAL,TOTAL,2011,Greece,19142,,,
EL244,NAT,T,TOTAL,TOTAL,TOTAL,TOTAL,2011,Greece,144194,,,
EL245,NAT,T,TOTAL,TOTAL,TOTAL,TOTAL,2011,Greece,36580,,,
EL25,NAT,T,TOTAL,TOTAL,TOTAL,TOTAL,2011,Greece,511593,,,
EL251,NAT,T,TOTAL,TOTAL,TOTAL,TOTAL,2011,Greece,85996,,,
EL252,NAT,T,TOTAL,TOTAL,TOTAL,TOTAL,2011,Greece,79279,,,
EL253,NAT,T,TOTAL,TOTAL,TOTAL,TOTAL,2011,Greece,128635,,,
EL254,NAT,T,TOTAL,TOTAL,TOTAL,TOTAL,2011,Greece,78176,,,
EL255,NAT,T,TOTAL,TOTAL,TOTAL,TOTAL,2011,Greece,139507,,,
EL3,NAT,T,TOTAL,TOTAL,TOTAL,TOTAL,2011,Greece,3278407,,,
EL30,NAT,T,TOTAL,TOTAL,TOTAL,TOTAL,2011,Greece,3278407,,,
EL300,NAT,T,TOTAL,TOTAL,TOTAL,TOTAL,2011,Greece,3278407,,,
EL4,NAT,T,TOTAL,TOTAL,TOTAL,TOTAL,2011,Greece,1003200,,,
EL41,NAT,T,TOTAL,TOTAL,TOTAL,TOTAL,2011,Greece,182716,,,
EL411,NAT,T,TOTAL,TOTAL,TOTAL,TOTAL,2011,Greece,95140,,,
EL412,NAT,T,TOTAL,TOTAL,TOTAL,TOTAL,2011,Greece,39249,,,
EL413,NAT,T,TOTAL,TOTAL,TOTAL,TOTAL,2011,Greece,48327,,,
EL42,NAT,T,TOTAL,TOTAL,TOTAL,TOTAL,2011,Greece,265594,,,
EL421,NAT,T,TOTAL,TOTAL,TOTAL,TOTAL,2011,Greece,163540,,,
EL422,NAT,T,TOTAL,TOTAL,TOTAL,TOTAL,2011,Greece,102054,,,
EL43,NAT,T,TOTAL,TOTAL,TOTAL,TOTAL,2011,Greece,554890,,,
EL431,NAT,T,TOTAL,TOTAL,TOTAL,TOTAL,2011,Greece,278046,,,
EL432,NAT,T,TOTAL,TOTAL,TOTAL,TOTAL,2011,Greece,65919,,,
EL433,NAT,T,TOTAL,TOTAL,TOTAL,TOTAL,2011,Greece,75704,,,
EL434,NAT,T,TOTAL,TOTAL,TOTAL,TOTAL,2011,Greece,135221,,,
ELS,NAT,T,TOTAL,TOTAL,TOTAL,TOTAL,2011,Greece,:,cd,Exclusively for confidentiality reasons, the data for the self-governed Agio Oros are aggregated with and incorporated into the data of Voreia Ellada, at NUTS 1 level,  Kentriki Makedonia, at NUTS 2 level, and Chalkidiki, at NUTS 3 level.,
ELSS,NAT,T,TOTAL,TOTAL,TOTAL,TOTAL,2011,Greece,:,cd,Exclusively for confidentiality reasons, the data for the self-governed Agio Oros are aggregated with and incorporated into the data of Voreia Ellada, at NUTS 1 level,  Kentriki Makedonia, at NUTS 2 level, and Chalkidiki, at NUTS 3 level.,
ELSSS,NAT,T,TOTAL,TOTAL,TOTAL,TOTAL,2011,Greece,:,cd,Exclusively for confidentiality reasons, the data for the self-governed Agio Oros are aggregated with and incorporated into the data of Voreia Ellada, at NUTS 1 level,  Kentriki Makedonia, at NUTS 2 level, and Chalkidiki, at NUTS 3 level.,
ELZ,NAT,T,TOTAL,TOTAL,TOTAL,TOTAL,2011,Greece,0,,,
ELZZ,NAT,T,TOTAL,TOTAL,TOTAL,TOTAL,2011,Greece,0,,,
ELZZZ,NAT,T,TOTAL,TOTAL,TOTAL,TOTAL,2011,Greece,0,,,
EL,FOR,T,TOTAL,TOTAL,TOTAL,TOTAL,2011,Greece,1286067,,,
EL1,FOR,T,TOTAL,TOTAL,TOTAL,TOTAL,2011,Greece,383336,d,Exclusively for confidentiality reasons, the data for the self-governed Agio Oros are aggregated with and incorporated into the data of Voreia Ellada, at NUTS 1 level,  Kentriki Makedonia, at NUTS 2 level, and Chalkidiki, at NUTS 3 level.,
EL11,FOR,T,TOTAL,TOTAL,TOTAL,TOTAL,2011,Greece,64686,,,
EL111,FOR,T,TOTAL,TOTAL,TOTAL,TOTAL,2011,Greece,15592,,,
EL112,FOR,T,TOTAL,TOTAL,TOTAL,TOTAL,2011,Greece,10304,,,
EL113,FOR,T,TOTAL,TOTAL,TOTAL,TOTAL,2011,Greece,9629,,,
EL114,FOR,T,TOTAL,TOTAL,TOTAL,TOTAL,2011,Greece,11276,,,
EL115,FOR,T,TOTAL,TOTAL,TOTAL,TOTAL,2011,Greece,17885,,,
EL12,FOR,T,TOTAL,TOTAL,TOTAL,TOTAL,2011,Greece,241469,d,Exclusively for confidentiality reasons, the data for the self-governed Agio Oros are aggregated with and incorporated into the data of Voreia Ellada, at NUTS 1 level,  Kentriki Makedonia, at NUTS 2 level, and Chalkidiki, at NUTS 3 level.,
EL121,FOR,T,TOTAL,TOTAL,TOTAL,TOTAL,2011,Greece,13664,,,
EL122,FOR,T,TOTAL,TOTAL,TOTAL,TOTAL,2011,Greece,153913,,,
EL123,FOR,T,TOTAL,TOTAL,TOTAL,TOTAL,2011,Greece,10228,,,
EL124,FOR,T,TOTAL,TOTAL,TOTAL,TOTAL,2011,Greece,14566,,,
EL125,FOR,T,TOTAL,TOTAL,TOTAL,TOTAL,2011,Greece,17410,,,
EL126,FOR,T,TOTAL,TOTAL,TOTAL,TOTAL,2011,Greece,14339,,,
EL127,FOR,T,TOTAL,TOTAL,TOTAL,TOTAL,2011,Greece,17349,d,Exclusively for confidentiality reasons, the data for the self-governed Agio Oros are aggregated with and incorporated into the data of Voreia Ellada, at NUTS 1 level,  Kentriki Makedonia, at NUTS 2 level, and Chalkidiki, at NUTS 3 level.,
EL13,FOR,T,TOTAL,TOTAL,TOTAL,TOTAL,2011,Greece,21882,,,
EL131,FOR,T,TOTAL,TOTAL,TOTAL,TOTAL,2011,Greece,2555,,,
EL132,FOR,T,TOTAL,TOTAL,TOTAL,TOTAL,2011,Greece,4111,,,
EL133,FOR,T,TOTAL,TOTAL,TOTAL,TOTAL,2011,Greece,10861,,,
EL134,FOR,T,TOTAL,TOTAL,TOTAL,TOTAL,2011,Greece,4355,,,
EL14,FOR,T,TOTAL,TOTAL,TOTAL,TOTAL,2011,Greece,55299,,,
EL141,FOR,T,TOTAL,TOTAL,TOTAL,TOTAL,2011,Greece,5788,,,
EL142,FOR,T,TOTAL,TOTAL,TOTAL,TOTAL,2011,Greece,21212,,,
EL143,FOR,T,TOTAL,TOTAL,TOTAL,TOTAL,2011,Greece,19771,,,
EL144,FOR,T,TOTAL,TOTAL,TOTAL,TOTAL,2011,Greece,8528,,,
EL2,FOR,T,TOTAL,TOTAL,TOTAL,TOTAL,2011,Greece,224593,,,
EL21,FOR,T,TOTAL,TOTAL,TOTAL,TOTAL,2011,Greece,29695,,,
EL211,FOR,T,TOTAL,TOTAL,TOTAL,TOTAL,2011,Greece,3867,,,
EL212,FOR,T,TOTAL,TOTAL,TOTAL,TOTAL,2011,Greece,5059,,,
EL213,FOR,T,TOTAL,TOTAL,TOTAL,TOTAL,2011,Greece,15122,,,
EL214,FOR,T,TOTAL,TOTAL,TOTAL,TOTAL,2011,Greece,5647,,,
EL22,FOR,T,TOTAL,TOTAL,TOTAL,TOTAL,2011,Greece,27599,,,
EL221,FOR,T,TOTAL,TOTAL,TOTAL,TOTAL,2011,Greece,6501,,,
EL222,FOR,T,TOTAL,TOTAL,TOTAL,TOTAL,2011,Greece,12436,,,
EL223,FOR,T,TOTAL,TOTAL,TOTAL,TOTAL,2011,Greece,5830,,,
EL224,FOR,T,TOTAL,TOTAL,TOTAL,TOTAL,2011,Greece,2832,,,
EL23,FOR,T,TOTAL,TOTAL,TOTAL,TOTAL,2011,Greece,47912,,,
EL231,FOR,T,TOTAL,TOTAL,TOTAL,TOTAL,2011,Greece,10656,,,
EL232,FOR,T,TOTAL,TOTAL,TOTAL,TOTAL,2011,Greece,22374,,,
EL233,FOR,T,TOTAL,TOTAL,TOTAL,TOTAL,2011,Greece,14882,,,
EL24,FOR,T,TOTAL,TOTAL,TOTAL,TOTAL,2011,Greece,53077,,,
EL241,FOR,T,TOTAL,TOTAL,TOTAL,TOTAL,2011,Greece,15283,,,
EL242,FOR,T,TOTAL,TOTAL,TOTAL,TOTAL,2011,Greece,19055,,,
EL243,FOR,T,TOTAL,TOTAL,TOTAL,TOTAL,2011,Greece,939,,,
EL244,FOR,T,TOTAL,TOTAL,TOTAL,TOTAL,2011,Greece,14037,,,
EL245,FOR,T,TOTAL,TOTAL,TOTAL,TOTAL,2011,Greece,3763,,,
EL25,FOR,T,TOTAL,TOTAL,TOTAL,TOTAL,2011,Greece,66310,,,
EL251,FOR,T,TOTAL,TOTAL,TOTAL,TOTAL,2011,Greece,11048,,,
EL252,FOR,T,TOTAL,TOTAL,TOTAL,TOTAL,2011,Greece,7406,,,
EL253,FOR,T,TOTAL,TOTAL,TOTAL,TOTAL,2011,Greece,16447,,,
EL254,FOR,T,TOTAL,TOTAL,TOTAL,TOTAL,2011,Greece,10962,,,
EL255,FOR,T,TOTAL,TOTAL,TOTAL,TOTAL,2011,Greece,20447,,,
EL3,FOR,T,TOTAL,TOTAL,TOTAL,TOTAL,2011,Greece,550027,,,
EL30,FOR,T,TOTAL,TOTAL,TOTAL,TOTAL,2011,Greece,550027,,,
EL300,FOR,T,TOTAL,TOTAL,TOTAL,TOTAL,2011,Greece,550027,,,
EL4,FOR,T,TOTAL,TOTAL,TOTAL,TOTAL,2011,Greece,128111,,,
EL41,FOR,T,TOTAL,TOTAL,TOTAL,TOTAL,2011,Greece,16515,,,
EL411,FOR,T,TOTAL,TOTAL,TOTAL,TOTAL,2011,Greece,8558,,,
EL412,FOR,T,TOTAL,TOTAL,TOTAL,TOTAL,2011,Greece,3610,,,
EL413,FOR,T,TOTAL,TOTAL,TOTAL,TOTAL,2011,Greece,4347,,,
EL42,FOR,T,TOTAL,TOTAL,TOTAL,TOTAL,2011,Greece,43421,,,
EL421,FOR,T,TOTAL,TOTAL,TOTAL,TOTAL,2011,Greece,27448,,,
EL422,FOR,T,TOTAL,TOTAL,TOTAL,TOTAL,2011,Greece,15973,,,
EL43,FOR,T,TOTAL,TOTAL,TOTAL,TOTAL,2011,Greece,68175,,,
EL431,FOR,T,TOTAL,TOTAL,TOTAL,TOTAL,2011,Greece,27444,,,
EL432,FOR,T,TOTAL,TOTAL,TOTAL,TOTAL,2011,Greece,9462,,,
EL433,FOR,T,TOTAL,TOTAL,TOTAL,TOTAL,2011,Greece,9905,,,
EL434,FOR,T,TOTAL,TOTAL,TOTAL,TOTAL,2011,Greece,21364,,,
ELS,FOR,T,TOTAL,TOTAL,TOTAL,TOTAL,2011,Greece,:,cd,Exclusively for confidentiality reasons, the data for the self-governed Agio Oros are aggregated with and incorporated into the data of Voreia Ellada, at NUTS 1 level,  Kentriki Makedonia, at NUTS 2 level, and Chalkidiki, at NUTS 3 level.,
ELSS,FOR,T,TOTAL,TOTAL,TOTAL,TOTAL,2011,Greece,:,cd,Exclusively for confidentiality reasons, the data for the self-governed Agio Oros are aggregated with and incorporated into the data of Voreia Ellada, at NUTS 1 level,  Kentriki Makedonia, at NUTS 2 level, and Chalkidiki, at NUTS 3 level.,
ELSSS,FOR,T,TOTAL,TOTAL,TOTAL,TOTAL,2011,Greece,:,cd,Exclusively for confidentiality reasons, the data for the self-governed Agio Oros are aggregated with and incorporated into the data of Voreia Ellada, at NUTS 1 level,  Kentriki Makedonia, at NUTS 2 level, and Chalkidiki, at NUTS 3 level.,
ELZ,FOR,T,TOTAL,TOTAL,TOTAL,TOTAL,2011,Greece,0,,,
ELZZ,FOR,T,TOTAL,TOTAL,TOTAL,TOTAL,2011,Greece,0,,,
ELZZZ,FOR,T,TOTAL,TOTAL,TOTAL,TOTAL,2011,Greece,0,,,
EL,OTH,T,TOTAL,TOTAL,TOTAL,TOTAL,2011,Greece,0,,,
EL1,OTH,T,TOTAL,TOTAL,TOTAL,TOTAL,2011,Greece,0,,,
EL11,OTH,T,TOTAL,TOTAL,TOTAL,TOTAL,2011,Greece,0,,,
EL111,OTH,T,TOTAL,TOTAL,TOTAL,TOTAL,2011,Greece,0,,,
EL112,OTH,T,TOTAL,TOTAL,TOTAL,TOTAL,2011,Greece,0,,,
EL113,OTH,T,TOTAL,TOTAL,TOTAL,TOTAL,2011,Greece,0,,,
EL114,OTH,T,TOTAL,TOTAL,TOTAL,TOTAL,2011,Greece,0,,,
EL115,OTH,T,TOTAL,TOTAL,TOTAL,TOTAL,2011,Greece,0,,,
EL12,OTH,T,TOTAL,TOTAL,TOTAL,TOTAL,2011,Greece,0,,,
EL121,OTH,T,TOTAL,TOTAL,TOTAL,TOTAL,2011,Greece,0,,,
EL122,OTH,T,TOTAL,TOTAL,TOTAL,TOTAL,2011,Greece,0,,,
EL123,OTH,T,TOTAL,TOTAL,TOTAL,TOTAL,2011,Greece,0,,,
EL124,OTH,T,TOTAL,TOTAL,TOTAL,TOTAL,2011,Greece,0,,,
EL125,OTH,T,TOTAL,TOTAL,TOTAL,TOTAL,2011,Greece,0,,,
EL126,OTH,T,TOTAL,TOTAL,TOTAL,TOTAL,2011,Greece,0,,,
EL127,OTH,T,TOTAL,TOTAL,TOTAL,TOTAL,2011,Greece,0,,,
EL13,OTH,T,TOTAL,TOTAL,TOTAL,TOTAL,2011,Greece,0,,,
EL131,OTH,T,TOTAL,TOTAL,TOTAL,TOTAL,2011,Greece,0,,,
EL132,OTH,T,TOTAL,TOTAL,TOTAL,TOTAL,2011,Greece,0,,,
EL133,OTH,T,TOTAL,TOTAL,TOTAL,TOTAL,2011,Greece,0,,,
EL134,OTH,T,TOTAL,TOTAL,TOTAL,TOTAL,2011,Greece,0,,,
EL14,OTH,T,TOTAL,TOTAL,TOTAL,TOTAL,2011,Greece,0,,,
EL141,OTH,T,TOTAL,TOTAL,TOTAL,TOTAL,2011,Greece,0,,,
EL142,OTH,T,TOTAL,TOTAL,TOTAL,TOTAL,2011,Greece,0,,,
EL143,OTH,T,TOTAL,TOTAL,TOTAL,TOTAL,2011,Greece,0,,,
EL144,OTH,T,TOTAL,TOTAL,TOTAL,TOTAL,2011,Greece,0,,,
EL2,OTH,T,TOTAL,TOTAL,TOTAL,TOTAL,2011,Greece,0,,,
EL21,OTH,T,TOTAL,TOTAL,TOTAL,TOTAL,2011,Greece,0,,,
EL211,OTH,T,TOTAL,TOTAL,TOTAL,TOTAL,2011,Greece,0,,,
EL212,OTH,T,TOTAL,TOTAL,TOTAL,TOTAL,2011,Greece,0,,,
EL213,OTH,T,TOTAL,TOTAL,TOTAL,TOTAL,2011,Greece,0,,,
EL214,OTH,T,TOTAL,TOTAL,TOTAL,TOTAL,2011,Greece,0,,,
EL22,OTH,T,TOTAL,TOTAL,TOTAL,TOTAL,2011,Greece,0,,,
EL221,OTH,T,TOTAL,TOTAL,TOTAL,TOTAL,2011,Greece,0,,,
EL222,OTH,T,TOTAL,TOTAL,TOTAL,TOTAL,2011,Greece,0,,,
EL223,OTH,T,TOTAL,TOTAL,TOTAL,TOTAL,2011,Greece,0,,,
EL224,OTH,T,TOTAL,TOTAL,TOTAL,TOTAL,2011,Greece,0,,,
EL23,OTH,T,TOTAL,TOTAL,TOTAL,TOTAL,2011,Greece,0,,,
EL231,OTH,T,TOTAL,TOTAL,TOTAL,TOTAL,2011,Greece,0,,,
EL232,OTH,T,TOTAL,TOTAL,TOTAL,TOTAL,2011,Greece,0,,,
EL233,OTH,T,TOTAL,TOTAL,TOTAL,TOTAL,2011,Greece,0,,,
EL24,OTH,T,TOTAL,TOTAL,TOTAL,TOTAL,2011,Greece,0,,,
EL241,OTH,T,TOTAL,TOTAL,TOTAL,TOTAL,2011,Greece,0,,,
EL242,OTH,T,TOTAL,TOTAL,TOTAL,TOTAL,2011,Greece,0,,,
EL243,OTH,T,TOTAL,TOTAL,TOTAL,TOTAL,2011,Greece,0,,,
EL244,OTH,T,TOTAL,TOTAL,TOTAL,TOTAL,2011,Greece,0,,,
EL245,OTH,T,TOTAL,TOTAL,TOTAL,TOTAL,2011,Greece,0,,,
EL25,OTH,T,TOTAL,TOTAL,TOTAL,TOTAL,2011,Greece,0,,,
EL251,OTH,T,TOTAL,TOTAL,TOTAL,TOTAL,2011,Greece,0,,,
EL252,OTH,T,TOTAL,TOTAL,TOTAL,TOTAL,2011,Greece,0,,,
EL253,OTH,T,TOTAL,TOTAL,TOTAL,TOTAL,2011,Greece,0,,,
EL254,OTH,T,TOTAL,TOTAL,TOTAL,TOTAL,2011,Greece,0,,,
EL255,OTH,T,TOTAL,TOTAL,TOTAL,TOTAL,2011,Greece,0,,,
EL3,OTH,T,TOTAL,TOTAL,TOTAL,TOTAL,2011,Greece,0,,,
EL30,OTH,T,TOTAL,TOTAL,TOTAL,TOTAL,2011,Greece,0,,,
EL300,OTH,T,TOTAL,TOTAL,TOTAL,TOTAL,2011,Greece,0,,,
EL4,OTH,T,TOTAL,TOTAL,TOTAL,TOTAL,2011,Greece,0,,,
EL41,OTH,T,TOTAL,TOTAL,TOTAL,TOTAL,2011,Greece,0,,,
EL411,OTH,T,TOTAL,TOTAL,TOTAL,TOTAL,2011,Greece,0,,,
EL412,OTH,T,TOTAL,TOTAL,TOTAL,TOTAL,2011,Greece,0,,,
EL413,OTH,T,TOTAL,TOTAL,TOTAL,TOTAL,2011,Greece,0,,,
EL42,OTH,T,TOTAL,TOTAL,TOTAL,TOTAL,2011,Greece,0,,,
EL421,OTH,T,TOTAL,TOTAL,TOTAL,TOTAL,2011,Greece,0,,,
EL422,OTH,T,TOTAL,TOTAL,TOTAL,TOTAL,2011,Greece,0,,,
EL43,OTH,T,TOTAL,TOTAL,TOTAL,TOTAL,2011,Greece,0,,,
EL431,OTH,T,TOTAL,TOTAL,TOTAL,TOTAL,2011,Greece,0,,,
EL432,OTH,T,TOTAL,TOTAL,TOTAL,TOTAL,2011,Greece,0,,,
EL433,OTH,T,TOTAL,TOTAL,TOTAL,TOTAL,2011,Greece,0,,,
EL434,OTH,T,TOTAL,TOTAL,TOTAL,TOTAL,2011,Greece,0,,,
ELS,OTH,T,TOTAL,TOTAL,TOTAL,TOTAL,2011,Greece,0,,,
ELSS,OTH,T,TOTAL,TOTAL,TOTAL,TOTAL,2011,Greece,0,,,
ELSSS,OTH,T,TOTAL,TOTAL,TOTAL,TOTAL,2011,Greece,0,,,
ELZ,OTH,T,TOTAL,TOTAL,TOTAL,TOTAL,2011,Greece,0,,,
ELZZ,OTH,T,TOTAL,TOTAL,TOTAL,TOTAL,2011,Greece,0,,,
ELZZZ,OTH,T,TOTAL,TOTAL,TOTAL,TOTAL,2011,Greece,0,,,
EL,UNK,T,TOTAL,TOTAL,TOTAL,TOTAL,2011,Greece,0,,,
EL1,UNK,T,TOTAL,TOTAL,TOTAL,TOTAL,2011,Greece,0,,,
EL11,UNK,T,TOTAL,TOTAL,TOTAL,TOTAL,2011,Greece,0,,,
EL111,UNK,T,TOTAL,TOTAL,TOTAL,TOTAL,2011,Greece,0,,,
EL112,UNK,T,TOTAL,TOTAL,TOTAL,TOTAL,2011,Greece,0,,,
EL113,UNK,T,TOTAL,TOTAL,TOTAL,TOTAL,2011,Greece,0,,,
EL114,UNK,T,TOTAL,TOTAL,TOTAL,TOTAL,2011,Greece,0,,,
EL115,UNK,T,TOTAL,TOTAL,TOTAL,TOTAL,2011,Greece,0,,,
EL12,UNK,T,TOTAL,TOTAL,TOTAL,TOTAL,2011,Greece,0,,,
EL121,UNK,T,TOTAL,TOTAL,TOTAL,TOTAL,2011,Greece,0,,,
EL122,UNK,T,TOTAL,TOTAL,TOTAL,TOTAL,2011,Greece,0,,,
EL123,UNK,T,TOTAL,TOTAL,TOTAL,TOTAL,2011,Greece,0,,,
EL124,UNK,T,TOTAL,TOTAL,TOTAL,TOTAL,2011,Greece,0,,,
EL125,UNK,T,TOTAL,TOTAL,TOTAL,TOTAL,2011,Greece,0,,,
EL126,UNK,T,TOTAL,TOTAL,TOTAL,TOTAL,2011,Greece,0,,,
EL127,UNK,T,TOTAL,TOTAL,TOTAL,TOTAL,2011,Greece,0,,,
EL13,UNK,T,TOTAL,TOTAL,TOTAL,TOTAL,2011,Greece,0,,,
EL131,UNK,T,TOTAL,TOTAL,TOTAL,TOTAL,2011,Greece,0,,,
EL132,UNK,T,TOTAL,TOTAL,TOTAL,TOTAL,2011,Greece,0,,,
EL133,UNK,T,TOTAL,TOTAL,TOTAL,TOTAL,2011,Greece,0,,,
EL134,UNK,T,TOTAL,TOTAL,TOTAL,TOTAL,2011,Greece,0,,,
EL14,UNK,T,TOTAL,TOTAL,TOTAL,TOTAL,2011,Greece,0,,,
EL141,UNK,T,TOTAL,TOTAL,TOTAL,TOTAL,2011,Greece,0,,,
EL142,UNK,T,TOTAL,TOTAL,TOTAL,TOTAL,2011,Greece,0,,,
EL143,UNK,T,TOTAL,TOTAL,TOTAL,TOTAL,2011,Greece,0,,,
EL144,UNK,T,TOTAL,TOTAL,TOTAL,TOTAL,2011,Greece,0,,,
EL2,UNK,T,TOTAL,TOTAL,TOTAL,TOTAL,2011,Greece,0,,,
EL21,UNK,T,TOTAL,TOTAL,TOTAL,TOTAL,2011,Greece,0,,,
EL211,UNK,T,TOTAL,TOTAL,TOTAL,TOTAL,2011,Greece,0,,,
EL212,UNK,T,TOTAL,TOTAL,TOTAL,TOTAL,2011,Greece,0,,,
EL213,UNK,T,TOTAL,TOTAL,TOTAL,TOTAL,2011,Greece,0,,,
EL214,UNK,T,TOTAL,TOTAL,TOTAL,TOTAL,2011,Greece,0,,,
EL22,UNK,T,TOTAL,TOTAL,TOTAL,TOTAL,2011,Greece,0,,,
EL221,UNK,T,TOTAL,TOTAL,TOTAL,TOTAL,2011,Greece,0,,,
EL222,UNK,T,TOTAL,TOTAL,TOTAL,TOTAL,2011,Greece,0,,,
EL223,UNK,T,TOTAL,TOTAL,TOTAL,TOTAL,2011,Greece,0,,,
EL224,UNK,T,TOTAL,TOTAL,TOTAL,TOTAL,2011,Greece,0,,,
EL23,UNK,T,TOTAL,TOTAL,TOTAL,TOTAL,2011,Greece,0,,,
EL231,UNK,T,TOTAL,TOTAL,TOTAL,TOTAL,2011,Greece,0,,,
EL232,UNK,T,TOTAL,TOTAL,TOTAL,TOTAL,2011,Greece,0,,,
EL233,UNK,T,TOTAL,TOTAL,TOTAL,TOTAL,2011,Greece,0,,,
EL24,UNK,T,TOTAL,TOTAL,TOTAL,TOTAL,2011,Greece,0,,,
EL241,UNK,T,TOTAL,TOTAL,TOTAL,TOTAL,2011,Greece,0,,,
EL242,UNK,T,TOTAL,TOTAL,TOTAL,TOTAL,2011,Greece,0,,,
EL243,UNK,T,TOTAL,TOTAL,TOTAL,TOTAL,2011,Greece,0,,,
EL244,UNK,T,TOTAL,TOTAL,TOTAL,TOTAL,2011,Greece,0,,,
EL245,UNK,T,TOTAL,TOTAL,TOTAL,TOTAL,2011,Greece,0,,,
EL25,UNK,T,TOTAL,TOTAL,TOTAL,TOTAL,2011,Greece,0,,,
EL251,UNK,T,TOTAL,TOTAL,TOTAL,TOTAL,2011,Greece,0,,,
EL252,UNK,T,TOTAL,TOTAL,TOTAL,TOTAL,2011,Greece,0,,,
EL253,UNK,T,TOTAL,TOTAL,TOTAL,TOTAL,2011,Greece,0,,,
EL254,UNK,T,TOTAL,TOTAL,TOTAL,TOTAL,2011,Greece,0,,,
EL255,UNK,T,TOTAL,TOTAL,TOTAL,TOTAL,2011,Greece,0,,,
EL3,UNK,T,TOTAL,TOTAL,TOTAL,TOTAL,2011,Greece,0,,,
EL30,UNK,T,TOTAL,TOTAL,TOTAL,TOTAL,2011,Greece,0,,,
EL300,UNK,T,TOTAL,TOTAL,TOTAL,TOTAL,2011,Greece,0,,,
EL4,UNK,T,TOTAL,TOTAL,TOTAL,TOTAL,2011,Greece,0,,,
EL41,UNK,T,TOTAL,TOTAL,TOTAL,TOTAL,2011,Greece,0,,,
EL411,UNK,T,TOTAL,TOTAL,TOTAL,TOTAL,2011,Greece,0,,,
EL412,UNK,T,TOTAL,TOTAL,TOTAL,TOTAL,2011,Greece,0,,,
EL413,UNK,T,TOTAL,TOTAL,TOTAL,TOTAL,2011,Greece,0,,,
EL42,UNK,T,TOTAL,TOTAL,TOTAL,TOTAL,2011,Greece,0,,,
EL421,UNK,T,TOTAL,TOTAL,TOTAL,TOTAL,2011,Greece,0,,,
EL422,UNK,T,TOTAL,TOTAL,TOTAL,TOTAL,2011,Greece,0,,,
EL43,UNK,T,TOTAL,TOTAL,TOTAL,TOTAL,2011,Greece,0,,,
EL431,UNK,T,TOTAL,TOTAL,TOTAL,TOTAL,2011,Greece,0,,,
EL432,UNK,T,TOTAL,TOTAL,TOTAL,TOTAL,2011,Greece,0,,,
EL433,UNK,T,TOTAL,TOTAL,TOTAL,TOTAL,2011,Greece,0,,,
EL434,UNK,T,TOTAL,TOTAL,TOTAL,TOTAL,2011,Greece,0,,,
ELS,UNK,T,TOTAL,TOTAL,TOTAL,TOTAL,2011,Greece,0,,,
ELSS,UNK,T,TOTAL,TOTAL,TOTAL,TOTAL,2011,Greece,0,,,
ELSSS,UNK,T,TOTAL,TOTAL,TOTAL,TOTAL,2011,Greece,0,,,
ELZ,UNK,T,TOTAL,TOTAL,TOTAL,TOTAL,2011,Greece,0,,,
ELZZ,UNK,T,TOTAL,TOTAL,TOTAL,TOTAL,2011,Greece,0,,,
ELZZZ,UNK,T,TOTAL,TOTAL,TOTAL,TOTAL,2011,Greece,0,,,
MT,NAT,T,TOTAL,TOTAL,TOTAL,TOTAL,2011,Malta,382316,,,
MT0,NAT,T,TOTAL,TOTAL,TOTAL,TOTAL,2011,Malta,382316,,,
MT00,NAT,T,TOTAL,TOTAL,TOTAL,TOTAL,2011,Malta,382316,,,
MT001,NAT,T,TOTAL,TOTAL,TOTAL,TOTAL,2011,Malta,354616,,,
MT002,NAT,T,TOTAL,TOTAL,TOTAL,TOTAL,2011,Malta,27700,,,
MTZ,NAT,T,TOTAL,TOTAL,TOTAL,TOTAL,2011,Malta,0,,,
MTZZ,NAT,T,TOTAL,TOTAL,TOTAL,TOTAL,2011,Malta,0,,,
MTZZZ,NAT,T,TOTAL,TOTAL,TOTAL,TOTAL,2011,Malta,0,,,
MT,FOR,T,TOTAL,TOTAL,TOTAL,TOTAL,2011,Malta,35116,,,
MT0,FOR,T,TOTAL,TOTAL,TOTAL,TOTAL,2011,Malta,35116,,,
MT00,FOR,T,TOTAL,TOTAL,TOTAL,TOTAL,2011,Malta,35116,,,
MT001,FOR,T,TOTAL,TOTAL,TOTAL,TOTAL,2011,Malta,31441,,,
MT002,FOR,T,TOTAL,TOTAL,TOTAL,TOTAL,2011,Malta,3675,,,
MTZ,FOR,T,TOTAL,TOTAL,TOTAL,TOTAL,2011,Malta,0,,,
MTZZ,FOR,T,TOTAL,TOTAL,TOTAL,TOTAL,2011,Malta,0,,,
MTZZZ,FOR,T,TOTAL,TOTAL,TOTAL,TOTAL,2011,Malta,0,,,
MT,OTH,T,TOTAL,TOTAL,TOTAL,TOTAL,2011,Malta,0,,,
MT0,OTH,T,TOTAL,TOTAL,TOTAL,TOTAL,2011,Malta,0,,,
MT00,OTH,T,TOTAL,TOTAL,TOTAL,TOTAL,2011,Malta,0,,,
MT001,OTH,T,TOTAL,TOTAL,TOTAL,TOTAL,2011,Malta,0,,,
MT002,OTH,T,TOTAL,TOTAL,TOTAL,TOTAL,2011,Malta,0,,,
MTZ,OTH,T,TOTAL,TOTAL,TOTAL,TOTAL,2011,Malta,0,,,
MTZZ,OTH,T,TOTAL,TOTAL,TOTAL,TOTAL,2011,Malta,0,,,
MTZZZ,OTH,T,TOTAL,TOTAL,TOTAL,TOTAL,2011,Malta,0,,,
MT,UNK,T,TOTAL,TOTAL,TOTAL,TOTAL,2011,Malta,0,,,
MT0,UNK,T,TOTAL,TOTAL,TOTAL,TOTAL,2011,Malta,0,,,
MT00,UNK,T,TOTAL,TOTAL,TOTAL,TOTAL,2011,Malta,0,,,
MT001,UNK,T,TOTAL,TOTAL,TOTAL,TOTAL,2011,Malta,0,,,
MT002,UNK,T,TOTAL,TOTAL,TOTAL,TOTAL,2011,Malta,0,,,
MTZ,UNK,T,TOTAL,TOTAL,TOTAL,TOTAL,2011,Malta,0,,,
MTZZ,UNK,T,TOTAL,TOTAL,TOTAL,TOTAL,2011,Malta,0,,,
MTZZZ,UNK,T,TOTAL,TOTAL,TOTAL,TOTAL,2011,Malta,0,,,
IS,NAT,T,TOTAL,TOTAL,TOTAL,TOTAL,2011,Iceland,282280,,,
IS0,NAT,T,TOTAL,TOTAL,TOTAL,TOTAL,2011,Iceland,282280,,,
IS00,NAT,T,TOTAL,TOTAL,TOTAL,TOTAL,2011,Iceland,282280,,,
IS001,NAT,T,TOTAL,TOTAL,TOTAL,TOTAL,2011,Iceland,178198,,,
IS002,NAT,T,TOTAL,TOTAL,TOTAL,TOTAL,2011,Iceland,104082,,,
ISZ,NAT,T,TOTAL,TOTAL,TOTAL,TOTAL,2011,Iceland,0,,,
ISZZ,NAT,T,TOTAL,TOTAL,TOTAL,TOTAL,2011,Iceland,0,,,
ISZZZ,NAT,T,TOTAL,TOTAL,TOTAL,TOTAL,2011,Iceland,0,,,
IS,FOR,T,TOTAL,TOTAL,TOTAL,TOTAL,2011,Iceland,32501,,,
IS0,FOR,T,TOTAL,TOTAL,TOTAL,TOTAL,2011,Iceland,32501,,,
IS00,FOR,T,TOTAL,TOTAL,TOTAL,TOTAL,2011,Iceland,32501,,,
IS001,FOR,T,TOTAL,TOTAL,TOTAL,TOTAL,2011,Iceland,22567,,,
IS002,FOR,T,TOTAL,TOTAL,TOTAL,TOTAL,2011,Iceland,9934,,,
ISZ,FOR,T,TOTAL,TOTAL,TOTAL,TOTAL,2011,Iceland,0,,,
ISZZ,FOR,T,TOTAL,TOTAL,TOTAL,TOTAL,2011,Iceland,0,,,
ISZZZ,FOR,T,TOTAL,TOTAL,TOTAL,TOTAL,2011,Iceland,0,,,
IS,OTH,T,TOTAL,TOTAL,TOTAL,TOTAL,2011,Iceland,325,,,
IS0,OTH,T,TOTAL,TOTAL,TOTAL,TOTAL,2011,Iceland,325,,,
IS00,OTH,T,TOTAL,TOTAL,TOTAL,TOTAL,2011,Iceland,325,,,
IS001,OTH,T,TOTAL,TOTAL,TOTAL,TOTAL,2011,Iceland,248,,,
IS002,OTH,T,TOTAL,TOTAL,TOTAL,TOTAL,2011,Iceland,77,,,
ISZ,OTH,T,TOTAL,TOTAL,TOTAL,TOTAL,2011,Iceland,0,,,
ISZZ,OTH,T,TOTAL,TOTAL,TOTAL,TOTAL,2011,Iceland,0,,,
ISZZZ,OTH,T,TOTAL,TOTAL,TOTAL,TOTAL,2011,Iceland,0,,,
IS,UNK,T,TOTAL,TOTAL,TOTAL,TOTAL,2011,Iceland,450,,,
IS0,UNK,T,TOTAL,TOTAL,TOTAL,TOTAL,2011,Iceland,450,,,
IS00,UNK,T,TOTAL,TOTAL,TOTAL,TOTAL,2011,Iceland,450,,,
IS001,UNK,T,TOTAL,TOTAL,TOTAL,TOTAL,2011,Iceland,312,,,
IS002,UNK,T,TOTAL,TOTAL,TOTAL,TOTAL,2011,Iceland,138,,,
ISZ,UNK,T,TOTAL,TOTAL,TOTAL,TOTAL,2011,Iceland,0,,,
ISZZ,UNK,T,TOTAL,TOTAL,TOTAL,TOTAL,2011,Iceland,0,,,
ISZZZ,UNK,T,TOTAL,TOTAL,TOTAL,TOTAL,2011,Iceland,0,,,
IT,NAT,T,TOTAL,TOTAL,TOTAL,TOTAL,2011,Italy,54630177,,,
ITC,NAT,T,TOTAL,TOTAL,TOTAL,TOTAL,2011,Italy,14230102,,,
ITC1,NAT,T,TOTAL,TOTAL,TOTAL,TOTAL,2011,Italy,3961557,,,
ITC11,NAT,T,TOTAL,TOTAL,TOTAL,TOTAL,2011,Italy,2040087,,,
ITC12,NAT,T,TOTAL,TOTAL,TOTAL,TOTAL,2011,Italy,162465,,,
ITC13,NAT,T,TOTAL,TOTAL,TOTAL,TOTAL,2011,Italy,169510,,,
ITC14,NAT,T,TOTAL,TOTAL,TOTAL,TOTAL,2011,Italy,148137,,,
ITC15,NAT,T,TOTAL,TOTAL,TOTAL,TOTAL,2011,Italy,330783,,,
ITC16,NAT,T,TOTAL,TOTAL,TOTAL,TOTAL,2011,Italy,529903,,,
ITC17,NAT,T,TOTAL,TOTAL,TOTAL,TOTAL,2011,Italy,194409,,,
ITC18,NAT,T,TOTAL,TOTAL,TOTAL,TOTAL,2011,Italy,386263,,,
ITC2,NAT,T,TOTAL,TOTAL,TOTAL,TOTAL,2011,Italy,116137,,,
ITC20,NAT,T,TOTAL,TOTAL,TOTAL,TOTAL,2011,Italy,116137,,,
ITC3,NAT,T,TOTAL,TOTAL,TOTAL,TOTAL,2011,Italy,1432607,,,
ITC31,NAT,T,TOTAL,TOTAL,TOTAL,TOTAL,2011,Italy,189640,,,
ITC32,NAT,T,TOTAL,TOTAL,TOTAL,TOTAL,2011,Italy,257126,,,
ITC33,NAT,T,TOTAL,TOTAL,TOTAL,TOTAL,2011,Italy,784267,,,
ITC34,NAT,T,TOTAL,TOTAL,TOTAL,TOTAL,2011,Italy,201574,,,
ITC4,NAT,T,TOTAL,TOTAL,TOTAL,TOTAL,2011,Italy,8719801,,,
ITC41,NAT,T,TOTAL,TOTAL,TOTAL,TOTAL,2011,Italy,794622,,,
ITC42,NAT,T,TOTAL,TOTAL,TOTAL,TOTAL,2011,Italy,536412,,,
ITC43,NAT,T,TOTAL,TOTAL,TOTAL,TOTAL,2011,Italy,309829,,,
ITC44,NAT,T,TOTAL,TOTAL,TOTAL,TOTAL,2011,Italy,169928,,,
ITC46,NAT,T,TOTAL,TOTAL,TOTAL,TOTAL,2011,Italy,972939,,,
ITC47,NAT,T,TOTAL,TOTAL,TOTAL,TOTAL,2011,Italy,1088545,,,
ITC48,NAT,T,TOTAL,TOTAL,TOTAL,TOTAL,2011,Italy,488166,,,
ITC49,NAT,T,TOTAL,TOTAL,TOTAL,TOTAL,2011,Italy,201755,,,
ITC4A,NAT,T,TOTAL,TOTAL,TOTAL,TOTAL,2011,Italy,322290,,,
ITC4B,NAT,T,TOTAL,TOTAL,TOTAL,TOTAL,2011,Italy,360412,,,
ITC4C,NAT,T,TOTAL,TOTAL,TOTAL,TOTAL,2011,Italy,2698423,,,
ITC4D,NAT,T,TOTAL,TOTAL,TOTAL,TOTAL,2011,Italy,776480,,,
ITF,NAT,T,TOTAL,TOTAL,TOTAL,TOTAL,2011,Italy,13347233,,,
ITF1,NAT,T,TOTAL,TOTAL,TOTAL,TOTAL,2011,Italy,1196766,,,
ITF11,NAT,T,TOTAL,TOTAL,TOTAL,TOTAL,2011,Italy,273235,,,
ITF12,NAT,T,TOTAL,TOTAL,TOTAL,TOTAL,2011,Italy,274703,,,
ITF13,NAT,T,TOTAL,TOTAL,TOTAL,TOTAL,2011,Italy,290092,,,
ITF14,NAT,T,TOTAL,TOTAL,TOTAL,TOTAL,2011,Italy,358736,,,
ITF2,NAT,T,TOTAL,TOTAL,TOTAL,TOTAL,2011,Italy,295354,,,
ITF21,NAT,T,TOTAL,TOTAL,TOTAL,TOTAL,2011,Italy,82010,,,
ITF22,NAT,T,TOTAL,TOTAL,TOTAL,TOTAL,2011,Italy,213344,,,
ITF3,NAT,T,TOTAL,TOTAL,TOTAL,TOTAL,2011,Italy,5545154,,,
ITF31,NAT,T,TOTAL,TOTAL,TOTAL,TOTAL,2011,Italy,863064,,,
ITF32,NAT,T,TOTAL,TOTAL,TOTAL,TOTAL,2011,Italy,272279,,,
ITF33,NAT,T,TOTAL,TOTAL,TOTAL,TOTAL,2011,Italy,2965282,,,
ITF34,NAT,T,TOTAL,TOTAL,TOTAL,TOTAL,2011,Italy,404885,,,
ITF35,NAT,T,TOTAL,TOTAL,TOTAL,TOTAL,2011,Italy,1039644,,,
ITF4,NAT,T,TOTAL,TOTAL,TOTAL,TOTAL,2011,Italy,3901090,,,
ITF43,NAT,T,TOTAL,TOTAL,TOTAL,TOTAL,2011,Italy,570205,,,
ITF44,NAT,T,TOTAL,TOTAL,TOTAL,TOTAL,2011,Italy,386253,,,
ITF45,NAT,T,TOTAL,TOTAL,TOTAL,TOTAL,2011,Italy,758534,,,
ITF46,NAT,T,TOTAL,TOTAL,TOTAL,TOTAL,2011,Italy,601478,,,
ITF47,NAT,T,TOTAL,TOTAL,TOTAL,TOTAL,2011,Italy,1202851,,,
ITF48,NAT,T,TOTAL,TOTAL,TOTAL,TOTAL,2011,Italy,381769,,,
ITF5,NAT,T,TOTAL,TOTAL,TOTAL,TOTAL,2011,Italy,555323,,,
ITF51,NAT,T,TOTAL,TOTAL,TOTAL,TOTAL,2011,Italy,363557,,,
ITF52,NAT,T,TOTAL,TOTAL,TOTAL,TOTAL,2011,Italy,191766,,,
ITF6,NAT,T,TOTAL,TOTAL,TOTAL,TOTAL,2011,Italy,1853546,,,
ITF61,NAT,T,TOTAL,TOTAL,TOTAL,TOTAL,2011,Italy,670511,,,
ITF62,NAT,T,TOTAL,TOTAL,TOTAL,TOTAL,2011,Italy,161955,,,
ITF63,NAT,T,TOTAL,TOTAL,TOTAL,TOTAL,2011,Italy,341641,,,
ITF64,NAT,T,TOTAL,TOTAL,TOTAL,TOTAL,2011,Italy,155899,,,
ITF65,NAT,T,TOTAL,TOTAL,TOTAL,TOTAL,2011,Italy,523540,,,
ITG,NAT,T,TOTAL,TOTAL,TOTAL,TOTAL,2011,Italy,6371490,,,
ITG1,NAT,T,TOTAL,TOTAL,TOTAL,TOTAL,2011,Italy,4784803,,,
ITG11,NAT,T,TOTAL,TOTAL,TOTAL,TOTAL,2011,Italy,412335,,,
ITG12,NAT,T,TOTAL,TOTAL,TOTAL,TOTAL,2011,Italy,1200933,,,
ITG13,NAT,T,TOTAL,TOTAL,TOTAL,TOTAL,2011,Italy,615444,,,
ITG14,NAT,T,TOTAL,TOTAL,TOTAL,TOTAL,2011,Italy,420865,,,
ITG15,NAT,T,TOTAL,TOTAL,TOTAL,TOTAL,2011,Italy,262006,,,
ITG16,NAT,T,TOTAL,TOTAL,TOTAL,TOTAL,2011,Italy,165335,,,
ITG17,NAT,T,TOTAL,TOTAL,TOTAL,TOTAL,2011,Italy,1040463,,,
ITG18,NAT,T,TOTAL,TOTAL,TOTAL,TOTAL,2011,Italy,286153,,,
ITG19,NAT,T,TOTAL,TOTAL,TOTAL,TOTAL,2011,Italy,381269,,,
ITG2,NAT,T,TOTAL,TOTAL,TOTAL,TOTAL,2011,Italy,1586687,,,
ITG25,NAT,T,TOTAL,TOTAL,TOTAL,TOTAL,2011,Italy,318620,,,
ITG26,NAT,T,TOTAL,TOTAL,TOTAL,TOTAL,2011,Italy,153580,,,
ITG27,NAT,T,TOTAL,TOTAL,TOTAL,TOTAL,2011,Italy,534183,,,
ITG28,NAT,T,TOTAL,TOTAL,TOTAL,TOTAL,2011,Italy,159354,,,
ITG29,NAT,T,TOTAL,TOTAL,TOTAL,TOTAL,2011,Italy,140231,,,
ITG2A,NAT,T,TOTAL,TOTAL,TOTAL,TOTAL,2011,Italy,55349,,,
ITG2B,NAT,T,TOTAL,TOTAL,TOTAL,TOTAL,2011,Italy,99446,,,
ITG2C,NAT,T,TOTAL,TOTAL,TOTAL,TOTAL,2011,Italy,125924,,,
ITH,NAT,T,TOTAL,TOTAL,TOTAL,TOTAL,2011,Italy,10190369,,,
ITH1,NAT,T,TOTAL,TOTAL,TOTAL,TOTAL,2011,Italy,457010,,,
ITH10,NAT,T,TOTAL,TOTAL,TOTAL,TOTAL,2011,Italy,457010,,,
ITH2,NAT,T,TOTAL,TOTAL,TOTAL,TOTAL,2011,Italy,469520,,,
ITH20,NAT,T,TOTAL,TOTAL,TOTAL,TOTAL,2011,Italy,469520,,,
ITH3,NAT,T,TOTAL,TOTAL,TOTAL,TOTAL,2011,Italy,4351334,,,
ITH31,NAT,T,TOTAL,TOTAL,TOTAL,TOTAL,2011,Italy,802039,,,
ITH32,NAT,T,TOTAL,TOTAL,TOTAL,TOTAL,2011,Italy,762760,,,
ITH33,NAT,T,TOTAL,TOTAL,TOTAL,TOTAL,2011,Italy,188603,,,
ITH34,NAT,T,TOTAL,TOTAL,TOTAL,TOTAL,2011,Italy,767469,,,
ITH35,NAT,T,TOTAL,TOTAL,TOTAL,TOTAL,2011,Italy,770021,,,
ITH36,NAT,T,TOTAL,TOTAL,TOTAL,TOTAL,2011,Italy,833588,,,
ITH37,NAT,T,TOTAL,TOTAL,TOTAL,TOTAL,2011,Italy,226854,,,
ITH4,NAT,T,TOTAL,TOTAL,TOTAL,TOTAL,2011,Italy,1049810,,,
ITH41,NAT,T,TOTAL,TOTAL,TOTAL,TOTAL,2011,Italy,266043,,,
ITH42,NAT,T,TOTAL,TOTAL,TOTAL,TOTAL,2011,Italy,476529,,,
ITH43,NAT,T,TOTAL,TOTAL,TOTAL,TOTAL,2011,Italy,122127,,,
ITH44,NAT,T,TOTAL,TOTAL,TOTAL,TOTAL,2011,Italy,185111,,,
ITH5,NAT,T,TOTAL,TOTAL,TOTAL,TOTAL,2011,Italy,3862695,,,
ITH51,NAT,T,TOTAL,TOTAL,TOTAL,TOTAL,2011,Italy,247742,,,
ITH52,NAT,T,TOTAL,TOTAL,TOTAL,TOTAL,2011,Italy,376103,,,
ITH53,NAT,T,TOTAL,TOTAL,TOTAL,TOTAL,2011,Italy,455048,,,
ITH54,NAT,T,TOTAL,TOTAL,TOTAL,TOTAL,2011,Italy,604201,,,
ITH55,NAT,T,TOTAL,TOTAL,TOTAL,TOTAL,2011,Italy,874501,,,
ITH56,NAT,T,TOTAL,TOTAL,TOTAL,TOTAL,2011,Italy,327004,,,
ITH57,NAT,T,TOTAL,TOTAL,TOTAL,TOTAL,2011,Italy,342898,,,
ITH58,NAT,T,TOTAL,TOTAL,TOTAL,TOTAL,2011,Italy,348968,,,
ITH59,NAT,T,TOTAL,TOTAL,TOTAL,TOTAL,2011,Italy,286230,,,
ITI,NAT,T,TOTAL,TOTAL,TOTAL,TOTAL,2011,Italy,10490983,,,
ITI1,NAT,T,TOTAL,TOTAL,TOTAL,TOTAL,2011,Italy,3315592,,,
ITI11,NAT,T,TOTAL,TOTAL,TOTAL,TOTAL,2011,Italy,184603,,,
ITI12,NAT,T,TOTAL,TOTAL,TOTAL,TOTAL,2011,Italy,356380,,,
ITI13,NAT,T,TOTAL,TOTAL,TOTAL,TOTAL,2011,Italy,260305,,,
ITI14,NAT,T,TOTAL,TOTAL,TOTAL,TOTAL,2011,Italy,868020,,,
ITI15,NAT,T,TOTAL,TOTAL,TOTAL,TOTAL,2011,Italy,214738,,,
ITI16,NAT,T,TOTAL,TOTAL,TOTAL,TOTAL,2011,Italy,308926,,,
ITI17,NAT,T,TOTAL,TOTAL,TOTAL,TOTAL,2011,Italy,375292,,,
ITI18,NAT,T,TOTAL,TOTAL,TOTAL,TOTAL,2011,Italy,308021,,,
ITI19,NAT,T,TOTAL,TOTAL,TOTAL,TOTAL,2011,Italy,238446,,,
ITI1A,NAT,T,TOTAL,TOTAL,TOTAL,TOTAL,2011,Italy,200861,,,
ITI2,NAT,T,TOTAL,TOTAL,TOTAL,TOTAL,2011,Italy,788655,,,
ITI21,NAT,T,TOTAL,TOTAL,TOTAL,TOTAL,2011,Italy,581603,,,
ITI22,NAT,T,TOTAL,TOTAL,TOTAL,TOTAL,2011,Italy,207052,,,
ITI3,NAT,T,TOTAL,TOTAL,TOTAL,TOTAL,2011,Italy,1388063,,,
ITI31,NAT,T,TOTAL,TOTAL,TOTAL,TOTAL,2011,Italy,323665,,,
ITI32,NAT,T,TOTAL,TOTAL,TOTAL,TOTAL,2011,Italy,428147,,,
ITI33,NAT,T,TOTAL,TOTAL,TOTAL,TOTAL,2011,Italy,284385,,,
ITI34,NAT,T,TOTAL,TOTAL,TOTAL,TOTAL,2011,Italy,193231,,,
ITI35,NAT,T,TOTAL,TOTAL,TOTAL,TOTAL,2011,Italy,158635,,,
ITI4,NAT,T,TOTAL,TOTAL,TOTAL,TOTAL,2011,Italy,4998673,,,
ITI41,NAT,T,TOTAL,TOTAL,TOTAL,TOTAL,2011,Italy,286347,,,
ITI42,NAT,T,TOTAL,TOTAL,TOTAL,TOTAL,2011,Italy,143997,,,
ITI43,NAT,T,TOTAL,TOTAL,TOTAL,TOTAL,2011,Italy,3602643,,,
ITI44,NAT,T,TOTAL,TOTAL,TOTAL,TOTAL,2011,Italy,503172,,,
ITI45,NAT,T,TOTAL,TOTAL,TOTAL,TOTAL,2011,Italy,462514,,,
ITZ,NAT,T,TOTAL,TOTAL,TOTAL,TOTAL,2011,Italy,0,,,
ITZZ,NAT,T,TOTAL,TOTAL,TOTAL,TOTAL,2011,Italy,0,,,
ITZZZ,NAT,T,TOTAL,TOTAL,TOTAL,TOTAL,2011,Italy,0,,,
IT,FOR,T,TOTAL,TOTAL,TOTAL,TOTAL,2011,Italy,4803567,,,
ITC,FOR,T,TOTAL,TOTAL,TOTAL,TOTAL,2011,Italy,1535465,,,
ITC1,FOR,T,TOTAL,TOTAL,TOTAL,TOTAL,2011,Italy,402359,,,
ITC11,FOR,T,TOTAL,TOTAL,TOTAL,TOTAL,2011,Italy,207693,,,
ITC12,FOR,T,TOTAL,TOTAL,TOTAL,TOTAL,2011,Italy,14476,,,
ITC13,FOR,T,TOTAL,TOTAL,TOTAL,TOTAL,2011,Italy,12682,,,
ITC14,FOR,T,TOTAL,TOTAL,TOTAL,TOTAL,2011,Italy,12127,,,
ITC15,FOR,T,TOTAL,TOTAL,TOTAL,TOTAL,2011,Italy,34776,,,
ITC16,FOR,T,TOTAL,TOTAL,TOTAL,TOTAL,2011,Italy,56475,,,
ITC17,FOR,T,TOTAL,TOTAL,TOTAL,TOTAL,2011,Italy,23164,,,
ITC18,FOR,T,TOTAL,TOTAL,TOTAL,TOTAL,2011,Italy,40966,,,
ITC2,FOR,T,TOTAL,TOTAL,TOTAL,TOTAL,2011,Italy,10669,,,
ITC20,FOR,T,TOTAL,TOTAL,TOTAL,TOTAL,2011,Italy,10669,,,
ITC3,FOR,T,TOTAL,TOTAL,TOTAL,TOTAL,2011,Italy,138087,,,
ITC31,FOR,T,TOTAL,TOTAL,TOTAL,TOTAL,2011,Italy,24862,,,
ITC32,FOR,T,TOTAL,TOTAL,TOTAL,TOTAL,2011,Italy,23902,,,
ITC33,FOR,T,TOTAL,TOTAL,TOTAL,TOTAL,2011,Italy,71567,,,
ITC34,FOR,T,TOTAL,TOTAL,TOTAL,TOTAL,2011,Italy,17756,,,
ITC4,FOR,T,TOTAL,TOTAL,TOTAL,TOTAL,2011,Italy,984350,,,
ITC41,FOR,T,TOTAL,TOTAL,TOTAL,TOTAL,2011,Italy,77264,,,
ITC42,FOR,T,TOTAL,TOTAL,TOTAL,TOTAL,2011,Italy,50323,,,
ITC43,FOR,T,TOTAL,TOTAL,TOTAL,TOTAL,2011,Italy,26481,,,
ITC44,FOR,T,TOTAL,TOTAL,TOTAL,TOTAL,2011,Italy,10886,,,
ITC46,FOR,T,TOTAL,TOTAL,TOTAL,TOTAL,2011,Italy,113338,,,
ITC47,FOR,T,TOTAL,TOTAL,TOTAL,TOTAL,2011,Italy,149499,,,
ITC48,FOR,T,TOTAL,TOTAL,TOTAL,TOTAL,2011,Italy,47656,,,
ITC49,FOR,T,TOTAL,TOTAL,TOTAL,TOTAL,2011,Italy,22000,,,
ITC4A,FOR,T,TOTAL,TOTAL,TOTAL,TOTAL,2011,Italy,35333,,,
ITC4B,FOR,T,TOTAL,TOTAL,TOTAL,TOTAL,2011,Italy,47924,,,
ITC4C,FOR,T,TOTAL,TOTAL,TOTAL,TOTAL,2011,Italy,339997,,,
ITC4D,FOR,T,TOTAL,TOTAL,TOTAL,TOTAL,2011,Italy,63649,,,
ITF,FOR,T,TOTAL,TOTAL,TOTAL,TOTAL,2011,Italy,630198,,,
ITF1,FOR,T,TOTAL,TOTAL,TOTAL,TOTAL,2011,Italy,110543,,,
ITF11,FOR,T,TOTAL,TOTAL,TOTAL,TOTAL,2011,Italy,25108,,,
ITF12,FOR,T,TOTAL,TOTAL,TOTAL,TOTAL,2011,Italy,31646,,,
ITF13,FOR,T,TOTAL,TOTAL,TOTAL,TOTAL,2011,Italy,24569,,,
ITF14,FOR,T,TOTAL,TOTAL,TOTAL,TOTAL,2011,Italy,29220,,,
ITF2,FOR,T,TOTAL,TOTAL,TOTAL,TOTAL,2011,Italy,18306,,,
ITF21,FOR,T,TOTAL,TOTAL,TOTAL,TOTAL,2011,Italy,5231,,,
ITF22,FOR,T,TOTAL,TOTAL,TOTAL,TOTAL,2011,Italy,13075,,,
ITF3,FOR,T,TOTAL,TOTAL,TOTAL,TOTAL,2011,Italy,221656,,,
ITF31,FOR,T,TOTAL,TOTAL,TOTAL,TOTAL,2011,Italy,41857,,,
ITF32,FOR,T,TOTAL,TOTAL,TOTAL,TOTAL,2011,Italy,12621,,,
ITF33,FOR,T,TOTAL,TOTAL,TOTAL,TOTAL,2011,Italy,89674,,,
ITF34,FOR,T,TOTAL,TOTAL,TOTAL,TOTAL,2011,Italy,24272,,,
ITF35,FOR,T,TOTAL,TOTAL,TOTAL,TOTAL,2011,Italy,53232,,,
ITF4,FOR,T,TOTAL,TOTAL,TOTAL,TOTAL,2011,Italy,151476,,,
ITF43,FOR,T,TOTAL,TOTAL,TOTAL,TOTAL,2011,Italy,14444,,,
ITF44,FOR,T,TOTAL,TOTAL,TOTAL,TOTAL,2011,Italy,14548,,,
ITF45,FOR,T,TOTAL,TOTAL,TOTAL,TOTAL,2011,Italy,43484,,,
ITF46,FOR,T,TOTAL,TOTAL,TOTAL,TOTAL,2011,Italy,24594,,,
ITF47,FOR,T,TOTAL,TOTAL,TOTAL,TOTAL,2011,Italy,44452,,,
ITF48,FOR,T,TOTAL,TOTAL,TOTAL,TOTAL,2011,Italy,9954,,,
ITF5,FOR,T,TOTAL,TOTAL,TOTAL,TOTAL,2011,Italy,22713,,,
ITF51,FOR,T,TOTAL,TOTAL,TOTAL,TOTAL,2011,Italy,14378,,,
ITF52,FOR,T,TOTAL,TOTAL,TOTAL,TOTAL,2011,Italy,8335,,,
ITF6,FOR,T,TOTAL,TOTAL,TOTAL,TOTAL,2011,Italy,105504,,,
ITF61,FOR,T,TOTAL,TOTAL,TOTAL,TOTAL,2011,Italy,43519,,,
ITF62,FOR,T,TOTAL,TOTAL,TOTAL,TOTAL,2011,Italy,8848,,,
ITF63,FOR,T,TOTAL,TOTAL,TOTAL,TOTAL,2011,Italy,18200,,,
ITF64,FOR,T,TOTAL,TOTAL,TOTAL,TOTAL,2011,Italy,7510,,,
ITF65,FOR,T,TOTAL,TOTAL,TOTAL,TOTAL,2011,Italy,27427,,,
ITG,FOR,T,TOTAL,TOTAL,TOTAL,TOTAL,2011,Italy,270776,,,
ITG1,FOR,T,TOTAL,TOTAL,TOTAL,TOTAL,2011,Italy,218101,,,
ITG11,FOR,T,TOTAL,TOTAL,TOTAL,TOTAL,2011,Italy,17582,,,
ITG12,FOR,T,TOTAL,TOTAL,TOTAL,TOTAL,2011,Italy,42652,,,
ITG13,FOR,T,TOTAL,TOTAL,TOTAL,TOTAL,2011,Italy,34380,,,
ITG14,FOR,T,TOTAL,TOTAL,TOTAL,TOTAL,2011,Italy,25972,,,
ITG15,FOR,T,TOTAL,TOTAL,TOTAL,TOTAL,2011,Italy,11093,,,
ITG16,FOR,T,TOTAL,TOTAL,TOTAL,TOTAL,2011,Italy,8116,,,
ITG17,FOR,T,TOTAL,TOTAL,TOTAL,TOTAL,2011,Italy,38303,,,
ITG18,FOR,T,TOTAL,TOTAL,TOTAL,TOTAL,2011,Italy,21339,,,
ITG19,FOR,T,TOTAL,TOTAL,TOTAL,TOTAL,2011,Italy,18664,,,
ITG2,FOR,T,TOTAL,TOTAL,TOTAL,TOTAL,2011,Italy,52675,,,
ITG25,FOR,T,TOTAL,TOTAL,TOTAL,TOTAL,2011,Italy,9423,,,
ITG26,FOR,T,TOTAL,TOTAL,TOTAL,TOTAL,2011,Italy,5617,,,
ITG27,FOR,T,TOTAL,TOTAL,TOTAL,TOTAL,2011,Italy,16397,,,
ITG28,FOR,T,TOTAL,TOTAL,TOTAL,TOTAL,2011,Italy,4562,,,
ITG29,FOR,T,TOTAL,TOTAL,TOTAL,TOTAL,2011,Italy,10270,,,
ITG2A,FOR,T,TOTAL,TOTAL,TOTAL,TOTAL,2011,Italy,1980,,,
ITG2B,FOR,T,TOTAL,TOTAL,TOTAL,TOTAL,2011,Italy,1810,,,
ITG2C,FOR,T,TOTAL,TOTAL,TOTAL,TOTAL,2011,Italy,2616,,,
ITH,FOR,T,TOTAL,TOTAL,TOTAL,TOTAL,2011,Italy,1257436,,,
ITH1,FOR,T,TOTAL,TOTAL,TOTAL,TOTAL,2011,Italy,47633,,,
ITH10,FOR,T,TOTAL,TOTAL,TOTAL,TOTAL,2011,Italy,47633,,,
ITH2,FOR,T,TOTAL,TOTAL,TOTAL,TOTAL,2011,Italy,55312,,,
ITH20,FOR,T,TOTAL,TOTAL,TOTAL,TOTAL,2011,Italy,55312,,,
ITH3,FOR,T,TOTAL,TOTAL,TOTAL,TOTAL,2011,Italy,505876,,,
ITH31,FOR,T,TOTAL,TOTAL,TOTAL,TOTAL,2011,Italy,98503,,,
ITH32,FOR,T,TOTAL,TOTAL,TOTAL,TOTAL,2011,Italy,96445,,,
ITH33,FOR,T,TOTAL,TOTAL,TOTAL,TOTAL,2011,Italy,21398,,,
ITH34,FOR,T,TOTAL,TOTAL,TOTAL,TOTAL,2011,Italy,109321,,,
ITH35,FOR,T,TOTAL,TOTAL,TOTAL,TOTAL,2011,Italy,76941,,,
ITH36,FOR,T,TOTAL,TOTAL,TOTAL,TOTAL,2011,Italy,87773,,,
ITH37,FOR,T,TOTAL,TOTAL,TOTAL,TOTAL,2011,Italy,15495,,,
ITH4,FOR,T,TOTAL,TOTAL,TOTAL,TOTAL,2011,Italy,169175,,,
ITH41,FOR,T,TOTAL,TOTAL,TOTAL,TOTAL,2011,Italy,44768,,,
ITH42,FOR,T,TOTAL,TOTAL,TOTAL,TOTAL,2011,Italy,58901,,,
ITH43,FOR,T,TOTAL,TOTAL,TOTAL,TOTAL,2011,Italy,18016,,,
ITH44,FOR,T,TOTAL,TOTAL,TOTAL,TOTAL,2011,Italy,47490,,,
ITH5,FOR,T,TOTAL,TOTAL,TOTAL,TOTAL,2011,Italy,479440,,,
ITH51,FOR,T,TOTAL,TOTAL,TOTAL,TOTAL,2011,Italy,36874,,,
ITH52,FOR,T,TOTAL,TOTAL,TOTAL,TOTAL,2011,Italy,51331,,,
ITH53,FOR,T,TOTAL,TOTAL,TOTAL,TOTAL,2011,Italy,62268,,,
ITH54,FOR,T,TOTAL,TOTAL,TOTAL,TOTAL,2011,Italy,81576,,,
ITH55,FOR,T,TOTAL,TOTAL,TOTAL,TOTAL,2011,Italy,101742,,,
ITH56,FOR,T,TOTAL,TOTAL,TOTAL,TOTAL,2011,Italy,26477,,,
ITH57,FOR,T,TOTAL,TOTAL,TOTAL,TOTAL,2011,Italy,41863,,,
ITH58,FOR,T,TOTAL,TOTAL,TOTAL,TOTAL,2011,Italy,41770,,,
ITH59,FOR,T,TOTAL,TOTAL,TOTAL,TOTAL,2011,Italy,35539,,,
ITI,FOR,T,TOTAL,TOTAL,TOTAL,TOTAL,2011,Italy,1109692,,,
ITI1,FOR,T,TOTAL,TOTAL,TOTAL,TOTAL,2011,Italy,356610,,,
ITI11,FOR,T,TOTAL,TOTAL,TOTAL,TOTAL,2011,Italy,15047,,,
ITI12,FOR,T,TOTAL,TOTAL,TOTAL,TOTAL,2011,Italy,31947,,,
ITI13,FOR,T,TOTAL,TOTAL,TOTAL,TOTAL,2011,Italy,27561,,,
ITI14,FOR,T,TOTAL,TOTAL,TOTAL,TOTAL,2011,Italy,105125,,,
ITI15,FOR,T,TOTAL,TOTAL,TOTAL,TOTAL,2011,Italy,31178,,,
ITI16,FOR,T,TOTAL,TOTAL,TOTAL,TOTAL,2011,Italy,26321,,,
ITI17,FOR,T,TOTAL,TOTAL,TOTAL,TOTAL,2011,Italy,35898,,,
ITI18,FOR,T,TOTAL,TOTAL,TOTAL,TOTAL,2011,Italy,35655,,,
ITI19,FOR,T,TOTAL,TOTAL,TOTAL,TOTAL,2011,Italy,28175,,,
ITI1A,FOR,T,TOTAL,TOTAL,TOTAL,TOTAL,2011,Italy,19703,,,
ITI2,FOR,T,TOTAL,TOTAL,TOTAL,TOTAL,2011,Italy,95613,,,
ITI21,FOR,T,TOTAL,TOTAL,TOTAL,TOTAL,2011,Italy,74241,,,
ITI22,FOR,T,TOTAL,TOTAL,TOTAL,TOTAL,2011,Italy,21372,,,
ITI3,FOR,T,TOTAL,TOTAL,TOTAL,TOTAL,2011,Italy,153256,,,
ITI31,FOR,T,TOTAL,TOTAL,TOTAL,TOTAL,2011,Italy,38918,,,
ITI32,FOR,T,TOTAL,TOTAL,TOTAL,TOTAL,2011,Italy,45718,,,
ITI33,FOR,T,TOTAL,TOTAL,TOTAL,TOTAL,2011,Italy,35222,,,
ITI34,FOR,T,TOTAL,TOTAL,TOTAL,TOTAL,2011,Italy,17176,,,
ITI35,FOR,T,TOTAL,TOTAL,TOTAL,TOTAL,2011,Italy,16222,,,
ITI4,FOR,T,TOTAL,TOTAL,TOTAL,TOTAL,2011,Italy,504213,,,
ITI41,FOR,T,TOTAL,TOTAL,TOTAL,TOTAL,2011,Italy,26517,,,
ITI42,FOR,T,TOTAL,TOTAL,TOTAL,TOTAL,2011,Italy,11167,,,
ITI43,FOR,T,TOTAL,TOTAL,TOTAL,TOTAL,2011,Italy,394822,,,
ITI44,FOR,T,TOTAL,TOTAL,TOTAL,TOTAL,2011,Italy,41560,,,
ITI45,FOR,T,TOTAL,TOTAL,TOTAL,TOTAL,2011,Italy,30147,,,
ITZ,FOR,T,TOTAL,TOTAL,TOTAL,TOTAL,2011,Italy,0,,,
ITZZ,FOR,T,TOTAL,TOTAL,TOTAL,TOTAL,2011,Italy,0,,,
ITZZZ,FOR,T,TOTAL,TOTAL,TOTAL,TOTAL,2011,Italy,0,,,
IT,OTH,T,TOTAL,TOTAL,TOTAL,TOTAL,2011,Italy,0,,,
ITC,OTH,T,TOTAL,TOTAL,TOTAL,TOTAL,2011,Italy,0,,,
ITC1,OTH,T,TOTAL,TOTAL,TOTAL,TOTAL,2011,Italy,0,,,
ITC11,OTH,T,TOTAL,TOTAL,TOTAL,TOTAL,2011,Italy,0,,,
ITC12,OTH,T,TOTAL,TOTAL,TOTAL,TOTAL,2011,Italy,0,,,
ITC13,OTH,T,TOTAL,TOTAL,TOTAL,TOTAL,2011,Italy,0,,,
ITC14,OTH,T,TOTAL,TOTAL,TOTAL,TOTAL,2011,Italy,0,,,
ITC15,OTH,T,TOTAL,TOTAL,TOTAL,TOTAL,2011,Italy,0,,,
ITC16,OTH,T,TOTAL,TOTAL,TOTAL,TOTAL,2011,Italy,0,,,
ITC17,OTH,T,TOTAL,TOTAL,TOTAL,TOTAL,2011,Italy,0,,,
ITC18,OTH,T,TOTAL,TOTAL,TOTAL,TOTAL,2011,Italy,0,,,
ITC2,OTH,T,TOTAL,TOTAL,TOTAL,TOTAL,2011,Italy,0,,,
ITC20,OTH,T,TOTAL,TOTAL,TOTAL,TOTAL,2011,Italy,0,,,
ITC3,OTH,T,TOTAL,TOTAL,TOTAL,TOTAL,2011,Italy,0,,,
ITC31,OTH,T,TOTAL,TOTAL,TOTAL,TOTAL,2011,Italy,0,,,
ITC32,OTH,T,TOTAL,TOTAL,TOTAL,TOTAL,2011,Italy,0,,,
ITC33,OTH,T,TOTAL,TOTAL,TOTAL,TOTAL,2011,Italy,0,,,
ITC34,OTH,T,TOTAL,TOTAL,TOTAL,TOTAL,2011,Italy,0,,,
ITC4,OTH,T,TOTAL,TOTAL,TOTAL,TOTAL,2011,Italy,0,,,
ITC41,OTH,T,TOTAL,TOTAL,TOTAL,TOTAL,2011,Italy,0,,,
ITC42,OTH,T,TOTAL,TOTAL,TOTAL,TOTAL,2011,Italy,0,,,
ITC43,OTH,T,TOTAL,TOTAL,TOTAL,TOTAL,2011,Italy,0,,,
ITC44,OTH,T,TOTAL,TOTAL,TOTAL,TOTAL,2011,Italy,0,,,
ITC46,OTH,T,TOTAL,TOTAL,TOTAL,TOTAL,2011,Italy,0,,,
ITC47,OTH,T,TOTAL,TOTAL,TOTAL,TOTAL,2011,Italy,0,,,
ITC48,OTH,T,TOTAL,TOTAL,TOTAL,TOTAL,2011,Italy,0,,,
ITC49,OTH,T,TOTAL,TOTAL,TOTAL,TOTAL,2011,Italy,0,,,
ITC4A,OTH,T,TOTAL,TOTAL,TOTAL,TOTAL,2011,Italy,0,,,
ITC4B,OTH,T,TOTAL,TOTAL,TOTAL,TOTAL,2011,Italy,0,,,
ITC4C,OTH,T,TOTAL,TOTAL,TOTAL,TOTAL,2011,Italy,0,,,
ITC4D,OTH,T,TOTAL,TOTAL,TOTAL,TOTAL,2011,Italy,0,,,
ITF,OTH,T,TOTAL,TOTAL,TOTAL,TOTAL,2011,Italy,0,,,
ITF1,OTH,T,TOTAL,TOTAL,TOTAL,TOTAL,2011,Italy,0,,,
ITF11,OTH,T,TOTAL,TOTAL,TOTAL,TOTAL,2011,Italy,0,,,
ITF12,OTH,T,TOTAL,TOTAL,TOTAL,TOTAL,2011,Italy,0,,,
ITF13,OTH,T,TOTAL,TOTAL,TOTAL,TOTAL,2011,Italy,0,,,
ITF14,OTH,T,TOTAL,TOTAL,TOTAL,TOTAL,2011,Italy,0,,,
ITF2,OTH,T,TOTAL,TOTAL,TOTAL,TOTAL,2011,Italy,0,,,
ITF21,OTH,T,TOTAL,TOTAL,TOTAL,TOTAL,2011,Italy,0,,,
ITF22,OTH,T,TOTAL,TOTAL,TOTAL,TOTAL,2011,Italy,0,,,
ITF3,OTH,T,TOTAL,TOTAL,TOTAL,TOTAL,2011,Italy,0,,,
ITF31,OTH,T,TOTAL,TOTAL,TOTAL,TOTAL,2011,Italy,0,,,
ITF32,OTH,T,TOTAL,TOTAL,TOTAL,TOTAL,2011,Italy,0,,,
ITF33,OTH,T,TOTAL,TOTAL,TOTAL,TOTAL,2011,Italy,0,,,
ITF34,OTH,T,TOTAL,TOTAL,TOTAL,TOTAL,2011,Italy,0,,,
ITF35,OTH,T,TOTAL,TOTAL,TOTAL,TOTAL,2011,Italy,0,,,
ITF4,OTH,T,TOTAL,TOTAL,TOTAL,TOTAL,2011,Italy,0,,,
ITF43,OTH,T,TOTAL,TOTAL,TOTAL,TOTAL,2011,Italy,0,,,
ITF44,OTH,T,TOTAL,TOTAL,TOTAL,TOTAL,2011,Italy,0,,,
ITF45,OTH,T,TOTAL,TOTAL,TOTAL,TOTAL,2011,Italy,0,,,
ITF46,OTH,T,TOTAL,TOTAL,TOTAL,TOTAL,2011,Italy,0,,,
ITF47,OTH,T,TOTAL,TOTAL,TOTAL,TOTAL,2011,Italy,0,,,
ITF48,OTH,T,TOTAL,TOTAL,TOTAL,TOTAL,2011,Italy,0,,,
ITF5,OTH,T,TOTAL,TOTAL,TOTAL,TOTAL,2011,Italy,0,,,
ITF51,OTH,T,TOTAL,TOTAL,TOTAL,TOTAL,2011,Italy,0,,,
ITF52,OTH,T,TOTAL,TOTAL,TOTAL,TOTAL,2011,Italy,0,,,
ITF6,OTH,T,TOTAL,TOTAL,TOTAL,TOTAL,2011,Italy,0,,,
ITF61,OTH,T,TOTAL,TOTAL,TOTAL,TOTAL,2011,Italy,0,,,
ITF62,OTH,T,TOTAL,TOTAL,TOTAL,TOTAL,2011,Italy,0,,,
ITF63,OTH,T,TOTAL,TOTAL,TOTAL,TOTAL,2011,Italy,0,,,
ITF64,OTH,T,TOTAL,TOTAL,TOTAL,TOTAL,2011,Italy,0,,,
ITF65,OTH,T,TOTAL,TOTAL,TOTAL,TOTAL,2011,Italy,0,,,
ITG,OTH,T,TOTAL,TOTAL,TOTAL,TOTAL,2011,Italy,0,,,
ITG1,OTH,T,TOTAL,TOTAL,TOTAL,TOTAL,2011,Italy,0,,,
ITG11,OTH,T,TOTAL,TOTAL,TOTAL,TOTAL,2011,Italy,0,,,
ITG12,OTH,T,TOTAL,TOTAL,TOTAL,TOTAL,2011,Italy,0,,,
ITG13,OTH,T,TOTAL,TOTAL,TOTAL,TOTAL,2011,Italy,0,,,
ITG14,OTH,T,TOTAL,TOTAL,TOTAL,TOTAL,2011,Italy,0,,,
ITG15,OTH,T,TOTAL,TOTAL,TOTAL,TOTAL,2011,Italy,0,,,
ITG16,OTH,T,TOTAL,TOTAL,TOTAL,TOTAL,2011,Italy,0,,,
ITG17,OTH,T,TOTAL,TOTAL,TOTAL,TOTAL,2011,Italy,0,,,
ITG18,OTH,T,TOTAL,TOTAL,TOTAL,TOTAL,2011,Italy,0,,,
ITG19,OTH,T,TOTAL,TOTAL,TOTAL,TOTAL,2011,Italy,0,,,
ITG2,OTH,T,TOTAL,TOTAL,TOTAL,TOTAL,2011,Italy,0,,,
ITG25,OTH,T,TOTAL,TOTAL,TOTAL,TOTAL,2011,Italy,0,,,
ITG26,OTH,T,TOTAL,TOTAL,TOTAL,TOTAL,2011,Italy,0,,,
ITG27,OTH,T,TOTAL,TOTAL,TOTAL,TOTAL,2011,Italy,0,,,
ITG28,OTH,T,TOTAL,TOTAL,TOTAL,TOTAL,2011,Italy,0,,,
ITG29,OTH,T,TOTAL,TOTAL,TOTAL,TOTAL,2011,Italy,0,,,
ITG2A,OTH,T,TOTAL,TOTAL,TOTAL,TOTAL,2011,Italy,0,,,
ITG2B,OTH,T,TOTAL,TOTAL,TOTAL,TOTAL,2011,Italy,0,,,
ITG2C,OTH,T,TOTAL,TOTAL,TOTAL,TOTAL,2011,Italy,0,,,
ITH,OTH,T,TOTAL,TOTAL,TOTAL,TOTAL,2011,Italy,0,,,
ITH1,OTH,T,TOTAL,TOTAL,TOTAL,TOTAL,2011,Italy,0,,,
ITH10,OTH,T,TOTAL,TOTAL,TOTAL,TOTAL,2011,Italy,0,,,
ITH2,OTH,T,TOTAL,TOTAL,TOTAL,TOTAL,2011,Italy,0,,,
ITH20,OTH,T,TOTAL,TOTAL,TOTAL,TOTAL,2011,Italy,0,,,
ITH3,OTH,T,TOTAL,TOTAL,TOTAL,TOTAL,2011,Italy,0,,,
ITH31,OTH,T,TOTAL,TOTAL,TOTAL,TOTAL,2011,Italy,0,,,
ITH32,OTH,T,TOTAL,TOTAL,TOTAL,TOTAL,2011,Italy,0,,,
ITH33,OTH,T,TOTAL,TOTAL,TOTAL,TOTAL,2011,Italy,0,,,
ITH34,OTH,T,TOTAL,TOTAL,TOTAL,TOTAL,2011,Italy,0,,,
ITH35,OTH,T,TOTAL,TOTAL,TOTAL,TOTAL,2011,Italy,0,,,
ITH36,OTH,T,TOTAL,TOTAL,TOTAL,TOTAL,2011,Italy,0,,,
ITH37,OTH,T,TOTAL,TOTAL,TOTAL,TOTAL,2011,Italy,0,,,
ITH4,OTH,T,TOTAL,TOTAL,TOTAL,TOTAL,2011,Italy,0,,,
ITH41,OTH,T,TOTAL,TOTAL,TOTAL,TOTAL,2011,Italy,0,,,
ITH42,OTH,T,TOTAL,TOTAL,TOTAL,TOTAL,2011,Italy,0,,,
ITH43,OTH,T,TOTAL,TOTAL,TOTAL,TOTAL,2011,Italy,0,,,
ITH44,OTH,T,TOTAL,TOTAL,TOTAL,TOTAL,2011,Italy,0,,,
ITH5,OTH,T,TOTAL,TOTAL,TOTAL,TOTAL,2011,Italy,0,,,
ITH51,OTH,T,TOTAL,TOTAL,TOTAL,TOTAL,2011,Italy,0,,,
ITH52,OTH,T,TOTAL,TOTAL,TOTAL,TOTAL,2011,Italy,0,,,
ITH53,OTH,T,TOTAL,TOTAL,TOTAL,TOTAL,2011,Italy,0,,,
ITH54,OTH,T,TOTAL,TOTAL,TOTAL,TOTAL,2011,Italy,0,,,
ITH55,OTH,T,TOTAL,TOTAL,TOTAL,TOTAL,2011,Italy,0,,,
ITH56,OTH,T,TOTAL,TOTAL,TOTAL,TOTAL,2011,Italy,0,,,
ITH57,OTH,T,TOTAL,TOTAL,TOTAL,TOTAL,2011,Italy,0,,,
ITH58,OTH,T,TOTAL,TOTAL,TOTAL,TOTAL,2011,Italy,0,,,
ITH59,OTH,T,TOTAL,TOTAL,TOTAL,TOTAL,2011,Italy,0,,,
ITI,OTH,T,TOTAL,TOTAL,TOTAL,TOTAL,2011,Italy,0,,,
ITI1,OTH,T,TOTAL,TOTAL,TOTAL,TOTAL,2011,Italy,0,,,
ITI11,OTH,T,TOTAL,TOTAL,TOTAL,TOTAL,2011,Italy,0,,,
ITI12,OTH,T,TOTAL,TOTAL,TOTAL,TOTAL,2011,Italy,0,,,
ITI13,OTH,T,TOTAL,TOTAL,TOTAL,TOTAL,2011,Italy,0,,,
ITI14,OTH,T,TOTAL,TOTAL,TOTAL,TOTAL,2011,Italy,0,,,
ITI15,OTH,T,TOTAL,TOTAL,TOTAL,TOTAL,2011,Italy,0,,,
ITI16,OTH,T,TOTAL,TOTAL,TOTAL,TOTAL,2011,Italy,0,,,
ITI17,OTH,T,TOTAL,TOTAL,TOTAL,TOTAL,2011,Italy,0,,,
ITI18,OTH,T,TOTAL,TOTAL,TOTAL,TOTAL,2011,Italy,0,,,
ITI19,OTH,T,TOTAL,TOTAL,TOTAL,TOTAL,2011,Italy,0,,,
ITI1A,OTH,T,TOTAL,TOTAL,TOTAL,TOTAL,2011,Italy,0,,,
ITI2,OTH,T,TOTAL,TOTAL,TOTAL,TOTAL,2011,Italy,0,,,
ITI21,OTH,T,TOTAL,TOTAL,TOTAL,TOTAL,2011,Italy,0,,,
ITI22,OTH,T,TOTAL,TOTAL,TOTAL,TOTAL,2011,Italy,0,,,
ITI3,OTH,T,TOTAL,TOTAL,TOTAL,TOTAL,2011,Italy,0,,,
ITI31,OTH,T,TOTAL,TOTAL,TOTAL,TOTAL,2011,Italy,0,,,
ITI32,OTH,T,TOTAL,TOTAL,TOTAL,TOTAL,2011,Italy,0,,,
ITI33,OTH,T,TOTAL,TOTAL,TOTAL,TOTAL,2011,Italy,0,,,
ITI34,OTH,T,TOTAL,TOTAL,TOTAL,TOTAL,2011,Italy,0,,,
ITI35,OTH,T,TOTAL,TOTAL,TOTAL,TOTAL,2011,Italy,0,,,
ITI4,OTH,T,TOTAL,TOTAL,TOTAL,TOTAL,2011,Italy,0,,,
ITI41,OTH,T,TOTAL,TOTAL,TOTAL,TOTAL,2011,Italy,0,,,
ITI42,OTH,T,TOTAL,TOTAL,TOTAL,TOTAL,2011,Italy,0,,,
ITI43,OTH,T,TOTAL,TOTAL,TOTAL,TOTAL,2011,Italy,0,,,
ITI44,OTH,T,TOTAL,TOTAL,TOTAL,TOTAL,2011,Italy,0,,,
ITI45,OTH,T,TOTAL,TOTAL,TOTAL,TOTAL,2011,Italy,0,,,
ITZ,OTH,T,TOTAL,TOTAL,TOTAL,TOTAL,2011,Italy,0,,,
ITZZ,OTH,T,TOTAL,TOTAL,TOTAL,TOTAL,2011,Italy,0,,,
ITZZZ,OTH,T,TOTAL,TOTAL,TOTAL,TOTAL,2011,Italy,0,,,
IT,UNK,T,TOTAL,TOTAL,TOTAL,TOTAL,2011,Italy,0,,,
ITC,UNK,T,TOTAL,TOTAL,TOTAL,TOTAL,2011,Italy,0,,,
ITC1,UNK,T,TOTAL,TOTAL,TOTAL,TOTAL,2011,Italy,0,,,
ITC11,UNK,T,TOTAL,TOTAL,TOTAL,TOTAL,2011,Italy,0,,,
ITC12,UNK,T,TOTAL,TOTAL,TOTAL,TOTAL,2011,Italy,0,,,
ITC13,UNK,T,TOTAL,TOTAL,TOTAL,TOTAL,2011,Italy,0,,,
ITC14,UNK,T,TOTAL,TOTAL,TOTAL,TOTAL,2011,Italy,0,,,
ITC15,UNK,T,TOTAL,TOTAL,TOTAL,TOTAL,2011,Italy,0,,,
ITC16,UNK,T,TOTAL,TOTAL,TOTAL,TOTAL,2011,Italy,0,,,
ITC17,UNK,T,TOTAL,TOTAL,TOTAL,TOTAL,2011,Italy,0,,,
ITC18,UNK,T,TOTAL,TOTAL,TOTAL,TOTAL,2011,Italy,0,,,
ITC2,UNK,T,TOTAL,TOTAL,TOTAL,TOTAL,2011,Italy,0,,,
ITC20,UNK,T,TOTAL,TOTAL,TOTAL,TOTAL,2011,Italy,0,,,
ITC3,UNK,T,TOTAL,TOTAL,TOTAL,TOTAL,2011,Italy,0,,,
ITC31,UNK,T,TOTAL,TOTAL,TOTAL,TOTAL,2011,Italy,0,,,
ITC32,UNK,T,TOTAL,TOTAL,TOTAL,TOTAL,2011,Italy,0,,,
ITC33,UNK,T,TOTAL,TOTAL,TOTAL,TOTAL,2011,Italy,0,,,
ITC34,UNK,T,TOTAL,TOTAL,TOTAL,TOTAL,2011,Italy,0,,,
ITC4,UNK,T,TOTAL,TOTAL,TOTAL,TOTAL,2011,Italy,0,,,
ITC41,UNK,T,TOTAL,TOTAL,TOTAL,TOTAL,2011,Italy,0,,,
ITC42,UNK,T,TOTAL,TOTAL,TOTAL,TOTAL,2011,Italy,0,,,
ITC43,UNK,T,TOTAL,TOTAL,TOTAL,TOTAL,2011,Italy,0,,,
ITC44,UNK,T,TOTAL,TOTAL,TOTAL,TOTAL,2011,Italy,0,,,
ITC46,UNK,T,TOTAL,TOTAL,TOTAL,TOTAL,2011,Italy,0,,,
ITC47,UNK,T,TOTAL,TOTAL,TOTAL,TOTAL,2011,Italy,0,,,
ITC48,UNK,T,TOTAL,TOTAL,TOTAL,TOTAL,2011,Italy,0,,,
ITC49,UNK,T,TOTAL,TOTAL,TOTAL,TOTAL,2011,Italy,0,,,
ITC4A,UNK,T,TOTAL,TOTAL,TOTAL,TOTAL,2011,Italy,0,,,
ITC4B,UNK,T,TOTAL,TOTAL,TOTAL,TOTAL,2011,Italy,0,,,
ITC4C,UNK,T,TOTAL,TOTAL,TOTAL,TOTAL,2011,Italy,0,,,
ITC4D,UNK,T,TOTAL,TOTAL,TOTAL,TOTAL,2011,Italy,0,,,
ITF,UNK,T,TOTAL,TOTAL,TOTAL,TOTAL,2011,Italy,0,,,
ITF1,UNK,T,TOTAL,TOTAL,TOTAL,TOTAL,2011,Italy,0,,,
ITF11,UNK,T,TOTAL,TOTAL,TOTAL,TOTAL,2011,Italy,0,,,
ITF12,UNK,T,TOTAL,TOTAL,TOTAL,TOTAL,2011,Italy,0,,,
ITF13,UNK,T,TOTAL,TOTAL,TOTAL,TOTAL,2011,Italy,0,,,
ITF14,UNK,T,TOTAL,TOTAL,TOTAL,TOTAL,2011,Italy,0,,,
ITF2,UNK,T,TOTAL,TOTAL,TOTAL,TOTAL,2011,Italy,0,,,
ITF21,UNK,T,TOTAL,TOTAL,TOTAL,TOTAL,2011,Italy,0,,,
ITF22,UNK,T,TOTAL,TOTAL,TOTAL,TOTAL,2011,Italy,0,,,
ITF3,UNK,T,TOTAL,TOTAL,TOTAL,TOTAL,2011,Italy,0,,,
ITF31,UNK,T,TOTAL,TOTAL,TOTAL,TOTAL,2011,Italy,0,,,
ITF32,UNK,T,TOTAL,TOTAL,TOTAL,TOTAL,2011,Italy,0,,,
ITF33,UNK,T,TOTAL,TOTAL,TOTAL,TOTAL,2011,Italy,0,,,
ITF34,UNK,T,TOTAL,TOTAL,TOTAL,TOTAL,2011,Italy,0,,,
ITF35,UNK,T,TOTAL,TOTAL,TOTAL,TOTAL,2011,Italy,0,,,
ITF4,UNK,T,TOTAL,TOTAL,TOTAL,TOTAL,2011,Italy,0,,,
ITF43,UNK,T,TOTAL,TOTAL,TOTAL,TOTAL,2011,Italy,0,,,
ITF44,UNK,T,TOTAL,TOTAL,TOTAL,TOTAL,2011,Italy,0,,,
ITF45,UNK,T,TOTAL,TOTAL,TOTAL,TOTAL,2011,Italy,0,,,
ITF46,UNK,T,TOTAL,TOTAL,TOTAL,TOTAL,2011,Italy,0,,,
ITF47,UNK,T,TOTAL,TOTAL,TOTAL,TOTAL,2011,Italy,0,,,
ITF48,UNK,T,TOTAL,TOTAL,TOTAL,TOTAL,2011,Italy,0,,,
ITF5,UNK,T,TOTAL,TOTAL,TOTAL,TOTAL,2011,Italy,0,,,
ITF51,UNK,T,TOTAL,TOTAL,TOTAL,TOTAL,2011,Italy,0,,,
ITF52,UNK,T,TOTAL,TOTAL,TOTAL,TOTAL,2011,Italy,0,,,
ITF6,UNK,T,TOTAL,TOTAL,TOTAL,TOTAL,2011,Italy,0,,,
ITF61,UNK,T,TOTAL,TOTAL,TOTAL,TOTAL,2011,Italy,0,,,
ITF62,UNK,T,TOTAL,TOTAL,TOTAL,TOTAL,2011,Italy,0,,,
ITF63,UNK,T,TOTAL,TOTAL,TOTAL,TOTAL,2011,Italy,0,,,
ITF64,UNK,T,TOTAL,TOTAL,TOTAL,TOTAL,2011,Italy,0,,,
ITF65,UNK,T,TOTAL,TOTAL,TOTAL,TOTAL,2011,Italy,0,,,
ITG,UNK,T,TOTAL,TOTAL,TOTAL,TOTAL,2011,Italy,0,,,
ITG1,UNK,T,TOTAL,TOTAL,TOTAL,TOTAL,2011,Italy,0,,,
ITG11,UNK,T,TOTAL,TOTAL,TOTAL,TOTAL,2011,Italy,0,,,
ITG12,UNK,T,TOTAL,TOTAL,TOTAL,TOTAL,2011,Italy,0,,,
ITG13,UNK,T,TOTAL,TOTAL,TOTAL,TOTAL,2011,Italy,0,,,
ITG14,UNK,T,TOTAL,TOTAL,TOTAL,TOTAL,2011,Italy,0,,,
ITG15,UNK,T,TOTAL,TOTAL,TOTAL,TOTAL,2011,Italy,0,,,
ITG16,UNK,T,TOTAL,TOTAL,TOTAL,TOTAL,2011,Italy,0,,,
ITG17,UNK,T,TOTAL,TOTAL,TOTAL,TOTAL,2011,Italy,0,,,
ITG18,UNK,T,TOTAL,TOTAL,TOTAL,TOTAL,2011,Italy,0,,,
ITG19,UNK,T,TOTAL,TOTAL,TOTAL,TOTAL,2011,Italy,0,,,
ITG2,UNK,T,TOTAL,TOTAL,TOTAL,TOTAL,2011,Italy,0,,,
ITG25,UNK,T,TOTAL,TOTAL,TOTAL,TOTAL,2011,Italy,0,,,
ITG26,UNK,T,TOTAL,TOTAL,TOTAL,TOTAL,2011,Italy,0,,,
ITG27,UNK,T,TOTAL,TOTAL,TOTAL,TOTAL,2011,Italy,0,,,
ITG28,UNK,T,TOTAL,TOTAL,TOTAL,TOTAL,2011,Italy,0,,,
ITG29,UNK,T,TOTAL,TOTAL,TOTAL,TOTAL,2011,Italy,0,,,
ITG2A,UNK,T,TOTAL,TOTAL,TOTAL,TOTAL,2011,Italy,0,,,
ITG2B,UNK,T,TOTAL,TOTAL,TOTAL,TOTAL,2011,Italy,0,,,
ITG2C,UNK,T,TOTAL,TOTAL,TOTAL,TOTAL,2011,Italy,0,,,
ITH,UNK,T,TOTAL,TOTAL,TOTAL,TOTAL,2011,Italy,0,,,
ITH1,UNK,T,TOTAL,TOTAL,TOTAL,TOTAL,2011,Italy,0,,,
ITH10,UNK,T,TOTAL,TOTAL,TOTAL,TOTAL,2011,Italy,0,,,
ITH2,UNK,T,TOTAL,TOTAL,TOTAL,TOTAL,2011,Italy,0,,,
ITH20,UNK,T,TOTAL,TOTAL,TOTAL,TOTAL,2011,Italy,0,,,
ITH3,UNK,T,TOTAL,TOTAL,TOTAL,TOTAL,2011,Italy,0,,,
ITH31,UNK,T,TOTAL,TOTAL,TOTAL,TOTAL,2011,Italy,0,,,
ITH32,UNK,T,TOTAL,TOTAL,TOTAL,TOTAL,2011,Italy,0,,,
ITH33,UNK,T,TOTAL,TOTAL,TOTAL,TOTAL,2011,Italy,0,,,
ITH34,UNK,T,TOTAL,TOTAL,TOTAL,TOTAL,2011,Italy,0,,,
ITH35,UNK,T,TOTAL,TOTAL,TOTAL,TOTAL,2011,Italy,0,,,
ITH36,UNK,T,TOTAL,TOTAL,TOTAL,TOTAL,2011,Italy,0,,,
ITH37,UNK,T,TOTAL,TOTAL,TOTAL,TOTAL,2011,Italy,0,,,
ITH4,UNK,T,TOTAL,TOTAL,TOTAL,TOTAL,2011,Italy,0,,,
ITH41,UNK,T,TOTAL,TOTAL,TOTAL,TOTAL,2011,Italy,0,,,
ITH42,UNK,T,TOTAL,TOTAL,TOTAL,TOTAL,2011,Italy,0,,,
ITH43,UNK,T,TOTAL,TOTAL,TOTAL,TOTAL,2011,Italy,0,,,
ITH44,UNK,T,TOTAL,TOTAL,TOTAL,TOTAL,2011,Italy,0,,,
ITH5,UNK,T,TOTAL,TOTAL,TOTAL,TOTAL,2011,Italy,0,,,
ITH51,UNK,T,TOTAL,TOTAL,TOTAL,TOTAL,2011,Italy,0,,,
ITH52,UNK,T,TOTAL,TOTAL,TOTAL,TOTAL,2011,Italy,0,,,
ITH53,UNK,T,TOTAL,TOTAL,TOTAL,TOTAL,2011,Italy,0,,,
ITH54,UNK,T,TOTAL,TOTAL,TOTAL,TOTAL,2011,Italy,0,,,
ITH55,UNK,T,TOTAL,TOTAL,TOTAL,TOTAL,2011,Italy,0,,,
ITH56,UNK,T,TOTAL,TOTAL,TOTAL,TOTAL,2011,Italy,0,,,
ITH57,UNK,T,TOTAL,TOTAL,TOTAL,TOTAL,2011,Italy,0,,,
ITH58,UNK,T,TOTAL,TOTAL,TOTAL,TOTAL,2011,Italy,0,,,
ITH59,UNK,T,TOTAL,TOTAL,TOTAL,TOTAL,2011,Italy,0,,,
ITI,UNK,T,TOTAL,TOTAL,TOTAL,TOTAL,2011,Italy,0,,,
ITI1,UNK,T,TOTAL,TOTAL,TOTAL,TOTAL,2011,Italy,0,,,
ITI11,UNK,T,TOTAL,TOTAL,TOTAL,TOTAL,2011,Italy,0,,,
ITI12,UNK,T,TOTAL,TOTAL,TOTAL,TOTAL,2011,Italy,0,,,
ITI13,UNK,T,TOTAL,TOTAL,TOTAL,TOTAL,2011,Italy,0,,,
ITI14,UNK,T,TOTAL,TOTAL,TOTAL,TOTAL,2011,Italy,0,,,
ITI15,UNK,T,TOTAL,TOTAL,TOTAL,TOTAL,2011,Italy,0,,,
ITI16,UNK,T,TOTAL,TOTAL,TOTAL,TOTAL,2011,Italy,0,,,
ITI17,UNK,T,TOTAL,TOTAL,TOTAL,TOTAL,2011,Italy,0,,,
ITI18,UNK,T,TOTAL,TOTAL,TOTAL,TOTAL,2011,Italy,0,,,
ITI19,UNK,T,TOTAL,TOTAL,TOTAL,TOTAL,2011,Italy,0,,,
ITI1A,UNK,T,TOTAL,TOTAL,TOTAL,TOTAL,2011,Italy,0,,,
ITI2,UNK,T,TOTAL,TOTAL,TOTAL,TOTAL,2011,Italy,0,,,
ITI21,UNK,T,TOTAL,TOTAL,TOTAL,TOTAL,2011,Italy,0,,,
ITI22,UNK,T,TOTAL,TOTAL,TOTAL,TOTAL,2011,Italy,0,,,
ITI3,UNK,T,TOTAL,TOTAL,TOTAL,TOTAL,2011,Italy,0,,,
ITI31,UNK,T,TOTAL,TOTAL,TOTAL,TOTAL,2011,Italy,0,,,
ITI32,UNK,T,TOTAL,TOTAL,TOTAL,TOTAL,2011,Italy,0,,,
ITI33,UNK,T,TOTAL,TOTAL,TOTAL,TOTAL,2011,Italy,0,,,
ITI34,UNK,T,TOTAL,TOTAL,TOTAL,TOTAL,2011,Italy,0,,,
ITI35,UNK,T,TOTAL,TOTAL,TOTAL,TOTAL,2011,Italy,0,,,
ITI4,UNK,T,TOTAL,TOTAL,TOTAL,TOTAL,2011,Italy,0,,,
ITI41,UNK,T,TOTAL,TOTAL,TOTAL,TOTAL,2011,Italy,0,,,
ITI42,UNK,T,TOTAL,TOTAL,TOTAL,TOTAL,2011,Italy,0,,,
ITI43,UNK,T,TOTAL,TOTAL,TOTAL,TOTAL,2011,Italy,0,,,
ITI44,UNK,T,TOTAL,TOTAL,TOTAL,TOTAL,2011,Italy,0,,,
ITI45,UNK,T,TOTAL,TOTAL,TOTAL,TOTAL,2011,Italy,0,,,
ITZ,UNK,T,TOTAL,TOTAL,TOTAL,TOTAL,2011,Italy,0,,,
ITZZ,UNK,T,TOTAL,TOTAL,TOTAL,TOTAL,2011,Italy,0,,,
ITZZZ,UNK,T,TOTAL,TOTAL,TOTAL,TOTAL,2011,Italy,0,,,
ES,NAT,T,TOTAL,TOTAL,TOTAL,TOTAL,2011,Spain,41153550,,,
ES1,NAT,T,TOTAL,TOTAL,TOTAL,TOTAL,2011,Spain,4152730,,,
ES11,NAT,T,TOTAL,TOTAL,TOTAL,TOTAL,2011,Spain,2593930,,,
ES111,NAT,T,TOTAL,TOTAL,TOTAL,TOTAL,2011,Spain,1071400,,,
ES112,NAT,T,TOTAL,TOTAL,TOTAL,TOTAL,2011,Spain,329275,,,
ES113,NAT,T,TOTAL,TOTAL,TOTAL,TOTAL,2011,Spain,299585,,,
ES114,NAT,T,TOTAL,TOTAL,TOTAL,TOTAL,2011,Spain,893670,,,
ES12,NAT,T,TOTAL,TOTAL,TOTAL,TOTAL,2011,Spain,1010395,,,
ES120,NAT,T,TOTAL,TOTAL,TOTAL,TOTAL,2011,Spain,1010395,,,
ES13,NAT,T,TOTAL,TOTAL,TOTAL,TOTAL,2011,Spain,548410,,,
ES130,NAT,T,TOTAL,TOTAL,TOTAL,TOTAL,2011,Spain,548410,,,
ES2,NAT,T,TOTAL,TOTAL,TOTAL,TOTAL,2011,Spain,4056180,,,
ES21,NAT,T,TOTAL,TOTAL,TOTAL,TOTAL,2011,Spain,2033250,,,
ES211,NAT,T,TOTAL,TOTAL,TOTAL,TOTAL,2011,Spain,291565,,,
ES212,NAT,T,TOTAL,TOTAL,TOTAL,TOTAL,2011,Spain,663545,,,
ES213,NAT,T,TOTAL,TOTAL,TOTAL,TOTAL,2011,Spain,1078140,,,
ES22,NAT,T,TOTAL,TOTAL,TOTAL,TOTAL,2011,Spain,567930,,,
ES220,NAT,T,TOTAL,TOTAL,TOTAL,TOTAL,2011,Spain,567930,,,
ES23,NAT,T,TOTAL,TOTAL,TOTAL,TOTAL,2011,Spain,277390,,,
ES230,NAT,T,TOTAL,TOTAL,TOTAL,TOTAL,2011,Spain,277390,,,
ES24,NAT,T,TOTAL,TOTAL,TOTAL,TOTAL,2011,Spain,1177615,,,
ES241,NAT,T,TOTAL,TOTAL,TOTAL,TOTAL,2011,Spain,199370,,,
ES242,NAT,T,TOTAL,TOTAL,TOTAL,TOTAL,2011,Spain,126770,,,
ES243,NAT,T,TOTAL,TOTAL,TOTAL,TOTAL,2011,Spain,851475,,,
ES3,NAT,T,TOTAL,TOTAL,TOTAL,TOTAL,2011,Spain,5396600,,,
ES30,NAT,T,TOTAL,TOTAL,TOTAL,TOTAL,2011,Spain,5396600,,,
ES300,NAT,T,TOTAL,TOTAL,TOTAL,TOTAL,2011,Spain,5396600,,,
ES4,NAT,T,TOTAL,TOTAL,TOTAL,TOTAL,2011,Spain,5312130,,,
ES41,NAT,T,TOTAL,TOTAL,TOTAL,TOTAL,2011,Spain,2358590,,,
ES411,NAT,T,TOTAL,TOTAL,TOTAL,TOTAL,2011,Spain,157560,,,
ES412,NAT,T,TOTAL,TOTAL,TOTAL,TOTAL,2011,Spain,338940,,,
ES413,NAT,T,TOTAL,TOTAL,TOTAL,TOTAL,2011,Spain,461865,,,
ES414,NAT,T,TOTAL,TOTAL,TOTAL,TOTAL,2011,Spain,162185,,,
ES415,NAT,T,TOTAL,TOTAL,TOTAL,TOTAL,2011,Spain,329950,,,
ES416,NAT,T,TOTAL,TOTAL,TOTAL,TOTAL,2011,Spain,143740,,,
ES417,NAT,T,TOTAL,TOTAL,TOTAL,TOTAL,2011,Spain,84665,,,
ES418,NAT,T,TOTAL,TOTAL,TOTAL,TOTAL,2011,Spain,497995,,,
ES419,NAT,T,TOTAL,TOTAL,TOTAL,TOTAL,2011,Spain,181695,,,
ES42,NAT,T,TOTAL,TOTAL,TOTAL,TOTAL,2011,Spain,1892655,,,
ES421,NAT,T,TOTAL,TOTAL,TOTAL,TOTAL,2011,Spain,370300,,,
ES422,NAT,T,TOTAL,TOTAL,TOTAL,TOTAL,2011,Spain,486910,,,
ES423,NAT,T,TOTAL,TOTAL,TOTAL,TOTAL,2011,Spain,190830,,,
ES424,NAT,T,TOTAL,TOTAL,TOTAL,TOTAL,2011,Spain,218690,,,
ES425,NAT,T,TOTAL,TOTAL,TOTAL,TOTAL,2011,Spain,625925,,,
ES43,NAT,T,TOTAL,TOTAL,TOTAL,TOTAL,2011,Spain,1060885,,,
ES431,NAT,T,TOTAL,TOTAL,TOTAL,TOTAL,2011,Spain,664945,,,
ES432,NAT,T,TOTAL,TOTAL,TOTAL,TOTAL,2011,Spain,395940,,,
ES5,NAT,T,TOTAL,TOTAL,TOTAL,TOTAL,2011,Spain,11452690,,,
ES51,NAT,T,TOTAL,TOTAL,TOTAL,TOTAL,2011,Spain,6362625,,,
ES511,NAT,T,TOTAL,TOTAL,TOTAL,TOTAL,2011,Spain,4727920,,,
ES512,NAT,T,TOTAL,TOTAL,TOTAL,TOTAL,2011,Spain,602385,,,
ES513,NAT,T,TOTAL,TOTAL,TOTAL,TOTAL,2011,Spain,364260,,,
ES514,NAT,T,TOTAL,TOTAL,TOTAL,TOTAL,2011,Spain,668055,,,
ES52,NAT,T,TOTAL,TOTAL,TOTAL,TOTAL,2011,Spain,4224090,,,
ES521,NAT,T,TOTAL,TOTAL,TOTAL,TOTAL,2011,Spain,1461885,,,
ES522,NAT,T,TOTAL,TOTAL,TOTAL,TOTAL,2011,Spain,499900,,,
ES523,NAT,T,TOTAL,TOTAL,TOTAL,TOTAL,2011,Spain,2262310,,,
ES53,NAT,T,TOTAL,TOTAL,TOTAL,TOTAL,2011,Spain,865975,,,
ES531,NAT,T,TOTAL,TOTAL,TOTAL,TOTAL,2011,Spain,104540,,,
ES532,NAT,T,TOTAL,TOTAL,TOTAL,TOTAL,2011,Spain,682675,,,
ES533,NAT,T,TOTAL,TOTAL,TOTAL,TOTAL,2011,Spain,78755,,,
ES6,NAT,T,TOTAL,TOTAL,TOTAL,TOTAL,2011,Spain,9024970,,,
ES61,NAT,T,TOTAL,TOTAL,TOTAL,TOTAL,2011,Spain,7650575,,,
ES611,NAT,T,TOTAL,TOTAL,TOTAL,TOTAL,2011,Spain,551240,,,
ES612,NAT,T,TOTAL,TOTAL,TOTAL,TOTAL,2011,Spain,1186705,,,
ES613,NAT,T,TOTAL,TOTAL,TOTAL,TOTAL,2011,Spain,775070,,,
ES614,NAT,T,TOTAL,TOTAL,TOTAL,TOTAL,2011,Spain,849000,,,
ES615,NAT,T,TOTAL,TOTAL,TOTAL,TOTAL,2011,Spain,475775,,,
ES616,NAT,T,TOTAL,TOTAL,TOTAL,TOTAL,2011,Spain,643260,,,
ES617,NAT,T,TOTAL,TOTAL,TOTAL,TOTAL,2011,Spain,1327340,,,
ES618,NAT,T,TOTAL,TOTAL,TOTAL,TOTAL,2011,Spain,1842185,,,
ES62,NAT,T,TOTAL,TOTAL,TOTAL,TOTAL,2011,Spain,1236460,,,
ES620,NAT,T,TOTAL,TOTAL,TOTAL,TOTAL,2011,Spain,1236460,,,
ES63,NAT,T,TOTAL,TOTAL,TOTAL,TOTAL,2011,Spain,73630,,,
ES630,NAT,T,TOTAL,TOTAL,TOTAL,TOTAL,2011,Spain,73630,,,
ES64,NAT,T,TOTAL,TOTAL,TOTAL,TOTAL,2011,Spain,64305,,,
ES640,NAT,T,TOTAL,TOTAL,TOTAL,TOTAL,2011,Spain,64305,,,
ES7,NAT,T,TOTAL,TOTAL,TOTAL,TOTAL,2011,Spain,1758245,,,
ES70,NAT,T,TOTAL,TOTAL,TOTAL,TOTAL,2011,Spain,1758245,,,
ES703,NAT,T,TOTAL,TOTAL,TOTAL,TOTAL,2011,Spain,8820,,,
ES704,NAT,T,TOTAL,TOTAL,TOTAL,TOTAL,2011,Spain,70310,,,
ES705,NAT,T,TOTAL,TOTAL,TOTAL,TOTAL,2011,Spain,757495,,,
ES706,NAT,T,TOTAL,TOTAL,TOTAL,TOTAL,2011,Spain,18710,,,
ES707,NAT,T,TOTAL,TOTAL,TOTAL,TOTAL,2011,Spain,71840,,,
ES708,NAT,T,TOTAL,TOTAL,TOTAL,TOTAL,2011,Spain,100055,,,
ES709,NAT,T,TOTAL,TOTAL,TOTAL,TOTAL,2011,Spain,731015,,,
ESZ,NAT,T,TOTAL,TOTAL,TOTAL,TOTAL,2011,Spain,0,,,
ESZZ,NAT,T,TOTAL,TOTAL,TOTAL,TOTAL,2011,Spain,0,,,
ESZZZ,NAT,T,TOTAL,TOTAL,TOTAL,TOTAL,2011,Spain,0,,,
ES,FOR,T,TOTAL,TOTAL,TOTAL,TOTAL,2011,Spain,5648995,,,
ES1,FOR,T,TOTAL,TOTAL,TOTAL,TOTAL,2011,Spain,286965,,,
ES11,FOR,T,TOTAL,TOTAL,TOTAL,TOTAL,2011,Spain,178325,,,
ES111,FOR,T,TOTAL,TOTAL,TOTAL,TOTAL,2011,Spain,69585,,,
ES112,FOR,T,TOTAL,TOTAL,TOTAL,TOTAL,2011,Spain,18700,,,
ES113,FOR,T,TOTAL,TOTAL,TOTAL,TOTAL,2011,Spain,28965,,,
ES114,FOR,T,TOTAL,TOTAL,TOTAL,TOTAL,2011,Spain,61075,,,
ES12,FOR,T,TOTAL,TOTAL,TOTAL,TOTAL,2011,Spain,64630,,,
ES120,FOR,T,TOTAL,TOTAL,TOTAL,TOTAL,2011,Spain,64630,,,
ES13,FOR,T,TOTAL,TOTAL,TOTAL,TOTAL,2011,Spain,44010,,,
ES130,FOR,T,TOTAL,TOTAL,TOTAL,TOTAL,2011,Spain,44010,,,
ES2,FOR,T,TOTAL,TOTAL,TOTAL,TOTAL,2011,Spain,433565,,,
ES21,FOR,T,TOTAL,TOTAL,TOTAL,TOTAL,2011,Spain,151615,,,
ES211,FOR,T,TOTAL,TOTAL,TOTAL,TOTAL,2011,Spain,29150,,,
ES212,FOR,T,TOTAL,TOTAL,TOTAL,TOTAL,2011,Spain,44780,,,
ES213,FOR,T,TOTAL,TOTAL,TOTAL,TOTAL,2011,Spain,77685,,,
ES22,FOR,T,TOTAL,TOTAL,TOTAL,TOTAL,2011,Spain,72025,,,
ES220,FOR,T,TOTAL,TOTAL,TOTAL,TOTAL,2011,Spain,72025,,,
ES23,FOR,T,TOTAL,TOTAL,TOTAL,TOTAL,2011,Spain,43670,,,
ES230,FOR,T,TOTAL,TOTAL,TOTAL,TOTAL,2011,Spain,43670,,,
ES24,FOR,T,TOTAL,TOTAL,TOTAL,TOTAL,2011,Spain,166250,,,
ES241,FOR,T,TOTAL,TOTAL,TOTAL,TOTAL,2011,Spain,26460,,,
ES242,FOR,T,TOTAL,TOTAL,TOTAL,TOTAL,2011,Spain,16365,,,
ES243,FOR,T,TOTAL,TOTAL,TOTAL,TOTAL,2011,Spain,123425,,,
ES3,FOR,T,TOTAL,TOTAL,TOTAL,TOTAL,2011,Spain,1022745,,,
ES30,FOR,T,TOTAL,TOTAL,TOTAL,TOTAL,2011,Spain,1022745,,,
ES300,FOR,T,TOTAL,TOTAL,TOTAL,TOTAL,2011,Spain,1022745,,,
ES4,FOR,T,TOTAL,TOTAL,TOTAL,TOTAL,2011,Spain,437055,,,
ES41,FOR,T,TOTAL,TOTAL,TOTAL,TOTAL,2011,Spain,180525,,,
ES411,FOR,T,TOTAL,TOTAL,TOTAL,TOTAL,2011,Spain,14045,,,
ES412,FOR,T,TOTAL,TOTAL,TOTAL,TOTAL,2011,Spain,33475,,,
ES413,FOR,T,TOTAL,TOTAL,TOTAL,TOTAL,2011,Spain,31275,,,
ES414,FOR,T,TOTAL,TOTAL,TOTAL,TOTAL,2011,Spain,8250,,,
ES415,FOR,T,TOTAL,TOTAL,TOTAL,TOTAL,2011,Spain,19675,,,
ES416,FOR,T,TOTAL,TOTAL,TOTAL,TOTAL,2011,Spain,19405,,,
ES417,FOR,T,TOTAL,TOTAL,TOTAL,TOTAL,2011,Spain,9910,,,
ES418,FOR,T,TOTAL,TOTAL,TOTAL,TOTAL,2011,Spain,34630,,,
ES419,FOR,T,TOTAL,TOTAL,TOTAL,TOTAL,2011,Spain,9860,,,
ES42,FOR,T,TOTAL,TOTAL,TOTAL,TOTAL,2011,Spain,213205,,,
ES421,FOR,T,TOTAL,TOTAL,TOTAL,TOTAL,2011,Spain,31240,,,
ES422,FOR,T,TOTAL,TOTAL,TOTAL,TOTAL,2011,Spain,39635,,,
ES423,FOR,T,TOTAL,TOTAL,TOTAL,TOTAL,2011,Spain,24305,,,
ES424,FOR,T,TOTAL,TOTAL,TOTAL,TOTAL,2011,Spain,38580,,,
ES425,FOR,T,TOTAL,TOTAL,TOTAL,TOTAL,2011,Spain,79440,,,
ES43,FOR,T,TOTAL,TOTAL,TOTAL,TOTAL,2011,Spain,43325,,,
ES431,FOR,T,TOTAL,TOTAL,TOTAL,TOTAL,2011,Spain,26755,,,
ES432,FOR,T,TOTAL,TOTAL,TOTAL,TOTAL,2011,Spain,16565,,,
ES5,FOR,T,TOTAL,TOTAL,TOTAL,TOTAL,2011,Spain,2173345,,,
ES51,FOR,T,TOTAL,TOTAL,TOTAL,TOTAL,2011,Spain,1154655,,,
ES511,FOR,T,TOTAL,TOTAL,TOTAL,TOTAL,2011,Spain,792600,,,
ES512,FOR,T,TOTAL,TOTAL,TOTAL,TOTAL,2011,Spain,149115,,,
ES513,FOR,T,TOTAL,TOTAL,TOTAL,TOTAL,2011,Spain,74020,,,
ES514,FOR,T,TOTAL,TOTAL,TOTAL,TOTAL,2011,Spain,138920,,,
ES52,FOR,T,TOTAL,TOTAL,TOTAL,TOTAL,2011,Spain,784510,,,
ES521,FOR,T,TOTAL,TOTAL,TOTAL,TOTAL,2011,Spain,389320,,,
ES522,FOR,T,TOTAL,TOTAL,TOTAL,TOTAL,2011,Spain,94390,,,
ES523,FOR,T,TOTAL,TOTAL,TOTAL,TOTAL,2011,Spain,300800,,,
ES53,FOR,T,TOTAL,TOTAL,TOTAL,TOTAL,2011,Spain,234185,,,
ES531,FOR,T,TOTAL,TOTAL,TOTAL,TOTAL,2011,Spain,39610,,,
ES532,FOR,T,TOTAL,TOTAL,TOTAL,TOTAL,2011,Spain,178935,,,
ES533,FOR,T,TOTAL,TOTAL,TOTAL,TOTAL,2011,Spain,15640,,,
ES6,FOR,T,TOTAL,TOTAL,TOTAL,TOTAL,2011,Spain,971250,,,
ES61,FOR,T,TOTAL,TOTAL,TOTAL,TOTAL,2011,Spain,719010,,,
ES611,FOR,T,TOTAL,TOTAL,TOTAL,TOTAL,2011,Spain,137360,,,
ES612,FOR,T,TOTAL,TOTAL,TOTAL,TOTAL,2011,Spain,57800,,,
ES613,FOR,T,TOTAL,TOTAL,TOTAL,TOTAL,2011,Spain,27320,,,
ES614,FOR,T,TOTAL,TOTAL,TOTAL,TOTAL,2011,Spain,72900,,,
ES615,FOR,T,TOTAL,TOTAL,TOTAL,TOTAL,2011,Spain,43935,,,
ES616,FOR,T,TOTAL,TOTAL,TOTAL,TOTAL,2011,Spain,24120,,,
ES617,FOR,T,TOTAL,TOTAL,TOTAL,TOTAL,2011,Spain,267160,,,
ES618,FOR,T,TOTAL,TOTAL,TOTAL,TOTAL,2011,Spain,88420,,,
ES62,FOR,T,TOTAL,TOTAL,TOTAL,TOTAL,2011,Spain,225475,,,
ES620,FOR,T,TOTAL,TOTAL,TOTAL,TOTAL,2011,Spain,225475,,,
ES63,FOR,T,TOTAL,TOTAL,TOTAL,TOTAL,2011,Spain,9875,,,
ES630,FOR,T,TOTAL,TOTAL,TOTAL,TOTAL,2011,Spain,9875,,,
ES64,FOR,T,TOTAL,TOTAL,TOTAL,TOTAL,2011,Spain,16885,,,
ES640,FOR,T,TOTAL,TOTAL,TOTAL,TOTAL,2011,Spain,16885,,,
ES7,FOR,T,TOTAL,TOTAL,TOTAL,TOTAL,2011,Spain,324070,,,
ES70,FOR,T,TOTAL,TOTAL,TOTAL,TOTAL,2011,Spain,324070,,,
ES703,FOR,T,TOTAL,TOTAL,TOTAL,TOTAL,2011,Spain,1910,,,
ES704,FOR,T,TOTAL,TOTAL,TOTAL,TOTAL,2011,Spain,32595,,,
ES705,FOR,T,TOTAL,TOTAL,TOTAL,TOTAL,2011,Spain,88465,,,
ES706,FOR,T,TOTAL,TOTAL,TOTAL,TOTAL,2011,Spain,2935,,,
ES707,FOR,T,TOTAL,TOTAL,TOTAL,TOTAL,2011,Spain,11810,,,
ES708,FOR,T,TOTAL,TOTAL,TOTAL,TOTAL,2011,Spain,38125,,,
ES709,FOR,T,TOTAL,TOTAL,TOTAL,TOTAL,2011,Spain,148230,,,
ESZ,FOR,T,TOTAL,TOTAL,TOTAL,TOTAL,2011,Spain,0,,,
ESZZ,FOR,T,TOTAL,TOTAL,TOTAL,TOTAL,2011,Spain,0,,,
ESZZZ,FOR,T,TOTAL,TOTAL,TOTAL,TOTAL,2011,Spain,0,,,
ES,OTH,T,TOTAL,TOTAL,TOTAL,TOTAL,2011,Spain,0,,,
ES1,OTH,T,TOTAL,TOTAL,TOTAL,TOTAL,2011,Spain,0,,,
ES11,OTH,T,TOTAL,TOTAL,TOTAL,TOTAL,2011,Spain,0,,,
ES111,OTH,T,TOTAL,TOTAL,TOTAL,TOTAL,2011,Spain,0,,,
ES112,OTH,T,TOTAL,TOTAL,TOTAL,TOTAL,2011,Spain,0,,,
ES113,OTH,T,TOTAL,TOTAL,TOTAL,TOTAL,2011,Spain,0,,,
ES114,OTH,T,TOTAL,TOTAL,TOTAL,TOTAL,2011,Spain,0,,,
ES12,OTH,T,TOTAL,TOTAL,TOTAL,TOTAL,2011,Spain,0,,,
ES120,OTH,T,TOTAL,TOTAL,TOTAL,TOTAL,2011,Spain,0,,,
ES13,OTH,T,TOTAL,TOTAL,TOTAL,TOTAL,2011,Spain,0,,,
ES130,OTH,T,TOTAL,TOTAL,TOTAL,TOTAL,2011,Spain,0,,,
ES2,OTH,T,TOTAL,TOTAL,TOTAL,TOTAL,2011,Spain,0,,,
ES21,OTH,T,TOTAL,TOTAL,TOTAL,TOTAL,2011,Spain,0,,,
ES211,OTH,T,TOTAL,TOTAL,TOTAL,TOTAL,2011,Spain,0,,,
ES212,OTH,T,TOTAL,TOTAL,TOTAL,TOTAL,2011,Spain,0,,,
ES213,OTH,T,TOTAL,TOTAL,TOTAL,TOTAL,2011,Spain,0,,,
ES22,OTH,T,TOTAL,TOTAL,TOTAL,TOTAL,2011,Spain,0,,,
ES220,OTH,T,TOTAL,TOTAL,TOTAL,TOTAL,2011,Spain,0,,,
ES23,OTH,T,TOTAL,TOTAL,TOTAL,TOTAL,2011,Spain,0,,,
ES230,OTH,T,TOTAL,TOTAL,TOTAL,TOTAL,2011,Spain,0,,,
ES24,OTH,T,TOTAL,TOTAL,TOTAL,TOTAL,2011,Spain,0,,,
ES241,OTH,T,TOTAL,TOTAL,TOTAL,TOTAL,2011,Spain,0,,,
ES242,OTH,T,TOTAL,TOTAL,TOTAL,TOTAL,2011,Spain,0,,,
ES243,OTH,T,TOTAL,TOTAL,TOTAL,TOTAL,2011,Spain,0,,,
ES3,OTH,T,TOTAL,TOTAL,TOTAL,TOTAL,2011,Spain,0,,,
ES30,OTH,T,TOTAL,TOTAL,TOTAL,TOTAL,2011,Spain,0,,,
ES300,OTH,T,TOTAL,TOTAL,TOTAL,TOTAL,2011,Spain,0,,,
ES4,OTH,T,TOTAL,TOTAL,TOTAL,TOTAL,2011,Spain,0,,,
ES41,OTH,T,TOTAL,TOTAL,TOTAL,TOTAL,2011,Spain,0,,,
ES411,OTH,T,TOTAL,TOTAL,TOTAL,TOTAL,2011,Spain,0,,,
ES412,OTH,T,TOTAL,TOTAL,TOTAL,TOTAL,2011,Spain,0,,,
ES413,OTH,T,TOTAL,TOTAL,TOTAL,TOTAL,2011,Spain,0,,,
ES414,OTH,T,TOTAL,TOTAL,TOTAL,TOTAL,2011,Spain,0,,,
ES415,OTH,T,TOTAL,TOTAL,TOTAL,TOTAL,2011,Spain,0,,,
ES416,OTH,T,TOTAL,TOTAL,TOTAL,TOTAL,2011,Spain,0,,,
ES417,OTH,T,TOTAL,TOTAL,TOTAL,TOTAL,2011,Spain,0,,,
ES418,OTH,T,TOTAL,TOTAL,TOTAL,TOTAL,2011,Spain,0,,,
ES419,OTH,T,TOTAL,TOTAL,TOTAL,TOTAL,2011,Spain,0,,,
ES42,OTH,T,TOTAL,TOTAL,TOTAL,TOTAL,2011,Spain,0,,,
ES421,OTH,T,TOTAL,TOTAL,TOTAL,TOTAL,2011,Spain,0,,,
ES422,OTH,T,TOTAL,TOTAL,TOTAL,TOTAL,2011,Spain,0,,,
ES423,OTH,T,TOTAL,TOTAL,TOTAL,TOTAL,2011,Spain,0,,,
ES424,OTH,T,TOTAL,TOTAL,TOTAL,TOTAL,2011,Spain,0,,,
ES425,OTH,T,TOTAL,TOTAL,TOTAL,TOTAL,2011,Spain,0,,,
ES43,OTH,T,TOTAL,TOTAL,TOTAL,TOTAL,2011,Spain,0,,,
ES431,OTH,T,TOTAL,TOTAL,TOTAL,TOTAL,2011,Spain,0,,,
ES432,OTH,T,TOTAL,TOTAL,TOTAL,TOTAL,2011,Spain,0,,,
ES5,OTH,T,TOTAL,TOTAL,TOTAL,TOTAL,2011,Spain,0,,,
ES51,OTH,T,TOTAL,TOTAL,TOTAL,TOTAL,2011,Spain,0,,,
ES511,OTH,T,TOTAL,TOTAL,TOTAL,TOTAL,2011,Spain,0,,,
ES512,OTH,T,TOTAL,TOTAL,TOTAL,TOTAL,2011,Spain,0,,,
ES513,OTH,T,TOTAL,TOTAL,TOTAL,TOTAL,2011,Spain,0,,,
ES514,OTH,T,TOTAL,TOTAL,TOTAL,TOTAL,2011,Spain,0,,,
ES52,OTH,T,TOTAL,TOTAL,TOTAL,TOTAL,2011,Spain,0,,,
ES521,OTH,T,TOTAL,TOTAL,TOTAL,TOTAL,2011,Spain,0,,,
ES522,OTH,T,TOTAL,TOTAL,TOTAL,TOTAL,2011,Spain,0,,,
ES523,OTH,T,TOTAL,TOTAL,TOTAL,TOTAL,2011,Spain,0,,,
ES53,OTH,T,TOTAL,TOTAL,TOTAL,TOTAL,2011,Spain,0,,,
ES531,OTH,T,TOTAL,TOTAL,TOTAL,TOTAL,2011,Spain,0,,,
ES532,OTH,T,TOTAL,TOTAL,TOTAL,TOTAL,2011,Spain,0,,,
ES533,OTH,T,TOTAL,TOTAL,TOTAL,TOTAL,2011,Spain,0,,,
ES6,OTH,T,TOTAL,TOTAL,TOTAL,TOTAL,2011,Spain,0,,,
ES61,OTH,T,TOTAL,TOTAL,TOTAL,TOTAL,2011,Spain,0,,,
ES611,OTH,T,TOTAL,TOTAL,TOTAL,TOTAL,2011,Spain,0,,,
ES612,OTH,T,TOTAL,TOTAL,TOTAL,TOTAL,2011,Spain,0,,,
ES613,OTH,T,TOTAL,TOTAL,TOTAL,TOTAL,2011,Spain,0,,,
ES614,OTH,T,TOTAL,TOTAL,TOTAL,TOTAL,2011,Spain,0,,,
ES615,OTH,T,TOTAL,TOTAL,TOTAL,TOTAL,2011,Spain,0,,,
ES616,OTH,T,TOTAL,TOTAL,TOTAL,TOTAL,2011,Spain,0,,,
ES617,OTH,T,TOTAL,TOTAL,TOTAL,TOTAL,2011,Spain,0,,,
ES618,OTH,T,TOTAL,TOTAL,TOTAL,TOTAL,2011,Spain,0,,,
ES62,OTH,T,TOTAL,TOTAL,TOTAL,TOTAL,2011,Spain,0,,,
ES620,OTH,T,TOTAL,TOTAL,TOTAL,TOTAL,2011,Spain,0,,,
ES63,OTH,T,TOTAL,TOTAL,TOTAL,TOTAL,2011,Spain,0,,,
ES630,OTH,T,TOTAL,TOTAL,TOTAL,TOTAL,2011,Spain,0,,,
ES64,OTH,T,TOTAL,TOTAL,TOTAL,TOTAL,2011,Spain,0,,,
ES640,OTH,T,TOTAL,TOTAL,TOTAL,TOTAL,2011,Spain,0,,,
ES7,OTH,T,TOTAL,TOTAL,TOTAL,TOTAL,2011,Spain,0,,,
ES70,OTH,T,TOTAL,TOTAL,TOTAL,TOTAL,2011,Spain,0,,,
ES703,OTH,T,TOTAL,TOTAL,TOTAL,TOTAL,2011,Spain,0,,,
ES704,OTH,T,TOTAL,TOTAL,TOTAL,TOTAL,2011,Spain,0,,,
ES705,OTH,T,TOTAL,TOTAL,TOTAL,TOTAL,2011,Spain,0,,,
ES706,OTH,T,TOTAL,TOTAL,TOTAL,TOTAL,2011,Spain,0,,,
ES707,OTH,T,TOTAL,TOTAL,TOTAL,TOTAL,2011,Spain,0,,,
ES708,OTH,T,TOTAL,TOTAL,TOTAL,TOTAL,2011,Spain,0,,,
ES709,OTH,T,TOTAL,TOTAL,TOTAL,TOTAL,2011,Spain,0,,,
ESZ,OTH,T,TOTAL,TOTAL,TOTAL,TOTAL,2011,Spain,0,,,
ESZZ,OTH,T,TOTAL,TOTAL,TOTAL,TOTAL,2011,Spain,0,,,
ESZZZ,OTH,T,TOTAL,TOTAL,TOTAL,TOTAL,2011,Spain,0,,,
ES,UNK,T,TOTAL,TOTAL,TOTAL,TOTAL,2011,Spain,13370,,,
ES1,UNK,T,TOTAL,TOTAL,TOTAL,TOTAL,2011,Spain,955,,,
ES11,UNK,T,TOTAL,TOTAL,TOTAL,TOTAL,2011,Spain,675,,,
ES111,UNK,T,TOTAL,TOTAL,TOTAL,TOTAL,2011,Spain,300,,,
ES112,UNK,T,TOTAL,TOTAL,TOTAL,TOTAL,2011,Spain,90,,,
ES113,UNK,T,TOTAL,TOTAL,TOTAL,TOTAL,2011,Spain,145,,,
ES114,UNK,T,TOTAL,TOTAL,TOTAL,TOTAL,2011,Spain,135,,,
ES12,UNK,T,TOTAL,TOTAL,TOTAL,TOTAL,2011,Spain,160,,,
ES120,UNK,T,TOTAL,TOTAL,TOTAL,TOTAL,2011,Spain,160,,,
ES13,UNK,T,TOTAL,TOTAL,TOTAL,TOTAL,2011,Spain,125,,,
ES130,UNK,T,TOTAL,TOTAL,TOTAL,TOTAL,2011,Spain,125,,,
ES2,UNK,T,TOTAL,TOTAL,TOTAL,TOTAL,2011,Spain,1455,,,
ES21,UNK,T,TOTAL,TOTAL,TOTAL,TOTAL,2011,Spain,530,,,
ES211,UNK,T,TOTAL,TOTAL,TOTAL,TOTAL,2011,Spain,60,,,
ES212,UNK,T,TOTAL,TOTAL,TOTAL,TOTAL,2011,Spain,100,,,
ES213,UNK,T,TOTAL,TOTAL,TOTAL,TOTAL,2011,Spain,365,,,
ES22,UNK,T,TOTAL,TOTAL,TOTAL,TOTAL,2011,Spain,175,,,
ES220,UNK,T,TOTAL,TOTAL,TOTAL,TOTAL,2011,Spain,175,,,
ES23,UNK,T,TOTAL,TOTAL,TOTAL,TOTAL,2011,Spain,110,,,
ES230,UNK,T,TOTAL,TOTAL,TOTAL,TOTAL,2011,Spain,110,,,
ES24,UNK,T,TOTAL,TOTAL,TOTAL,TOTAL,2011,Spain,645,,,
ES241,UNK,T,TOTAL,TOTAL,TOTAL,TOTAL,2011,Spain,130,,,
ES242,UNK,T,TOTAL,TOTAL,TOTAL,TOTAL,2011,Spain,25,,,
ES243,UNK,T,TOTAL,TOTAL,TOTAL,TOTAL,2011,Spain,485,,,
ES3,UNK,T,TOTAL,TOTAL,TOTAL,TOTAL,2011,Spain,2530,,,
ES30,UNK,T,TOTAL,TOTAL,TOTAL,TOTAL,2011,Spain,2530,,,
ES300,UNK,T,TOTAL,TOTAL,TOTAL,TOTAL,2011,Spain,2530,,,
ES4,UNK,T,TOTAL,TOTAL,TOTAL,TOTAL,2011,Spain,1835,,,
ES41,UNK,T,TOTAL,TOTAL,TOTAL,TOTAL,2011,Spain,1070,,,
ES411,UNK,T,TOTAL,TOTAL,TOTAL,TOTAL,2011,Spain,45,,,
ES412,UNK,T,TOTAL,TOTAL,TOTAL,TOTAL,2011,Spain,125,,,
ES413,UNK,T,TOTAL,TOTAL,TOTAL,TOTAL,2011,Spain,170,,,
ES414,UNK,T,TOTAL,TOTAL,TOTAL,TOTAL,2011,Spain,80,,,
ES415,UNK,T,TOTAL,TOTAL,TOTAL,TOTAL,2011,Spain,390,,,
ES416,UNK,T,TOTAL,TOTAL,TOTAL,TOTAL,2011,Spain,25,,,
ES417,UNK,T,TOTAL,TOTAL,TOTAL,TOTAL,2011,Spain,40,,,
ES418,UNK,T,TOTAL,TOTAL,TOTAL,TOTAL,2011,Spain,140,,,
ES419,UNK,T,TOTAL,TOTAL,TOTAL,TOTAL,2011,Spain,55,,,
ES42,UNK,T,TOTAL,TOTAL,TOTAL,TOTAL,2011,Spain,475,,,
ES421,UNK,T,TOTAL,TOTAL,TOTAL,TOTAL,2011,Spain,40,,,
ES422,UNK,T,TOTAL,TOTAL,TOTAL,TOTAL,2011,Spain,85,,,
ES423,UNK,T,TOTAL,TOTAL,TOTAL,TOTAL,2011,Spain,30,,,
ES424,UNK,T,TOTAL,TOTAL,TOTAL,TOTAL,2011,Spain,170,,,
ES425,UNK,T,TOTAL,TOTAL,TOTAL,TOTAL,2011,Spain,150,,,
ES43,UNK,T,TOTAL,TOTAL,TOTAL,TOTAL,2011,Spain,290,,,
ES431,UNK,T,TOTAL,TOTAL,TOTAL,TOTAL,2011,Spain,95,,,
ES432,UNK,T,TOTAL,TOTAL,TOTAL,TOTAL,2011,Spain,195,,,
ES5,UNK,T,TOTAL,TOTAL,TOTAL,TOTAL,2011,Spain,4240,,,
ES51,UNK,T,TOTAL,TOTAL,TOTAL,TOTAL,2011,Spain,2565,,,
ES511,UNK,T,TOTAL,TOTAL,TOTAL,TOTAL,2011,Spain,2040,,,
ES512,UNK,T,TOTAL,TOTAL,TOTAL,TOTAL,2011,Spain,310,,,
ES513,UNK,T,TOTAL,TOTAL,TOTAL,TOTAL,2011,Spain,145,,,
ES514,UNK,T,TOTAL,TOTAL,TOTAL,TOTAL,2011,Spain,65,,,
ES52,UNK,T,TOTAL,TOTAL,TOTAL,TOTAL,2011,Spain,1330,,,
ES521,UNK,T,TOTAL,TOTAL,TOTAL,TOTAL,2011,Spain,965,,,
ES522,UNK,T,TOTAL,TOTAL,TOTAL,TOTAL,2011,Spain,135,,,
ES523,UNK,T,TOTAL,TOTAL,TOTAL,TOTAL,2011,Spain,235,,,
ES53,UNK,T,TOTAL,TOTAL,TOTAL,TOTAL,2011,Spain,345,,,
ES531,UNK,T,TOTAL,TOTAL,TOTAL,TOTAL,2011,Spain,25,u,,
ES532,UNK,T,TOTAL,TOTAL,TOTAL,TOTAL,2011,Spain,315,,,
ES533,UNK,T,TOTAL,TOTAL,TOTAL,TOTAL,2011,Spain,:,u,,
ES6,UNK,T,TOTAL,TOTAL,TOTAL,TOTAL,2011,Spain,2020,,,
ES61,UNK,T,TOTAL,TOTAL,TOTAL,TOTAL,2011,Spain,1685,,,
ES611,UNK,T,TOTAL,TOTAL,TOTAL,TOTAL,2011,Spain,140,,,
ES612,UNK,T,TOTAL,TOTAL,TOTAL,TOTAL,2011,Spain,225,,,
ES613,UNK,T,TOTAL,TOTAL,TOTAL,TOTAL,2011,Spain,190,,,
ES614,UNK,T,TOTAL,TOTAL,TOTAL,TOTAL,2011,Spain,200,,,
ES615,UNK,T,TOTAL,TOTAL,TOTAL,TOTAL,2011,Spain,190,,,
ES616,UNK,T,TOTAL,TOTAL,TOTAL,TOTAL,2011,Spain,100,,,
ES617,UNK,T,TOTAL,TOTAL,TOTAL,TOTAL,2011,Spain,310,,,
ES618,UNK,T,TOTAL,TOTAL,TOTAL,TOTAL,2011,Spain,335,,,
ES62,UNK,T,TOTAL,TOTAL,TOTAL,TOTAL,2011,Spain,190,,,
ES620,UNK,T,TOTAL,TOTAL,TOTAL,TOTAL,2011,Spain,190,,,
ES63,UNK,T,TOTAL,TOTAL,TOTAL,TOTAL,2011,Spain,10,u,,
ES630,UNK,T,TOTAL,TOTAL,TOTAL,TOTAL,2011,Spain,10,u,,
ES64,UNK,T,TOTAL,TOTAL,TOTAL,TOTAL,2011,Spain,130,,,
ES640,UNK,T,TOTAL,TOTAL,TOTAL,TOTAL,2011,Spain,130,,,
ES7,UNK,T,TOTAL,TOTAL,TOTAL,TOTAL,2011,Spain,340,,,
ES70,UNK,T,TOTAL,TOTAL,TOTAL,TOTAL,2011,Spain,340,,,
ES703,UNK,T,TOTAL,TOTAL,TOTAL,TOTAL,2011,Spain,0,,,
ES704,UNK,T,TOTAL,TOTAL,TOTAL,TOTAL,2011,Spain,30,,,
ES705,UNK,T,TOTAL,TOTAL,TOTAL,TOTAL,2011,Spain,125,,,
ES706,UNK,T,TOTAL,TOTAL,TOTAL,TOTAL,2011,Spain,35,,,
ES707,UNK,T,TOTAL,TOTAL,TOTAL,TOTAL,2011,Spain,40,,,
ES708,UNK,T,TOTAL,TOTAL,TOTAL,TOTAL,2011,Spain,20,,,
ES709,UNK,T,TOTAL,TOTAL,TOTAL,TOTAL,2011,Spain,90,,,
ESZ,UNK,T,TOTAL,TOTAL,TOTAL,TOTAL,2011,Spain,0,,,
ESZZ,UNK,T,TOTAL,TOTAL,TOTAL,TOTAL,2011,Spain,0,,,
ESZZZ,UNK,T,TOTAL,TOTAL,TOTAL,TOTAL,2011,Spain,0,,,
AT,NAT,T,TOTAL,TOTAL,TOTAL,TOTAL,2011,Austria,7086156,,,
AT1,NAT,T,TOTAL,TOTAL,TOTAL,TOTAL,2011,Austria,2897276,,,
AT11,NAT,T,TOTAL,TOTAL,TOTAL,TOTAL,2011,Austria,260152,,,
AT111,NAT,T,TOTAL,TOTAL,TOTAL,TOTAL,2011,Austria,34924,,,
AT112,NAT,T,TOTAL,TOTAL,TOTAL,TOTAL,2011,Austria,135197,,,
AT113,NAT,T,TOTAL,TOTAL,TOTAL,TOTAL,2011,Austria,90031,,,
AT12,NAT,T,TOTAL,TOTAL,TOTAL,TOTAL,2011,Austria,1447316,,,
AT121,NAT,T,TOTAL,TOTAL,TOTAL,TOTAL,2011,Austria,227186,,,
AT122,NAT,T,TOTAL,TOTAL,TOTAL,TOTAL,2011,Austria,222387,,,
AT123,NAT,T,TOTAL,TOTAL,TOTAL,TOTAL,2011,Austria,132592,,,
AT124,NAT,T,TOTAL,TOTAL,TOTAL,TOTAL,2011,Austria,207574,,,
AT125,NAT,T,TOTAL,TOTAL,TOTAL,TOTAL,2011,Austria,114958,,,
AT126,NAT,T,TOTAL,TOTAL,TOTAL,TOTAL,2011,Austria,272148,,,
AT127,NAT,T,TOTAL,TOTAL,TOTAL,TOTAL,2011,Austria,270471,,,
AT13,NAT,T,TOTAL,TOTAL,TOTAL,TOTAL,2011,Austria,1189808,,,
AT130,NAT,T,TOTAL,TOTAL,TOTAL,TOTAL,2011,Austria,1189808,,,
AT2,NAT,T,TOTAL,TOTAL,TOTAL,TOTAL,2011,Austria,1593020,,,
AT21,NAT,T,TOTAL,TOTAL,TOTAL,TOTAL,2011,Austria,501694,,,
AT211,NAT,T,TOTAL,TOTAL,TOTAL,TOTAL,2011,Austria,241985,,,
AT212,NAT,T,TOTAL,TOTAL,TOTAL,TOTAL,2011,Austria,117256,,,
AT213,NAT,T,TOTAL,TOTAL,TOTAL,TOTAL,2011,Austria,142453,,,
AT22,NAT,T,TOTAL,TOTAL,TOTAL,TOTAL,2011,Austria,1091326,,,
AT221,NAT,T,TOTAL,TOTAL,TOTAL,TOTAL,2011,Austria,340985,,,
AT222,NAT,T,TOTAL,TOTAL,TOTAL,TOTAL,2011,Austria,72356,,,
AT223,NAT,T,TOTAL,TOTAL,TOTAL,TOTAL,2011,Austria,149574,,,
AT224,NAT,T,TOTAL,TOTAL,TOTAL,TOTAL,2011,Austria,253608,,,
AT225,NAT,T,TOTAL,TOTAL,TOTAL,TOTAL,2011,Austria,178902,,,
AT226,NAT,T,TOTAL,TOTAL,TOTAL,TOTAL,2011,Austria,95901,,,
AT3,NAT,T,TOTAL,TOTAL,TOTAL,TOTAL,2011,Austria,2595860,,,
AT31,NAT,T,TOTAL,TOTAL,TOTAL,TOTAL,2011,Austria,1239520,,,
AT311,NAT,T,TOTAL,TOTAL,TOTAL,TOTAL,2011,Austria,246856,,,
AT312,NAT,T,TOTAL,TOTAL,TOTAL,TOTAL,2011,Austria,458781,,,
AT313,NAT,T,TOTAL,TOTAL,TOTAL,TOTAL,2011,Austria,192878,,,
AT314,NAT,T,TOTAL,TOTAL,TOTAL,TOTAL,2011,Austria,136391,,,
AT315,NAT,T,TOTAL,TOTAL,TOTAL,TOTAL,2011,Austria,204614,,,
AT32,NAT,T,TOTAL,TOTAL,TOTAL,TOTAL,2011,Austria,445806,,,
AT321,NAT,T,TOTAL,TOTAL,TOTAL,TOTAL,2011,Austria,19200,,,
AT322,NAT,T,TOTAL,TOTAL,TOTAL,TOTAL,2011,Austria,142184,,,
AT323,NAT,T,TOTAL,TOTAL,TOTAL,TOTAL,2011,Austria,284422,,,
AT33,NAT,T,TOTAL,TOTAL,TOTAL,TOTAL,2011,Austria,604776,,,
AT331,NAT,T,TOTAL,TOTAL,TOTAL,TOTAL,2011,Austria,25195,,,
AT332,NAT,T,TOTAL,TOTAL,TOTAL,TOTAL,2011,Austria,237384,,,
AT333,NAT,T,TOTAL,TOTAL,TOTAL,TOTAL,2011,Austria,46406,,,
AT334,NAT,T,TOTAL,TOTAL,TOTAL,TOTAL,2011,Austria,89481,,,
AT335,NAT,T,TOTAL,TOTAL,TOTAL,TOTAL,2011,Austria,206310,,,
AT34,NAT,T,TOTAL,TOTAL,TOTAL,TOTAL,2011,Austria,305758,,,
AT341,NAT,T,TOTAL,TOTAL,TOTAL,TOTAL,2011,Austria,73535,,,
AT342,NAT,T,TOTAL,TOTAL,TOTAL,TOTAL,2011,Austria,232223,,,
ATZ,NAT,T,TOTAL,TOTAL,TOTAL,TOTAL,2011,Austria,0,,,
ATZZ,NAT,T,TOTAL,TOTAL,TOTAL,TOTAL,2011,Austria,0,,,
ATZZZ,NAT,T,TOTAL,TOTAL,TOTAL,TOTAL,2011,Austria,0,,,
AT,FOR,T,TOTAL,TOTAL,TOTAL,TOTAL,2011,Austria,1312688,,,
AT1,FOR,T,TOTAL,TOTAL,TOTAL,TOTAL,2011,Austria,715748,,,
AT11,FOR,T,TOTAL,TOTAL,TOTAL,TOTAL,2011,Austria,25485,,,
AT111,FOR,T,TOTAL,TOTAL,TOTAL,TOTAL,2011,Austria,2652,,,
AT112,FOR,T,TOTAL,TOTAL,TOTAL,TOTAL,2011,Austria,15098,,,
AT113,FOR,T,TOTAL,TOTAL,TOTAL,TOTAL,2011,Austria,7735,,,
AT12,FOR,T,TOTAL,TOTAL,TOTAL,TOTAL,2011,Austria,166928,,,
AT121,FOR,T,TOTAL,TOTAL,TOTAL,TOTAL,2011,Austria,13950,,,
AT122,FOR,T,TOTAL,TOTAL,TOTAL,TOTAL,2011,Austria,30589,,,
AT123,FOR,T,TOTAL,TOTAL,TOTAL,TOTAL,2011,Austria,15860,,,
AT124,FOR,T,TOTAL,TOTAL,TOTAL,TOTAL,2011,Austria,11948,,,
AT125,FOR,T,TOTAL,TOTAL,TOTAL,TOTAL,2011,Austria,8442,,,
AT126,FOR,T,TOTAL,TOTAL,TOTAL,TOTAL,2011,Austria,35692,,,
AT127,FOR,T,TOTAL,TOTAL,TOTAL,TOTAL,2011,Austria,50447,,,
AT13,FOR,T,TOTAL,TOTAL,TOTAL,TOTAL,2011,Austria,523335,,,
AT130,FOR,T,TOTAL,TOTAL,TOTAL,TOTAL,2011,Austria,523335,,,
AT2,FOR,T,TOTAL,TOTAL,TOTAL,TOTAL,2011,Austria,170935,,,
AT21,FOR,T,TOTAL,TOTAL,TOTAL,TOTAL,2011,Austria,54175,,,
AT211,FOR,T,TOTAL,TOTAL,TOTAL,TOTAL,2011,Austria,34575,,,
AT212,FOR,T,TOTAL,TOTAL,TOTAL,TOTAL,2011,Austria,9767,,,
AT213,FOR,T,TOTAL,TOTAL,TOTAL,TOTAL,2011,Austria,9833,,,
AT22,FOR,T,TOTAL,TOTAL,TOTAL,TOTAL,2011,Austria,116760,,,
AT221,FOR,T,TOTAL,TOTAL,TOTAL,TOTAL,2011,Austria,63468,,,
AT222,FOR,T,TOTAL,TOTAL,TOTAL,TOTAL,2011,Austria,7002,,,
AT223,FOR,T,TOTAL,TOTAL,TOTAL,TOTAL,2011,Austria,15060,,,
AT224,FOR,T,TOTAL,TOTAL,TOTAL,TOTAL,2011,Austria,13148,,,
AT225,FOR,T,TOTAL,TOTAL,TOTAL,TOTAL,2011,Austria,11130,,,
AT226,FOR,T,TOTAL,TOTAL,TOTAL,TOTAL,2011,Austria,6952,,,
AT3,FOR,T,TOTAL,TOTAL,TOTAL,TOTAL,2011,Austria,426005,,,
AT31,FOR,T,TOTAL,TOTAL,TOTAL,TOTAL,2011,Austria,173826,,,
AT311,FOR,T,TOTAL,TOTAL,TOTAL,TOTAL,2011,Austria,28459,,,
AT312,FOR,T,TOTAL,TOTAL,TOTAL,TOTAL,2011,Austria,93023,,,
AT313,FOR,T,TOTAL,TOTAL,TOTAL,TOTAL,2011,Austria,11270,,,
AT314,FOR,T,TOTAL,TOTAL,TOTAL,TOTAL,2011,Austria,16028,,,
AT315,FOR,T,TOTAL,TOTAL,TOTAL,TOTAL,2011,Austria,25046,,,
AT32,FOR,T,TOTAL,TOTAL,TOTAL,TOTAL,2011,Austria,83123,,,
AT321,FOR,T,TOTAL,TOTAL,TOTAL,TOTAL,2011,Austria,1300,,,
AT322,FOR,T,TOTAL,TOTAL,TOTAL,TOTAL,2011,Austria,20346,,,
AT323,FOR,T,TOTAL,TOTAL,TOTAL,TOTAL,2011,Austria,61477,,,
AT33,FOR,T,TOTAL,TOTAL,TOTAL,TOTAL,2011,Austria,104420,,,
AT331,FOR,T,TOTAL,TOTAL,TOTAL,TOTAL,2011,Austria,6419,,,
AT332,FOR,T,TOTAL,TOTAL,TOTAL,TOTAL,2011,Austria,48911,,,
AT333,FOR,T,TOTAL,TOTAL,TOTAL,TOTAL,2011,Austria,2912,,,
AT334,FOR,T,TOTAL,TOTAL,TOTAL,TOTAL,2011,Austria,10658,,,
AT335,FOR,T,TOTAL,TOTAL,TOTAL,TOTAL,2011,Austria,35520,,,
AT34,FOR,T,TOTAL,TOTAL,TOTAL,TOTAL,2011,Austria,64636,,,
AT341,FOR,T,TOTAL,TOTAL,TOTAL,TOTAL,2011,Austria,14086,,,
AT342,FOR,T,TOTAL,TOTAL,TOTAL,TOTAL,2011,Austria,50550,,,
ATZ,FOR,T,TOTAL,TOTAL,TOTAL,TOTAL,2011,Austria,0,,,
ATZZ,FOR,T,TOTAL,TOTAL,TOTAL,TOTAL,2011,Austria,0,,,
ATZZZ,FOR,T,TOTAL,TOTAL,TOTAL,TOTAL,2011,Austria,0,,,
AT,OTH,T,TOTAL,TOTAL,TOTAL,TOTAL,2011,Austria,2461,,,
AT1,OTH,T,TOTAL,TOTAL,TOTAL,TOTAL,2011,Austria,1209,,,
AT11,OTH,T,TOTAL,TOTAL,TOTAL,TOTAL,2011,Austria,43,,,
AT111,OTH,T,TOTAL,TOTAL,TOTAL,TOTAL,2011,Austria,6,,,
AT112,OTH,T,TOTAL,TOTAL,TOTAL,TOTAL,2011,Austria,21,,,
AT113,OTH,T,TOTAL,TOTAL,TOTAL,TOTAL,2011,Austria,16,,,
AT12,OTH,T,TOTAL,TOTAL,TOTAL,TOTAL,2011,Austria,351,,,
AT121,OTH,T,TOTAL,TOTAL,TOTAL,TOTAL,2011,Austria,26,,,
AT122,OTH,T,TOTAL,TOTAL,TOTAL,TOTAL,2011,Austria,42,,,
AT123,OTH,T,TOTAL,TOTAL,TOTAL,TOTAL,2011,Austria,16,,,
AT124,OTH,T,TOTAL,TOTAL,TOTAL,TOTAL,2011,Austria,13,,,
AT125,OTH,T,TOTAL,TOTAL,TOTAL,TOTAL,2011,Austria,27,,,
AT126,OTH,T,TOTAL,TOTAL,TOTAL,TOTAL,2011,Austria,77,,,
AT127,OTH,T,TOTAL,TOTAL,TOTAL,TOTAL,2011,Austria,150,,,
AT13,OTH,T,TOTAL,TOTAL,TOTAL,TOTAL,2011,Austria,815,,,
AT130,OTH,T,TOTAL,TOTAL,TOTAL,TOTAL,2011,Austria,815,,,
AT2,OTH,T,TOTAL,TOTAL,TOTAL,TOTAL,2011,Austria,651,,,
AT21,OTH,T,TOTAL,TOTAL,TOTAL,TOTAL,2011,Austria,285,,,
AT211,OTH,T,TOTAL,TOTAL,TOTAL,TOTAL,2011,Austria,237,,,
AT212,OTH,T,TOTAL,TOTAL,TOTAL,TOTAL,2011,Austria,22,,,
AT213,OTH,T,TOTAL,TOTAL,TOTAL,TOTAL,2011,Austria,26,,,
AT22,OTH,T,TOTAL,TOTAL,TOTAL,TOTAL,2011,Austria,366,,,
AT221,OTH,T,TOTAL,TOTAL,TOTAL,TOTAL,2011,Austria,233,,,
AT222,OTH,T,TOTAL,TOTAL,TOTAL,TOTAL,2011,Austria,7,,,
AT223,OTH,T,TOTAL,TOTAL,TOTAL,TOTAL,2011,Austria,27,,,
AT224,OTH,T,TOTAL,TOTAL,TOTAL,TOTAL,2011,Austria,35,,,
AT225,OTH,T,TOTAL,TOTAL,TOTAL,TOTAL,2011,Austria,49,,,
AT226,OTH,T,TOTAL,TOTAL,TOTAL,TOTAL,2011,Austria,15,,,
AT3,OTH,T,TOTAL,TOTAL,TOTAL,TOTAL,2011,Austria,601,,,
AT31,OTH,T,TOTAL,TOTAL,TOTAL,TOTAL,2011,Austria,362,,,
AT311,OTH,T,TOTAL,TOTAL,TOTAL,TOTAL,2011,Austria,42,,,
AT312,OTH,T,TOTAL,TOTAL,TOTAL,TOTAL,2011,Austria,208,,,
AT313,OTH,T,TOTAL,TOTAL,TOTAL,TOTAL,2011,Austria,18,,,
AT314,OTH,T,TOTAL,TOTAL,TOTAL,TOTAL,2011,Austria,39,,,
AT315,OTH,T,TOTAL,TOTAL,TOTAL,TOTAL,2011,Austria,55,,,
AT32,OTH,T,TOTAL,TOTAL,TOTAL,TOTAL,2011,Austria,111,,,
AT321,OTH,T,TOTAL,TOTAL,TOTAL,TOTAL,2011,Austria,2,d,For data privacy protection reasons, the statistical disclosure control method of "Target Swapping" has been used on a part of the data. Therefore, in cell values <= 5, no reliable assertions can be made.,
AT322,OTH,T,TOTAL,TOTAL,TOTAL,TOTAL,2011,Austria,27,,,
AT323,OTH,T,TOTAL,TOTAL,TOTAL,TOTAL,2011,Austria,82,,,
AT33,OTH,T,TOTAL,TOTAL,TOTAL,TOTAL,2011,Austria,92,,,
AT331,OTH,T,TOTAL,TOTAL,TOTAL,TOTAL,2011,Austria,2,d,For data privacy protection reasons, the statistical disclosure control method of "Target Swapping" has been used on a part of the data. Therefore, in cell values <= 5, no reliable assertions can be made.,
AT332,OTH,T,TOTAL,TOTAL,TOTAL,TOTAL,2011,Austria,69,,,
AT333,OTH,T,TOTAL,TOTAL,TOTAL,TOTAL,2011,Austria,0,,,
AT334,OTH,T,TOTAL,TOTAL,TOTAL,TOTAL,2011,Austria,5,d,For data privacy protection reasons, the statistical disclosure control method of "Target Swapping" has been used on a part of the data. Therefore, in cell values <= 5, no reliable assertions can be made.,
AT335,OTH,T,TOTAL,TOTAL,TOTAL,TOTAL,2011,Austria,16,,,
AT34,OTH,T,TOTAL,TOTAL,TOTAL,TOTAL,2011,Austria,36,,,
AT341,OTH,T,TOTAL,TOTAL,TOTAL,TOTAL,2011,Austria,10,,,
AT342,OTH,T,TOTAL,TOTAL,TOTAL,TOTAL,2011,Austria,26,,,
ATZ,OTH,T,TOTAL,TOTAL,TOTAL,TOTAL,2011,Austria,0,,,
ATZZ,OTH,T,TOTAL,TOTAL,TOTAL,TOTAL,2011,Austria,0,,,
ATZZZ,OTH,T,TOTAL,TOTAL,TOTAL,TOTAL,2011,Austria,0,,,
AT,UNK,T,TOTAL,TOTAL,TOTAL,TOTAL,2011,Austria,635,,,
AT1,UNK,T,TOTAL,TOTAL,TOTAL,TOTAL,2011,Austria,372,,,
AT11,UNK,T,TOTAL,TOTAL,TOTAL,TOTAL,2011,Austria,5,d,For data privacy protection reasons, the statistical disclosure control method of "Target Swapping" has been used on a part of the data. Therefore, in cell values <= 5, no reliable assertions can be made.,
AT111,UNK,T,TOTAL,TOTAL,TOTAL,TOTAL,2011,Austria,1,d,For data privacy protection reasons, the statistical disclosure control method of "Target Swapping" has been used on a part of the data. Therefore, in cell values <= 5, no reliable assertions can be made.,
AT112,UNK,T,TOTAL,TOTAL,TOTAL,TOTAL,2011,Austria,4,d,For data privacy protection reasons, the statistical disclosure control method of "Target Swapping" has been used on a part of the data. Therefore, in cell values <= 5, no reliable assertions can be made.,
AT113,UNK,T,TOTAL,TOTAL,TOTAL,TOTAL,2011,Austria,0,,,
AT12,UNK,T,TOTAL,TOTAL,TOTAL,TOTAL,2011,Austria,98,,,
AT121,UNK,T,TOTAL,TOTAL,TOTAL,TOTAL,2011,Austria,12,,,
AT122,UNK,T,TOTAL,TOTAL,TOTAL,TOTAL,2011,Austria,20,,,
AT123,UNK,T,TOTAL,TOTAL,TOTAL,TOTAL,2011,Austria,9,,,
AT124,UNK,T,TOTAL,TOTAL,TOTAL,TOTAL,2011,Austria,6,,,
AT125,UNK,T,TOTAL,TOTAL,TOTAL,TOTAL,2011,Austria,3,d,For data privacy protection reasons, the statistical disclosure control method of "Target Swapping" has been used on a part of the data. Therefore, in cell values <= 5, no reliable assertions can be made.,
AT126,UNK,T,TOTAL,TOTAL,TOTAL,TOTAL,2011,Austria,23,,,
AT127,UNK,T,TOTAL,TOTAL,TOTAL,TOTAL,2011,Austria,25,,,
AT13,UNK,T,TOTAL,TOTAL,TOTAL,TOTAL,2011,Austria,269,,,
AT130,UNK,T,TOTAL,TOTAL,TOTAL,TOTAL,2011,Austria,269,,,
AT2,UNK,T,TOTAL,TOTAL,TOTAL,TOTAL,2011,Austria,142,,,
AT21,UNK,T,TOTAL,TOTAL,TOTAL,TOTAL,2011,Austria,19,,,
AT211,UNK,T,TOTAL,TOTAL,TOTAL,TOTAL,2011,Austria,8,,,
AT212,UNK,T,TOTAL,TOTAL,TOTAL,TOTAL,2011,Austria,1,d,For data privacy protection reasons, the statistical disclosure control method of "Target Swapping" has been used on a part of the data. Therefore, in cell values <= 5, no reliable assertions can be made.,
AT213,UNK,T,TOTAL,TOTAL,TOTAL,TOTAL,2011,Austria,10,,,
AT22,UNK,T,TOTAL,TOTAL,TOTAL,TOTAL,2011,Austria,123,,,
AT221,UNK,T,TOTAL,TOTAL,TOTAL,TOTAL,2011,Austria,100,,,
AT222,UNK,T,TOTAL,TOTAL,TOTAL,TOTAL,2011,Austria,2,d,For data privacy protection reasons, the statistical disclosure control method of "Target Swapping" has been used on a part of the data. Therefore, in cell values <= 5, no reliable assertions can be made.,
AT223,UNK,T,TOTAL,TOTAL,TOTAL,TOTAL,2011,Austria,7,,,
AT224,UNK,T,TOTAL,TOTAL,TOTAL,TOTAL,2011,Austria,9,,,
AT225,UNK,T,TOTAL,TOTAL,TOTAL,TOTAL,2011,Austria,3,d,For data privacy protection reasons, the statistical disclosure control method of "Target Swapping" has been used on a part of the data. Therefore, in cell values <= 5, no reliable assertions can be made.,
AT226,UNK,T,TOTAL,TOTAL,TOTAL,TOTAL,2011,Austria,2,d,For data privacy protection reasons, the statistical disclosure control method of "Target Swapping" has been used on a part of the data. Therefore, in cell values <= 5, no reliable assertions can be made.,
AT3,UNK,T,TOTAL,TOTAL,TOTAL,TOTAL,2011,Austria,121,,,
AT31,UNK,T,TOTAL,TOTAL,TOTAL,TOTAL,2011,Austria,54,,,
AT311,UNK,T,TOTAL,TOTAL,TOTAL,TOTAL,2011,Austria,3,d,For data privacy protection reasons, the statistical disclosure control method of "Target Swapping" has been used on a part of the data. Therefore, in cell values <= 5, no reliable assertions can be made.,
AT312,UNK,T,TOTAL,TOTAL,TOTAL,TOTAL,2011,Austria,41,,,
AT313,UNK,T,TOTAL,TOTAL,TOTAL,TOTAL,2011,Austria,2,d,For data privacy protection reasons, the statistical disclosure control method of "Target Swapping" has been used on a part of the data. Therefore, in cell values <= 5, no reliable assertions can be made.,
AT314,UNK,T,TOTAL,TOTAL,TOTAL,TOTAL,2011,Austria,4,d,For data privacy protection reasons, the statistical disclosure control method of "Target Swapping" has been used on a part of the data. Therefore, in cell values <= 5, no reliable assertions can be made.,
AT315,UNK,T,TOTAL,TOTAL,TOTAL,TOTAL,2011,Austria,4,d,For data privacy protection reasons, the statistical disclosure control method of "Target Swapping" has been used on a part of the data. Therefore, in cell values <= 5, no reliable assertions can be made.,
AT32,UNK,T,TOTAL,TOTAL,TOTAL,TOTAL,2011,Austria,26,,,
AT321,UNK,T,TOTAL,TOTAL,TOTAL,TOTAL,2011,Austria,0,,,
AT322,UNK,T,TOTAL,TOTAL,TOTAL,TOTAL,2011,Austria,5,d,For data privacy protection reasons, the statistical disclosure control method of "Target Swapping" has been used on a part of the data. Therefore, in cell values <= 5, no reliable assertions can be made.,
AT323,UNK,T,TOTAL,TOTAL,TOTAL,TOTAL,2011,Austria,21,,,
AT33,UNK,T,TOTAL,TOTAL,TOTAL,TOTAL,2011,Austria,31,,,
AT331,UNK,T,TOTAL,TOTAL,TOTAL,TOTAL,2011,Austria,2,d,For data privacy protection reasons, the statistical disclosure control method of "Target Swapping" has been used on a part of the data. Therefore, in cell values <= 5, no reliable assertions can be made.,
AT332,UNK,T,TOTAL,TOTAL,TOTAL,TOTAL,2011,Austria,15,,,
AT333,UNK,T,TOTAL,TOTAL,TOTAL,TOTAL,2011,Austria,1,d,For data privacy protection reasons, the statistical disclosure control method of "Target Swapping" has been used on a part of the data. Therefore, in cell values <= 5, no reliable assertions can be made.,
AT334,UNK,T,TOTAL,TOTAL,TOTAL,TOTAL,2011,Austria,4,d,For data privacy protection reasons, the statistical disclosure control method of "Target Swapping" has been used on a part of the data. Therefore, in cell values <= 5, no reliable assertions can be made.,
AT335,UNK,T,TOTAL,TOTAL,TOTAL,TOTAL,2011,Austria,9,,,
AT34,UNK,T,TOTAL,TOTAL,TOTAL,TOTAL,2011,Austria,10,,,
AT341,UNK,T,TOTAL,TOTAL,TOTAL,TOTAL,2011,Austria,5,d,For data privacy protection reasons, the statistical disclosure control method of "Target Swapping" has been used on a part of the data. Therefore, in cell values <= 5, no reliable assertions can be made.,
AT342,UNK,T,TOTAL,TOTAL,TOTAL,TOTAL,2011,Austria,5,d,For data privacy protection reasons, the statistical disclosure control method of "Target Swapping" has been used on a part of the data. Therefore, in cell values <= 5, no reliable assertions can be made.,
ATZ,UNK,T,TOTAL,TOTAL,TOTAL,TOTAL,2011,Austria,0,,,
ATZZ,UNK,T,TOTAL,TOTAL,TOTAL,TOTAL,2011,Austria,0,,,
ATZZZ,UNK,T,TOTAL,TOTAL,TOTAL,TOTAL,2011,Austria,0,,,
CY,NAT,T,TOTAL,TOTAL,TOTAL,TOTAL,2011,Cyprus,638124,,,
CY0,NAT,T,TOTAL,TOTAL,TOTAL,TOTAL,2011,Cyprus,638124,,,
CY00,NAT,T,TOTAL,TOTAL,TOTAL,TOTAL,2011,Cyprus,638124,,,
CY000,NAT,T,TOTAL,TOTAL,TOTAL,TOTAL,2011,Cyprus,638124,,,
CYZ,NAT,T,TOTAL,TOTAL,TOTAL,TOTAL,2011,Cyprus,0,,,
CYZZ,NAT,T,TOTAL,TOTAL,TOTAL,TOTAL,2011,Cyprus,0,,,
CYZZZ,NAT,T,TOTAL,TOTAL,TOTAL,TOTAL,2011,Cyprus,0,,,
CY,FOR,T,TOTAL,TOTAL,TOTAL,TOTAL,2011,Cyprus,196966,,,
CY0,FOR,T,TOTAL,TOTAL,TOTAL,TOTAL,2011,Cyprus,196966,,,
CY00,FOR,T,TOTAL,TOTAL,TOTAL,TOTAL,2011,Cyprus,196966,,,
CY000,FOR,T,TOTAL,TOTAL,TOTAL,TOTAL,2011,Cyprus,196966,,,
CYZ,FOR,T,TOTAL,TOTAL,TOTAL,TOTAL,2011,Cyprus,0,,,
CYZZ,FOR,T,TOTAL,TOTAL,TOTAL,TOTAL,2011,Cyprus,0,,,
CYZZZ,FOR,T,TOTAL,TOTAL,TOTAL,TOTAL,2011,Cyprus,0,,,
CY,OTH,T,TOTAL,TOTAL,TOTAL,TOTAL,2011,Cyprus,0,,,
CY0,OTH,T,TOTAL,TOTAL,TOTAL,TOTAL,2011,Cyprus,0,,,
CY00,OTH,T,TOTAL,TOTAL,TOTAL,TOTAL,2011,Cyprus,0,,,
CY000,OTH,T,TOTAL,TOTAL,TOTAL,TOTAL,2011,Cyprus,0,,,
CYZ,OTH,T,TOTAL,TOTAL,TOTAL,TOTAL,2011,Cyprus,0,,,
CYZZ,OTH,T,TOTAL,TOTAL,TOTAL,TOTAL,2011,Cyprus,0,,,
CYZZZ,OTH,T,TOTAL,TOTAL,TOTAL,TOTAL,2011,Cyprus,0,,,
CY,UNK,T,TOTAL,TOTAL,TOTAL,TOTAL,2011,Cyprus,5317,,,
CY0,UNK,T,TOTAL,TOTAL,TOTAL,TOTAL,2011,Cyprus,5317,,,
CY00,UNK,T,TOTAL,TOTAL,TOTAL,TOTAL,2011,Cyprus,5317,,,
CY000,UNK,T,TOTAL,TOTAL,TOTAL,TOTAL,2011,Cyprus,5317,,,
CYZ,UNK,T,TOTAL,TOTAL,TOTAL,TOTAL,2011,Cyprus,0,,,
CYZZ,UNK,T,TOTAL,TOTAL,TOTAL,TOTAL,2011,Cyprus,0,,,
CYZZZ,UNK,T,TOTAL,TOTAL,TOTAL,TOTAL,2011,Cyprus,0,,,
CZ,NAT,T,TOTAL,TOTAL,TOTAL,TOTAL,2011,Czechia,9691367,,,
CZ0,NAT,T,TOTAL,TOTAL,TOTAL,TOTAL,2011,Czechia,9691367,,,
CZ01,NAT,T,TOTAL,TOTAL,TOTAL,TOTAL,2011,Czechia,1063790,,,
CZ010,NAT,T,TOTAL,TOTAL,TOTAL,TOTAL,2011,Czechia,1063790,,,
CZ02,NAT,T,TOTAL,TOTAL,TOTAL,TOTAL,2011,Czechia,1202067,,,
CZ020,NAT,T,TOTAL,TOTAL,TOTAL,TOTAL,2011,Czechia,1202067,,,
CZ03,NAT,T,TOTAL,TOTAL,TOTAL,TOTAL,2011,Czechia,1128880,,,
CZ031,NAT,T,TOTAL,TOTAL,TOTAL,TOTAL,2011,Czechia,599918,,,
CZ032,NAT,T,TOTAL,TOTAL,TOTAL,TOTAL,2011,Czechia,528962,,,
CZ04,NAT,T,TOTAL,TOTAL,TOTAL,TOTAL,2011,Czechia,1007000,,,
CZ041,NAT,T,TOTAL,TOTAL,TOTAL,TOTAL,2011,Czechia,260389,,,
CZ042,NAT,T,TOTAL,TOTAL,TOTAL,TOTAL,2011,Czechia,746611,,,
CZ05,NAT,T,TOTAL,TOTAL,TOTAL,TOTAL,2011,Czechia,1408602,,,
CZ051,NAT,T,TOTAL,TOTAL,TOTAL,TOTAL,2011,Czechia,402492,,,
CZ052,NAT,T,TOTAL,TOTAL,TOTAL,TOTAL,2011,Czechia,518308,,,
CZ053,NAT,T,TOTAL,TOTAL,TOTAL,TOTAL,2011,Czechia,487802,,,
CZ06,NAT,T,TOTAL,TOTAL,TOTAL,TOTAL,2011,Czechia,1587685,,,
CZ063,NAT,T,TOTAL,TOTAL,TOTAL,TOTAL,2011,Czechia,490891,,,
CZ064,NAT,T,TOTAL,TOTAL,TOTAL,TOTAL,2011,Czechia,1096794,,,
CZ07,NAT,T,TOTAL,TOTAL,TOTAL,TOTAL,2011,Czechia,1161524,,,
CZ071,NAT,T,TOTAL,TOTAL,TOTAL,TOTAL,2011,Czechia,601615,,,
CZ072,NAT,T,TOTAL,TOTAL,TOTAL,TOTAL,2011,Czechia,559909,,,
CZ08,NAT,T,TOTAL,TOTAL,TOTAL,TOTAL,2011,Czechia,1131819,,,
CZ080,NAT,T,TOTAL,TOTAL,TOTAL,TOTAL,2011,Czechia,1131819,,,
CZZ,NAT,T,TOTAL,TOTAL,TOTAL,TOTAL,2011,Czechia,0,,,
CZZZ,NAT,T,TOTAL,TOTAL,TOTAL,TOTAL,2011,Czechia,0,,,
CZZZZ,NAT,T,TOTAL,TOTAL,TOTAL,TOTAL,2011,Czechia,0,,,
CZ,FOR,T,TOTAL,TOTAL,TOTAL,TOTAL,2011,Czechia,693959,,,
CZ0,FOR,T,TOTAL,TOTAL,TOTAL,TOTAL,2011,Czechia,693959,,,
CZ01,FOR,T,TOTAL,TOTAL,TOTAL,TOTAL,2011,Czechia,187565,,,
CZ010,FOR,T,TOTAL,TOTAL,TOTAL,TOTAL,2011,Czechia,187565,,,
CZ02,FOR,T,TOTAL,TOTAL,TOTAL,TOTAL,2011,Czechia,81255,,,
CZ020,FOR,T,TOTAL,TOTAL,TOTAL,TOTAL,2011,Czechia,81255,,,
CZ03,FOR,T,TOTAL,TOTAL,TOTAL,TOTAL,2011,Czechia,64647,,,
CZ031,FOR,T,TOTAL,TOTAL,TOTAL,TOTAL,2011,Czechia,26145,,,
CZ032,FOR,T,TOTAL,TOTAL,TOTAL,TOTAL,2011,Czechia,38502,,,
CZ04,FOR,T,TOTAL,TOTAL,TOTAL,TOTAL,2011,Czechia,91379,,,
CZ041,FOR,T,TOTAL,TOTAL,TOTAL,TOTAL,2011,Czechia,33241,,,
CZ042,FOR,T,TOTAL,TOTAL,TOTAL,TOTAL,2011,Czechia,58138,,,
CZ05,FOR,T,TOTAL,TOTAL,TOTAL,TOTAL,2011,Czechia,77446,,,
CZ051,FOR,T,TOTAL,TOTAL,TOTAL,TOTAL,2011,Czechia,28022,,,
CZ052,FOR,T,TOTAL,TOTAL,TOTAL,TOTAL,2011,Czechia,27506,,,
CZ053,FOR,T,TOTAL,TOTAL,TOTAL,TOTAL,2011,Czechia,21918,,,
CZ06,FOR,T,TOTAL,TOTAL,TOTAL,TOTAL,2011,Czechia,76747,,,
CZ063,FOR,T,TOTAL,TOTAL,TOTAL,TOTAL,2011,Czechia,13423,,,
CZ064,FOR,T,TOTAL,TOTAL,TOTAL,TOTAL,2011,Czechia,63324,,,
CZ07,FOR,T,TOTAL,TOTAL,TOTAL,TOTAL,2011,Czechia,44103,,,
CZ071,FOR,T,TOTAL,TOTAL,TOTAL,TOTAL,2011,Czechia,25254,,,
CZ072,FOR,T,TOTAL,TOTAL,TOTAL,TOTAL,2011,Czechia,18849,,,
CZ08,FOR,T,TOTAL,TOTAL,TOTAL,TOTAL,2011,Czechia,70817,,,
CZ080,FOR,T,TOTAL,TOTAL,TOTAL,TOTAL,2011,Czechia,70817,,,
CZZ,FOR,T,TOTAL,TOTAL,TOTAL,TOTAL,2011,Czechia,0,,,
CZZZ,FOR,T,TOTAL,TOTAL,TOTAL,TOTAL,2011,Czechia,0,,,
CZZZZ,FOR,T,TOTAL,TOTAL,TOTAL,TOTAL,2011,Czechia,0,,,
CZ,OTH,T,TOTAL,TOTAL,TOTAL,TOTAL,2011,Czechia,0,,,
CZ0,OTH,T,TOTAL,TOTAL,TOTAL,TOTAL,2011,Czechia,0,,,
CZ01,OTH,T,TOTAL,TOTAL,TOTAL,TOTAL,2011,Czechia,0,,,
CZ010,OTH,T,TOTAL,TOTAL,TOTAL,TOTAL,2011,Czechia,0,,,
CZ02,OTH,T,TOTAL,TOTAL,TOTAL,TOTAL,2011,Czechia,0,,,
CZ020,OTH,T,TOTAL,TOTAL,TOTAL,TOTAL,2011,Czechia,0,,,
CZ03,OTH,T,TOTAL,TOTAL,TOTAL,TOTAL,2011,Czechia,0,,,
CZ031,OTH,T,TOTAL,TOTAL,TOTAL,TOTAL,2011,Czechia,0,,,
CZ032,OTH,T,TOTAL,TOTAL,TOTAL,TOTAL,2011,Czechia,0,,,
CZ04,OTH,T,TOTAL,TOTAL,TOTAL,TOTAL,2011,Czechia,0,,,
CZ041,OTH,T,TOTAL,TOTAL,TOTAL,TOTAL,2011,Czechia,0,,,
CZ042,OTH,T,TOTAL,TOTAL,TOTAL,TOTAL,2011,Czechia,0,,,
CZ05,OTH,T,TOTAL,TOTAL,TOTAL,TOTAL,2011,Czechia,0,,,
CZ051,OTH,T,TOTAL,TOTAL,TOTAL,TOTAL,2011,Czechia,0,,,
CZ052,OTH,T,TOTAL,TOTAL,TOTAL,TOTAL,2011,Czechia,0,,,
CZ053,OTH,T,TOTAL,TOTAL,TOTAL,TOTAL,2011,Czechia,0,,,
CZ06,OTH,T,TOTAL,TOTAL,TOTAL,TOTAL,2011,Czechia,0,,,
CZ063,OTH,T,TOTAL,TOTAL,TOTAL,TOTAL,2011,Czechia,0,,,
CZ064,OTH,T,TOTAL,TOTAL,TOTAL,TOTAL,2011,Czechia,0,,,
CZ07,OTH,T,TOTAL,TOTAL,TOTAL,TOTAL,2011,Czechia,0,,,
CZ071,OTH,T,TOTAL,TOTAL,TOTAL,TOTAL,2011,Czechia,0,,,
CZ072,OTH,T,TOTAL,TOTAL,TOTAL,TOTAL,2011,Czechia,0,,,
CZ08,OTH,T,TOTAL,TOTAL,TOTAL,TOTAL,2011,Czechia,0,,,
CZ080,OTH,T,TOTAL,TOTAL,TOTAL,TOTAL,2011,Czechia,0,,,
CZZ,OTH,T,TOTAL,TOTAL,TOTAL,TOTAL,2011,Czechia,0,,,
CZZZ,OTH,T,TOTAL,TOTAL,TOTAL,TOTAL,2011,Czechia,0,,,
CZZZZ,OTH,T,TOTAL,TOTAL,TOTAL,TOTAL,2011,Czechia,0,,,
CZ,UNK,T,TOTAL,TOTAL,TOTAL,TOTAL,2011,Czechia,51234,,,
CZ0,UNK,T,TOTAL,TOTAL,TOTAL,TOTAL,2011,Czechia,51234,,,
CZ01,UNK,T,TOTAL,TOTAL,TOTAL,TOTAL,2011,Czechia,17441,,,
CZ010,UNK,T,TOTAL,TOTAL,TOTAL,TOTAL,2011,Czechia,17441,,,
CZ02,UNK,T,TOTAL,TOTAL,TOTAL,TOTAL,2011,Czechia,5889,,,
CZ020,UNK,T,TOTAL,TOTAL,TOTAL,TOTAL,2011,Czechia,5889,,,
CZ03,UNK,T,TOTAL,TOTAL,TOTAL,TOTAL,2011,Czechia,5210,,,
CZ031,UNK,T,TOTAL,TOTAL,TOTAL,TOTAL,2011,Czechia,2273,,,
CZ032,UNK,T,TOTAL,TOTAL,TOTAL,TOTAL,2011,Czechia,2937,,,
CZ04,UNK,T,TOTAL,TOTAL,TOTAL,TOTAL,2011,Czechia,6177,,,
CZ041,UNK,T,TOTAL,TOTAL,TOTAL,TOTAL,2011,Czechia,1965,,,
CZ042,UNK,T,TOTAL,TOTAL,TOTAL,TOTAL,2011,Czechia,4212,,,
CZ05,UNK,T,TOTAL,TOTAL,TOTAL,TOTAL,2011,Czechia,5934,,,
CZ051,UNK,T,TOTAL,TOTAL,TOTAL,TOTAL,2011,Czechia,1925,,,
CZ052,UNK,T,TOTAL,TOTAL,TOTAL,TOTAL,2011,Czechia,2102,,,
CZ053,UNK,T,TOTAL,TOTAL,TOTAL,TOTAL,2011,Czechia,1907,,,
CZ06,UNK,T,TOTAL,TOTAL,TOTAL,TOTAL,2011,Czechia,4641,,,
CZ063,UNK,T,TOTAL,TOTAL,TOTAL,TOTAL,2011,Czechia,1251,,,
CZ064,UNK,T,TOTAL,TOTAL,TOTAL,TOTAL,2011,Czechia,3390,,,
CZ07,UNK,T,TOTAL,TOTAL,TOTAL,TOTAL,2011,Czechia,2744,,,
CZ071,UNK,T,TOTAL,TOTAL,TOTAL,TOTAL,2011,Czechia,1558,,,
CZ072,UNK,T,TOTAL,TOTAL,TOTAL,TOTAL,2011,Czechia,1186,,,
CZ08,UNK,T,TOTAL,TOTAL,TOTAL,TOTAL,2011,Czechia,3198,,,
CZ080,UNK,T,TOTAL,TOTAL,TOTAL,TOTAL,2011,Czechia,3198,,,
CZZ,UNK,T,TOTAL,TOTAL,TOTAL,TOTAL,2011,Czechia,0,,,
CZZZ,UNK,T,TOTAL,TOTAL,TOTAL,TOTAL,2011,Czechia,0,,,
CZZZZ,UNK,T,TOTAL,TOTAL,TOTAL,TOTAL,2011,Czechia,0,,,
PL,NAT,T,TOTAL,TOTAL,TOTAL,TOTAL,2011,Poland,37386860,,,
PL1,NAT,T,TOTAL,TOTAL,TOTAL,TOTAL,2011,Poland,7676867,,,
PL11,NAT,T,TOTAL,TOTAL,TOTAL,TOTAL,2011,Poland,2501664,,,
PL113,NAT,T,TOTAL,TOTAL,TOTAL,TOTAL,2011,Poland,714795,,,
PL114,NAT,T,TOTAL,TOTAL,TOTAL,TOTAL,2011,Poland,377220,,,
PL115,NAT,T,TOTAL,TOTAL,TOTAL,TOTAL,2011,Poland,592114,,,
PL116,NAT,T,TOTAL,TOTAL,TOTAL,TOTAL,2011,Poland,448800,,,
PL117,NAT,T,TOTAL,TOTAL,TOTAL,TOTAL,2011,Poland,368735,,,
PL12,NAT,T,TOTAL,TOTAL,TOTAL,TOTAL,2011,Poland,5175203,,,
PL121,NAT,T,TOTAL,TOTAL,TOTAL,TOTAL,2011,Poland,625114,,,
PL122,NAT,T,TOTAL,TOTAL,TOTAL,TOTAL,2011,Poland,749796,,,
PL127,NAT,T,TOTAL,TOTAL,TOTAL,TOTAL,2011,Poland,1650905,,,
PL128,NAT,T,TOTAL,TOTAL,TOTAL,TOTAL,2011,Poland,617847,,,
PL129,NAT,T,TOTAL,TOTAL,TOTAL,TOTAL,2011,Poland,772564,,,
PL12A,NAT,T,TOTAL,TOTAL,TOTAL,TOTAL,2011,Poland,758977,,,
PL2,NAT,T,TOTAL,TOTAL,TOTAL,TOTAL,2011,Poland,7792189,,,
PL21,NAT,T,TOTAL,TOTAL,TOTAL,TOTAL,2011,Poland,3266268,,,
PL213,NAT,T,TOTAL,TOTAL,TOTAL,TOTAL,2011,Poland,735849,,,
PL214,NAT,T,TOTAL,TOTAL,TOTAL,TOTAL,2011,Poland,683945,,,
PL215,NAT,T,TOTAL,TOTAL,TOTAL,TOTAL,2011,Poland,766877,,,
PL216,NAT,T,TOTAL,TOTAL,TOTAL,TOTAL,2011,Poland,630761,,,
PL217,NAT,T,TOTAL,TOTAL,TOTAL,TOTAL,2011,Poland,448836,,,
PL22,NAT,T,TOTAL,TOTAL,TOTAL,TOTAL,2011,Poland,4525921,,,
PL224,NAT,T,TOTAL,TOTAL,TOTAL,TOTAL,2011,Poland,522142,,,
PL225,NAT,T,TOTAL,TOTAL,TOTAL,TOTAL,2011,Poland,648272,,,
PL227,NAT,T,TOTAL,TOTAL,TOTAL,TOTAL,2011,Poland,620317,,,
PL228,NAT,T,TOTAL,TOTAL,TOTAL,TOTAL,2011,Poland,435665,,,
PL229,NAT,T,TOTAL,TOTAL,TOTAL,TOTAL,2011,Poland,463808,,,
PL22A,NAT,T,TOTAL,TOTAL,TOTAL,TOTAL,2011,Poland,753893,,,
PL22B,NAT,T,TOTAL,TOTAL,TOTAL,TOTAL,2011,Poland,701013,,,
PL22C,NAT,T,TOTAL,TOTAL,TOTAL,TOTAL,2011,Poland,380811,,,
PL3,NAT,T,TOTAL,TOTAL,TOTAL,TOTAL,2011,Poland,6612605,,,
PL31,NAT,T,TOTAL,TOTAL,TOTAL,TOTAL,2011,Poland,2133245,,,
PL311,NAT,T,TOTAL,TOTAL,TOTAL,TOTAL,2011,Poland,304968,,,
PL312,NAT,T,TOTAL,TOTAL,TOTAL,TOTAL,2011,Poland,635406,,,
PL314,NAT,T,TOTAL,TOTAL,TOTAL,TOTAL,2011,Poland,703344,,,
PL315,NAT,T,TOTAL,TOTAL,TOTAL,TOTAL,2011,Poland,489527,,,
PL32,NAT,T,TOTAL,TOTAL,TOTAL,TOTAL,2011,Poland,2059638,,,
PL323,NAT,T,TOTAL,TOTAL,TOTAL,TOTAL,2011,Poland,472040,,,
PL324,NAT,T,TOTAL,TOTAL,TOTAL,TOTAL,2011,Poland,384899,,,
PL325,NAT,T,TOTAL,TOTAL,TOTAL,TOTAL,2011,Poland,604187,,,
PL326,NAT,T,TOTAL,TOTAL,TOTAL,TOTAL,2011,Poland,598512,,,
PL33,NAT,T,TOTAL,TOTAL,TOTAL,TOTAL,2011,Poland,1259427,,,
PL331,NAT,T,TOTAL,TOTAL,TOTAL,TOTAL,2011,Poland,768733,,,
PL332,NAT,T,TOTAL,TOTAL,TOTAL,TOTAL,2011,Poland,490694,,,
PL34,NAT,T,TOTAL,TOTAL,TOTAL,TOTAL,2011,Poland,1160296,,,
PL343,NAT,T,TOTAL,TOTAL,TOTAL,TOTAL,2011,Poland,492826,,,
PL344,NAT,T,TOTAL,TOTAL,TOTAL,TOTAL,2011,Poland,398610,,,
PL345,NAT,T,TOTAL,TOTAL,TOTAL,TOTAL,2011,Poland,268859,,,
PL4,NAT,T,TOTAL,TOTAL,TOTAL,TOTAL,2011,Poland,5992050,,,
PL41,NAT,T,TOTAL,TOTAL,TOTAL,TOTAL,2011,Poland,3391324,,,
PL411,NAT,T,TOTAL,TOTAL,TOTAL,TOTAL,2011,Poland,403129,,,
PL414,NAT,T,TOTAL,TOTAL,TOTAL,TOTAL,2011,Poland,651493,,,
PL415,NAT,T,TOTAL,TOTAL,TOTAL,TOTAL,2011,Poland,543182,,,
PL416,NAT,T,TOTAL,TOTAL,TOTAL,TOTAL,2011,Poland,662601,,,
PL417,NAT,T,TOTAL,TOTAL,TOTAL,TOTAL,2011,Poland,542665,,,
PL418,NAT,T,TOTAL,TOTAL,TOTAL,TOTAL,2011,Poland,588254,,,
PL42,NAT,T,TOTAL,TOTAL,TOTAL,TOTAL,2011,Poland,1637686,,,
PL422,NAT,T,TOTAL,TOTAL,TOTAL,TOTAL,2011,Poland,572071,,,
PL423,NAT,T,TOTAL,TOTAL,TOTAL,TOTAL,2011,Poland,362364,,,
PL424,NAT,T,TOTAL,TOTAL,TOTAL,TOTAL,2011,Poland,391233,,,
PL425,NAT,T,TOTAL,TOTAL,TOTAL,TOTAL,2011,Poland,312017,,,
PL43,NAT,T,TOTAL,TOTAL,TOTAL,TOTAL,2011,Poland,963040,,,
PL431,NAT,T,TOTAL,TOTAL,TOTAL,TOTAL,2011,Poland,364202,,,
PL432,NAT,T,TOTAL,TOTAL,TOTAL,TOTAL,2011,Poland,598838,,,
PL5,NAT,T,TOTAL,TOTAL,TOTAL,TOTAL,2011,Poland,3662853,,,
PL51,NAT,T,TOTAL,TOTAL,TOTAL,TOTAL,2011,Poland,2733690,,,
PL514,NAT,T,TOTAL,TOTAL,TOTAL,TOTAL,2011,Poland,591808,,,
PL515,NAT,T,TOTAL,TOTAL,TOTAL,TOTAL,2011,Poland,543409,,,
PL516,NAT,T,TOTAL,TOTAL,TOTAL,TOTAL,2011,Poland,427068,,,
PL517,NAT,T,TOTAL,TOTAL,TOTAL,TOTAL,2011,Poland,643281,,,
PL518,NAT,T,TOTAL,TOTAL,TOTAL,TOTAL,2011,Poland,528124,,,
PL52,NAT,T,TOTAL,TOTAL,TOTAL,TOTAL,2011,Poland,929163,,,
PL521,NAT,T,TOTAL,TOTAL,TOTAL,TOTAL,2011,Poland,374157,,,
PL522,NAT,T,TOTAL,TOTAL,TOTAL,TOTAL,2011,Poland,555006,,,
PL6,NAT,T,TOTAL,TOTAL,TOTAL,TOTAL,2011,Poland,5650297,,,
PL61,NAT,T,TOTAL,TOTAL,TOTAL,TOTAL,2011,Poland,2055533,,,
PL613,NAT,T,TOTAL,TOTAL,TOTAL,TOTAL,2011,Poland,755318,,,
PL614,NAT,T,TOTAL,TOTAL,TOTAL,TOTAL,2011,Poland,527299,,,
PL615,NAT,T,TOTAL,TOTAL,TOTAL,TOTAL,2011,Poland,772916,,,
PL62,NAT,T,TOTAL,TOTAL,TOTAL,TOTAL,2011,Poland,1389908,,,
PL621,NAT,T,TOTAL,TOTAL,TOTAL,TOTAL,2011,Poland,519968,,,
PL622,NAT,T,TOTAL,TOTAL,TOTAL,TOTAL,2011,Poland,592606,,,
PL623,NAT,T,TOTAL,TOTAL,TOTAL,TOTAL,2011,Poland,277334,,,
PL63,NAT,T,TOTAL,TOTAL,TOTAL,TOTAL,2011,Poland,2204856,,,
PL631,NAT,T,TOTAL,TOTAL,TOTAL,TOTAL,2011,Poland,471828,,,
PL633,NAT,T,TOTAL,TOTAL,TOTAL,TOTAL,2011,Poland,720569,,,
PL634,NAT,T,TOTAL,TOTAL,TOTAL,TOTAL,2011,Poland,522150,,,
PL635,NAT,T,TOTAL,TOTAL,TOTAL,TOTAL,2011,Poland,490309,,,
PLZ,NAT,T,TOTAL,TOTAL,TOTAL,TOTAL,2011,Poland,0,,,
PLZZ,NAT,T,TOTAL,TOTAL,TOTAL,TOTAL,2011,Poland,0,,,
PLZZZ,NAT,T,TOTAL,TOTAL,TOTAL,TOTAL,2011,Poland,0,,,
PL,FOR,T,TOTAL,TOTAL,TOTAL,TOTAL,2011,Poland,639772,,,
PL1,FOR,T,TOTAL,TOTAL,TOTAL,TOTAL,2011,Poland,85699,,,
PL11,FOR,T,TOTAL,TOTAL,TOTAL,TOTAL,2011,Poland,22165,,,
PL113,FOR,T,TOTAL,TOTAL,TOTAL,TOTAL,2011,Poland,10750,,,
PL114,FOR,T,TOTAL,TOTAL,TOTAL,TOTAL,2011,Poland,3319,,,
PL115,FOR,T,TOTAL,TOTAL,TOTAL,TOTAL,2011,Poland,2789,,,
PL116,FOR,T,TOTAL,TOTAL,TOTAL,TOTAL,2011,Poland,3581,,,
PL117,FOR,T,TOTAL,TOTAL,TOTAL,TOTAL,2011,Poland,1726,,,
PL12,FOR,T,TOTAL,TOTAL,TOTAL,TOTAL,2011,Poland,63534,,,
PL121,FOR,T,TOTAL,TOTAL,TOTAL,TOTAL,2011,Poland,2624,,,
PL122,FOR,T,TOTAL,TOTAL,TOTAL,TOTAL,2011,Poland,2754,,,
PL127,FOR,T,TOTAL,TOTAL,TOTAL,TOTAL,2011,Poland,40541,,,
PL128,FOR,T,TOTAL,TOTAL,TOTAL,TOTAL,2011,Poland,2714,,,
PL129,FOR,T,TOTAL,TOTAL,TOTAL,TOTAL,2011,Poland,5021,,,
PL12A,FOR,T,TOTAL,TOTAL,TOTAL,TOTAL,2011,Poland,9881,,,
PL2,FOR,T,TOTAL,TOTAL,TOTAL,TOTAL,2011,Poland,80599,,,
PL21,FOR,T,TOTAL,TOTAL,TOTAL,TOTAL,2011,Poland,26864,,,
PL213,FOR,T,TOTAL,TOTAL,TOTAL,TOTAL,2011,Poland,12346,,,
PL214,FOR,T,TOTAL,TOTAL,TOTAL,TOTAL,2011,Poland,3623,,,
PL215,FOR,T,TOTAL,TOTAL,TOTAL,TOTAL,2011,Poland,4251,,,
PL216,FOR,T,TOTAL,TOTAL,TOTAL,TOTAL,2011,Poland,3232,,,
PL217,FOR,T,TOTAL,TOTAL,TOTAL,TOTAL,2011,Poland,3412,,,
PL22,FOR,T,TOTAL,TOTAL,TOTAL,TOTAL,2011,Poland,53734,,,
PL224,FOR,T,TOTAL,TOTAL,TOTAL,TOTAL,2011,Poland,4091,,,
PL225,FOR,T,TOTAL,TOTAL,TOTAL,TOTAL,2011,Poland,6008,,,
PL227,FOR,T,TOTAL,TOTAL,TOTAL,TOTAL,2011,Poland,6943,,,
PL228,FOR,T,TOTAL,TOTAL,TOTAL,TOTAL,2011,Poland,7128,,,
PL229,FOR,T,TOTAL,TOTAL,TOTAL,TOTAL,2011,Poland,13249,,,
PL22A,FOR,T,TOTAL,TOTAL,TOTAL,TOTAL,2011,Poland,7752,,,
PL22B,FOR,T,TOTAL,TOTAL,TOTAL,TOTAL,2011,Poland,5124,,,
PL22C,FOR,T,TOTAL,TOTAL,TOTAL,TOTAL,2011,Poland,3441,,,
PL3,FOR,T,TOTAL,TOTAL,TOTAL,TOTAL,2011,Poland,62416,,,
PL31,FOR,T,TOTAL,TOTAL,TOTAL,TOTAL,2011,Poland,20000,,,
PL311,FOR,T,TOTAL,TOTAL,TOTAL,TOTAL,2011,Poland,2721,,,
PL312,FOR,T,TOTAL,TOTAL,TOTAL,TOTAL,2011,Poland,8231,,,
PL314,FOR,T,TOTAL,TOTAL,TOTAL,TOTAL,2011,Poland,6526,,,
PL315,FOR,T,TOTAL,TOTAL,TOTAL,TOTAL,2011,Poland,2522,,,
PL32,FOR,T,TOTAL,TOTAL,TOTAL,TOTAL,2011,Poland,22661,,,
PL323,FOR,T,TOTAL,TOTAL,TOTAL,TOTAL,2011,Poland,4237,,,
PL324,FOR,T,TOTAL,TOTAL,TOTAL,TOTAL,2011,Poland,7510,,,
PL325,FOR,T,TOTAL,TOTAL,TOTAL,TOTAL,2011,Poland,5500,,,
PL326,FOR,T,TOTAL,TOTAL,TOTAL,TOTAL,2011,Poland,5414,,,
PL33,FOR,T,TOTAL,TOTAL,TOTAL,TOTAL,2011,Poland,6653,,,
PL331,FOR,T,TOTAL,TOTAL,TOTAL,TOTAL,2011,Poland,4702,,,
PL332,FOR,T,TOTAL,TOTAL,TOTAL,TOTAL,2011,Poland,1951,,,
PL34,FOR,T,TOTAL,TOTAL,TOTAL,TOTAL,2011,Poland,13102,,,
PL343,FOR,T,TOTAL,TOTAL,TOTAL,TOTAL,2011,Poland,7741,,,
PL344,FOR,T,TOTAL,TOTAL,TOTAL,TOTAL,2011,Poland,3465,,,
PL345,FOR,T,TOTAL,TOTAL,TOTAL,TOTAL,2011,Poland,1896,,,
PL4,FOR,T,TOTAL,TOTAL,TOTAL,TOTAL,2011,Poland,134646,,,
PL41,FOR,T,TOTAL,TOTAL,TOTAL,TOTAL,2011,Poland,30976,,,
PL411,FOR,T,TOTAL,TOTAL,TOTAL,TOTAL,2011,Poland,6216,,,
PL414,FOR,T,TOTAL,TOTAL,TOTAL,TOTAL,2011,Poland,4400,,,
PL415,FOR,T,TOTAL,TOTAL,TOTAL,TOTAL,2011,Poland,8128,,,
PL416,FOR,T,TOTAL,TOTAL,TOTAL,TOTAL,2011,Poland,4902,,,
PL417,FOR,T,TOTAL,TOTAL,TOTAL,TOTAL,2011,Poland,3542,,,
PL418,FOR,T,TOTAL,TOTAL,TOTAL,TOTAL,2011,Poland,3789,,,
PL42,FOR,T,TOTAL,TOTAL,TOTAL,TOTAL,2011,Poland,57107,,,
PL422,FOR,T,TOTAL,TOTAL,TOTAL,TOTAL,2011,Poland,19164,,,
PL423,FOR,T,TOTAL,TOTAL,TOTAL,TOTAL,2011,Poland,12533,,,
PL424,FOR,T,TOTAL,TOTAL,TOTAL,TOTAL,2011,Poland,15697,,,
PL425,FOR,T,TOTAL,TOTAL,TOTAL,TOTAL,2011,Poland,9713,,,
PL43,FOR,T,TOTAL,TOTAL,TOTAL,TOTAL,2011,Poland,46562,,,
PL431,FOR,T,TOTAL,TOTAL,TOTAL,TOTAL,2011,Poland,16833,,,
PL432,FOR,T,TOTAL,TOTAL,TOTAL,TOTAL,2011,Poland,29729,,,
PL5,FOR,T,TOTAL,TOTAL,TOTAL,TOTAL,2011,Poland,182349,,,
PL51,FOR,T,TOTAL,TOTAL,TOTAL,TOTAL,2011,Poland,140097,,,
PL514,FOR,T,TOTAL,TOTAL,TOTAL,TOTAL,2011,Poland,30995,,,
PL515,FOR,T,TOTAL,TOTAL,TOTAL,TOTAL,2011,Poland,29825,,,
PL516,FOR,T,TOTAL,TOTAL,TOTAL,TOTAL,2011,Poland,21457,,,
PL517,FOR,T,TOTAL,TOTAL,TOTAL,TOTAL,2011,Poland,31387,,,
PL518,FOR,T,TOTAL,TOTAL,TOTAL,TOTAL,2011,Poland,26435,,,
PL52,FOR,T,TOTAL,TOTAL,TOTAL,TOTAL,2011,Poland,42251,,,
PL521,FOR,T,TOTAL,TOTAL,TOTAL,TOTAL,2011,Poland,20661,,,
PL522,FOR,T,TOTAL,TOTAL,TOTAL,TOTAL,2011,Poland,21590,,,
PL6,FOR,T,TOTAL,TOTAL,TOTAL,TOTAL,2011,Poland,94063,,,
PL61,FOR,T,TOTAL,TOTAL,TOTAL,TOTAL,2011,Poland,17860,,,
PL613,FOR,T,TOTAL,TOTAL,TOTAL,TOTAL,2011,Poland,9787,,,
PL614,FOR,T,TOTAL,TOTAL,TOTAL,TOTAL,2011,Poland,3582,,,
PL615,FOR,T,TOTAL,TOTAL,TOTAL,TOTAL,2011,Poland,4491,,,
PL62,FOR,T,TOTAL,TOTAL,TOTAL,TOTAL,2011,Poland,36252,,,
PL621,FOR,T,TOTAL,TOTAL,TOTAL,TOTAL,2011,Poland,10034,,,
PL622,FOR,T,TOTAL,TOTAL,TOTAL,TOTAL,2011,Poland,20030,,,
PL623,FOR,T,TOTAL,TOTAL,TOTAL,TOTAL,2011,Poland,6188,,,
PL63,FOR,T,TOTAL,TOTAL,TOTAL,TOTAL,2011,Poland,39951,,,
PL631,FOR,T,TOTAL,TOTAL,TOTAL,TOTAL,2011,Poland,9297,,,
PL633,FOR,T,TOTAL,TOTAL,TOTAL,TOTAL,2011,Poland,20427,,,
PL634,FOR,T,TOTAL,TOTAL,TOTAL,TOTAL,2011,Poland,4732,,,
PL635,FOR,T,TOTAL,TOTAL,TOTAL,TOTAL,2011,Poland,5495,,,
PLZ,FOR,T,TOTAL,TOTAL,TOTAL,TOTAL,2011,Poland,0,,,
PLZZ,FOR,T,TOTAL,TOTAL,TOTAL,TOTAL,2011,Poland,0,,,
PLZZZ,FOR,T,TOTAL,TOTAL,TOTAL,TOTAL,2011,Poland,0,,,
PL,OTH,T,TOTAL,TOTAL,TOTAL,TOTAL,2011,Poland,633,,,
PL1,OTH,T,TOTAL,TOTAL,TOTAL,TOTAL,2011,Poland,127,u,,
PL11,OTH,T,TOTAL,TOTAL,TOTAL,TOTAL,2011,Poland,48,u,,
PL113,OTH,T,TOTAL,TOTAL,TOTAL,TOTAL,2011,Poland,32,u,,
PL114,OTH,T,TOTAL,TOTAL,TOTAL,TOTAL,2011,Poland,1,u,,
PL115,OTH,T,TOTAL,TOTAL,TOTAL,TOTAL,2011,Poland,5,u,,
PL116,OTH,T,TOTAL,TOTAL,TOTAL,TOTAL,2011,Poland,0,,,
PL117,OTH,T,TOTAL,TOTAL,TOTAL,TOTAL,2011,Poland,10,u,,
PL12,OTH,T,TOTAL,TOTAL,TOTAL,TOTAL,2011,Poland,78,u,,
PL121,OTH,T,TOTAL,TOTAL,TOTAL,TOTAL,2011,Poland,4,u,,
PL122,OTH,T,TOTAL,TOTAL,TOTAL,TOTAL,2011,Poland,3,u,,
PL127,OTH,T,TOTAL,TOTAL,TOTAL,TOTAL,2011,Poland,50,u,,
PL128,OTH,T,TOTAL,TOTAL,TOTAL,TOTAL,2011,Poland,2,u,,
PL129,OTH,T,TOTAL,TOTAL,TOTAL,TOTAL,2011,Poland,8,u,,
PL12A,OTH,T,TOTAL,TOTAL,TOTAL,TOTAL,2011,Poland,12,u,,
PL2,OTH,T,TOTAL,TOTAL,TOTAL,TOTAL,2011,Poland,68,u,,
PL21,OTH,T,TOTAL,TOTAL,TOTAL,TOTAL,2011,Poland,20,u,,
PL213,OTH,T,TOTAL,TOTAL,TOTAL,TOTAL,2011,Poland,15,u,,
PL214,OTH,T,TOTAL,TOTAL,TOTAL,TOTAL,2011,Poland,1,u,,
PL215,OTH,T,TOTAL,TOTAL,TOTAL,TOTAL,2011,Poland,2,u,,
PL216,OTH,T,TOTAL,TOTAL,TOTAL,TOTAL,2011,Poland,1,u,,
PL217,OTH,T,TOTAL,TOTAL,TOTAL,TOTAL,2011,Poland,1,u,,
PL22,OTH,T,TOTAL,TOTAL,TOTAL,TOTAL,2011,Poland,47,u,,
PL224,OTH,T,TOTAL,TOTAL,TOTAL,TOTAL,2011,Poland,7,u,,
PL225,OTH,T,TOTAL,TOTAL,TOTAL,TOTAL,2011,Poland,1,u,,
PL227,OTH,T,TOTAL,TOTAL,TOTAL,TOTAL,2011,Poland,10,u,,
PL228,OTH,T,TOTAL,TOTAL,TOTAL,TOTAL,2011,Poland,6,u,,
PL229,OTH,T,TOTAL,TOTAL,TOTAL,TOTAL,2011,Poland,11,u,,
PL22A,OTH,T,TOTAL,TOTAL,TOTAL,TOTAL,2011,Poland,0,,,
PL22B,OTH,T,TOTAL,TOTAL,TOTAL,TOTAL,2011,Poland,6,u,,
PL22C,OTH,T,TOTAL,TOTAL,TOTAL,TOTAL,2011,Poland,6,u,,
PL3,OTH,T,TOTAL,TOTAL,TOTAL,TOTAL,2011,Poland,71,u,,
PL31,OTH,T,TOTAL,TOTAL,TOTAL,TOTAL,2011,Poland,32,u,,
PL311,OTH,T,TOTAL,TOTAL,TOTAL,TOTAL,2011,Poland,2,u,,
PL312,OTH,T,TOTAL,TOTAL,TOTAL,TOTAL,2011,Poland,8,u,,
PL314,OTH,T,TOTAL,TOTAL,TOTAL,TOTAL,2011,Poland,20,u,,
PL315,OTH,T,TOTAL,TOTAL,TOTAL,TOTAL,2011,Poland,2,u,,
PL32,OTH,T,TOTAL,TOTAL,TOTAL,TOTAL,2011,Poland,13,u,,
PL323,OTH,T,TOTAL,TOTAL,TOTAL,TOTAL,2011,Poland,3,u,,
PL324,OTH,T,TOTAL,TOTAL,TOTAL,TOTAL,2011,Poland,8,u,,
PL325,OTH,T,TOTAL,TOTAL,TOTAL,TOTAL,2011,Poland,2,u,,
PL326,OTH,T,TOTAL,TOTAL,TOTAL,TOTAL,2011,Poland,0,,,
PL33,OTH,T,TOTAL,TOTAL,TOTAL,TOTAL,2011,Poland,2,u,,
PL331,OTH,T,TOTAL,TOTAL,TOTAL,TOTAL,2011,Poland,2,u,,
PL332,OTH,T,TOTAL,TOTAL,TOTAL,TOTAL,2011,Poland,0,,,
PL34,OTH,T,TOTAL,TOTAL,TOTAL,TOTAL,2011,Poland,24,u,,
PL343,OTH,T,TOTAL,TOTAL,TOTAL,TOTAL,2011,Poland,21,u,,
PL344,OTH,T,TOTAL,TOTAL,TOTAL,TOTAL,2011,Poland,2,u,,
PL345,OTH,T,TOTAL,TOTAL,TOTAL,TOTAL,2011,Poland,1,u,,
PL4,OTH,T,TOTAL,TOTAL,TOTAL,TOTAL,2011,Poland,116,u,,
PL41,OTH,T,TOTAL,TOTAL,TOTAL,TOTAL,2011,Poland,26,u,,
PL411,OTH,T,TOTAL,TOTAL,TOTAL,TOTAL,2011,Poland,9,u,,
PL414,OTH,T,TOTAL,TOTAL,TOTAL,TOTAL,2011,Poland,3,u,,
PL415,OTH,T,TOTAL,TOTAL,TOTAL,TOTAL,2011,Poland,0,,,
PL416,OTH,T,TOTAL,TOTAL,TOTAL,TOTAL,2011,Poland,0,,,
PL417,OTH,T,TOTAL,TOTAL,TOTAL,TOTAL,2011,Poland,4,u,,
PL418,OTH,T,TOTAL,TOTAL,TOTAL,TOTAL,2011,Poland,10,u,,
PL42,OTH,T,TOTAL,TOTAL,TOTAL,TOTAL,2011,Poland,61,u,,
PL422,OTH,T,TOTAL,TOTAL,TOTAL,TOTAL,2011,Poland,19,u,,
PL423,OTH,T,TOTAL,TOTAL,TOTAL,TOTAL,2011,Poland,11,u,,
PL424,OTH,T,TOTAL,TOTAL,TOTAL,TOTAL,2011,Poland,12,u,,
PL425,OTH,T,TOTAL,TOTAL,TOTAL,TOTAL,2011,Poland,19,u,,
PL43,OTH,T,TOTAL,TOTAL,TOTAL,TOTAL,2011,Poland,29,u,,
PL431,OTH,T,TOTAL,TOTAL,TOTAL,TOTAL,2011,Poland,14,u,,
PL432,OTH,T,TOTAL,TOTAL,TOTAL,TOTAL,2011,Poland,15,u,,
PL5,OTH,T,TOTAL,TOTAL,TOTAL,TOTAL,2011,Poland,155,u,,
PL51,OTH,T,TOTAL,TOTAL,TOTAL,TOTAL,2011,Poland,111,u,,
PL514,OTH,T,TOTAL,TOTAL,TOTAL,TOTAL,2011,Poland,3,u,,
PL515,OTH,T,TOTAL,TOTAL,TOTAL,TOTAL,2011,Poland,41,u,,
PL516,OTH,T,TOTAL,TOTAL,TOTAL,TOTAL,2011,Poland,24,u,,
PL517,OTH,T,TOTAL,TOTAL,TOTAL,TOTAL,2011,Poland,12,u,,
PL518,OTH,T,TOTAL,TOTAL,TOTAL,TOTAL,2011,Poland,30,u,,
PL52,OTH,T,TOTAL,TOTAL,TOTAL,TOTAL,2011,Poland,44,u,,
PL521,OTH,T,TOTAL,TOTAL,TOTAL,TOTAL,2011,Poland,6,u,,
PL522,OTH,T,TOTAL,TOTAL,TOTAL,TOTAL,2011,Poland,38,u,,
PL6,OTH,T,TOTAL,TOTAL,TOTAL,TOTAL,2011,Poland,97,u,,
PL61,OTH,T,TOTAL,TOTAL,TOTAL,TOTAL,2011,Poland,7,u,,
PL613,OTH,T,TOTAL,TOTAL,TOTAL,TOTAL,2011,Poland,3,u,,
PL614,OTH,T,TOTAL,TOTAL,TOTAL,TOTAL,2011,Poland,0,,,
PL615,OTH,T,TOTAL,TOTAL,TOTAL,TOTAL,2011,Poland,4,u,,
PL62,OTH,T,TOTAL,TOTAL,TOTAL,TOTAL,2011,Poland,42,u,,
PL621,OTH,T,TOTAL,TOTAL,TOTAL,TOTAL,2011,Poland,14,u,,
PL622,OTH,T,TOTAL,TOTAL,TOTAL,TOTAL,2011,Poland,19,u,,
PL623,OTH,T,TOTAL,TOTAL,TOTAL,TOTAL,2011,Poland,9,u,,
PL63,OTH,T,TOTAL,TOTAL,TOTAL,TOTAL,2011,Poland,48,u,,
PL631,OTH,T,TOTAL,TOTAL,TOTAL,TOTAL,2011,Poland,3,u,,
PL633,OTH,T,TOTAL,TOTAL,TOTAL,TOTAL,2011,Poland,13,u,,
PL634,OTH,T,TOTAL,TOTAL,TOTAL,TOTAL,2011,Poland,11,u,,
PL635,OTH,T,TOTAL,TOTAL,TOTAL,TOTAL,2011,Poland,21,u,,
PLZ,OTH,T,TOTAL,TOTAL,TOTAL,TOTAL,2011,Poland,0,,,
PLZZ,OTH,T,TOTAL,TOTAL,TOTAL,TOTAL,2011,Poland,0,,,
PLZZZ,OTH,T,TOTAL,TOTAL,TOTAL,TOTAL,2011,Poland,0,,,
PL,UNK,T,TOTAL,TOTAL,TOTAL,TOTAL,2011,Poland,17300,,,
PL1,UNK,T,TOTAL,TOTAL,TOTAL,TOTAL,2011,Poland,4267,,,
PL11,UNK,T,TOTAL,TOTAL,TOTAL,TOTAL,2011,Poland,1031,,,
PL113,UNK,T,TOTAL,TOTAL,TOTAL,TOTAL,2011,Poland,668,,,
PL114,UNK,T,TOTAL,TOTAL,TOTAL,TOTAL,2011,Poland,69,u,,
PL115,UNK,T,TOTAL,TOTAL,TOTAL,TOTAL,2011,Poland,122,u,,
PL116,UNK,T,TOTAL,TOTAL,TOTAL,TOTAL,2011,Poland,86,u,,
PL117,UNK,T,TOTAL,TOTAL,TOTAL,TOTAL,2011,Poland,86,u,,
PL12,UNK,T,TOTAL,TOTAL,TOTAL,TOTAL,2011,Poland,3236,,,
PL121,UNK,T,TOTAL,TOTAL,TOTAL,TOTAL,2011,Poland,151,u,,
PL122,UNK,T,TOTAL,TOTAL,TOTAL,TOTAL,2011,Poland,134,u,,
PL127,UNK,T,TOTAL,TOTAL,TOTAL,TOTAL,2011,Poland,2024,,,
PL128,UNK,T,TOTAL,TOTAL,TOTAL,TOTAL,2011,Poland,394,u,,
PL129,UNK,T,TOTAL,TOTAL,TOTAL,TOTAL,2011,Poland,171,u,,
PL12A,UNK,T,TOTAL,TOTAL,TOTAL,TOTAL,2011,Poland,363,u,,
PL2,UNK,T,TOTAL,TOTAL,TOTAL,TOTAL,2011,Poland,2638,,,
PL21,UNK,T,TOTAL,TOTAL,TOTAL,TOTAL,2011,Poland,1161,,,
PL213,UNK,T,TOTAL,TOTAL,TOTAL,TOTAL,2011,Poland,523,u,,
PL214,UNK,T,TOTAL,TOTAL,TOTAL,TOTAL,2011,Poland,178,u,,
PL215,UNK,T,TOTAL,TOTAL,TOTAL,TOTAL,2011,Poland,165,u,,
PL216,UNK,T,TOTAL,TOTAL,TOTAL,TOTAL,2011,Poland,119,u,,
PL217,UNK,T,TOTAL,TOTAL,TOTAL,TOTAL,2011,Poland,176,u,,
PL22,UNK,T,TOTAL,TOTAL,TOTAL,TOTAL,2011,Poland,1477,,,
PL224,UNK,T,TOTAL,TOTAL,TOTAL,TOTAL,2011,Poland,167,u,,
PL225,UNK,T,TOTAL,TOTAL,TOTAL,TOTAL,2011,Poland,128,u,,
PL227,UNK,T,TOTAL,TOTAL,TOTAL,TOTAL,2011,Poland,237,u,,
PL228,UNK,T,TOTAL,TOTAL,TOTAL,TOTAL,2011,Poland,96,u,,
PL229,UNK,T,TOTAL,TOTAL,TOTAL,TOTAL,2011,Poland,170,u,,
PL22A,UNK,T,TOTAL,TOTAL,TOTAL,TOTAL,2011,Poland,380,u,,
PL22B,UNK,T,TOTAL,TOTAL,TOTAL,TOTAL,2011,Poland,218,u,,
PL22C,UNK,T,TOTAL,TOTAL,TOTAL,TOTAL,2011,Poland,82,u,,
PL3,UNK,T,TOTAL,TOTAL,TOTAL,TOTAL,2011,Poland,1698,,,
PL31,UNK,T,TOTAL,TOTAL,TOTAL,TOTAL,2011,Poland,444,u,,
PL311,UNK,T,TOTAL,TOTAL,TOTAL,TOTAL,2011,Poland,48,u,,
PL312,UNK,T,TOTAL,TOTAL,TOTAL,TOTAL,2011,Poland,117,u,,
PL314,UNK,T,TOTAL,TOTAL,TOTAL,TOTAL,2011,Poland,202,u,,
PL315,UNK,T,TOTAL,TOTAL,TOTAL,TOTAL,2011,Poland,77,u,,
PL32,UNK,T,TOTAL,TOTAL,TOTAL,TOTAL,2011,Poland,506,u,,
PL323,UNK,T,TOTAL,TOTAL,TOTAL,TOTAL,2011,Poland,94,u,,
PL324,UNK,T,TOTAL,TOTAL,TOTAL,TOTAL,2011,Poland,88,u,,
PL325,UNK,T,TOTAL,TOTAL,TOTAL,TOTAL,2011,Poland,116,u,,
PL326,UNK,T,TOTAL,TOTAL,TOTAL,TOTAL,2011,Poland,208,u,,
PL33,UNK,T,TOTAL,TOTAL,TOTAL,TOTAL,2011,Poland,247,u,,
PL331,UNK,T,TOTAL,TOTAL,TOTAL,TOTAL,2011,Poland,179,u,,
PL332,UNK,T,TOTAL,TOTAL,TOTAL,TOTAL,2011,Poland,68,u,,
PL34,UNK,T,TOTAL,TOTAL,TOTAL,TOTAL,2011,Poland,502,u,,
PL343,UNK,T,TOTAL,TOTAL,TOTAL,TOTAL,2011,Poland,167,u,,
PL344,UNK,T,TOTAL,TOTAL,TOTAL,TOTAL,2011,Poland,205,u,,
PL345,UNK,T,TOTAL,TOTAL,TOTAL,TOTAL,2011,Poland,129,u,,
PL4,UNK,T,TOTAL,TOTAL,TOTAL,TOTAL,2011,Poland,3196,,,
PL41,UNK,T,TOTAL,TOTAL,TOTAL,TOTAL,2011,Poland,1054,,,
PL411,UNK,T,TOTAL,TOTAL,TOTAL,TOTAL,2011,Poland,177,u,,
PL414,UNK,T,TOTAL,TOTAL,TOTAL,TOTAL,2011,Poland,84,u,,
PL415,UNK,T,TOTAL,TOTAL,TOTAL,TOTAL,2011,Poland,333,u,,
PL416,UNK,T,TOTAL,TOTAL,TOTAL,TOTAL,2011,Poland,220,u,,
PL417,UNK,T,TOTAL,TOTAL,TOTAL,TOTAL,2011,Poland,145,u,,
PL418,UNK,T,TOTAL,TOTAL,TOTAL,TOTAL,2011,Poland,95,u,,
PL42,UNK,T,TOTAL,TOTAL,TOTAL,TOTAL,2011,Poland,1448,,,
PL422,UNK,T,TOTAL,TOTAL,TOTAL,TOTAL,2011,Poland,457,u,,
PL423,UNK,T,TOTAL,TOTAL,TOTAL,TOTAL,2011,Poland,187,u,,
PL424,UNK,T,TOTAL,TOTAL,TOTAL,TOTAL,2011,Poland,663,,,
PL425,UNK,T,TOTAL,TOTAL,TOTAL,TOTAL,2011,Poland,141,u,,
PL43,UNK,T,TOTAL,TOTAL,TOTAL,TOTAL,2011,Poland,694,,,
PL431,UNK,T,TOTAL,TOTAL,TOTAL,TOTAL,2011,Poland,310,u,,
PL432,UNK,T,TOTAL,TOTAL,TOTAL,TOTAL,2011,Poland,384,u,,
PL5,UNK,T,TOTAL,TOTAL,TOTAL,TOTAL,2011,Poland,2685,,,
PL51,UNK,T,TOTAL,TOTAL,TOTAL,TOTAL,2011,Poland,2192,,,
PL514,UNK,T,TOTAL,TOTAL,TOTAL,TOTAL,2011,Poland,823,,,
PL515,UNK,T,TOTAL,TOTAL,TOTAL,TOTAL,2011,Poland,415,u,,
PL516,UNK,T,TOTAL,TOTAL,TOTAL,TOTAL,2011,Poland,256,u,,
PL517,UNK,T,TOTAL,TOTAL,TOTAL,TOTAL,2011,Poland,413,u,,
PL518,UNK,T,TOTAL,TOTAL,TOTAL,TOTAL,2011,Poland,285,u,,
PL52,UNK,T,TOTAL,TOTAL,TOTAL,TOTAL,2011,Poland,493,u,,
PL521,UNK,T,TOTAL,TOTAL,TOTAL,TOTAL,2011,Poland,167,u,,
PL522,UNK,T,TOTAL,TOTAL,TOTAL,TOTAL,2011,Poland,326,u,,
PL6,UNK,T,TOTAL,TOTAL,TOTAL,TOTAL,2011,Poland,2816,,,
PL61,UNK,T,TOTAL,TOTAL,TOTAL,TOTAL,2011,Poland,648,,,
PL613,UNK,T,TOTAL,TOTAL,TOTAL,TOTAL,2011,Poland,302,u,,
PL614,UNK,T,TOTAL,TOTAL,TOTAL,TOTAL,2011,Poland,130,u,,
PL615,UNK,T,TOTAL,TOTAL,TOTAL,TOTAL,2011,Poland,216,u,,
PL62,UNK,T,TOTAL,TOTAL,TOTAL,TOTAL,2011,Poland,779,,,
PL621,UNK,T,TOTAL,TOTAL,TOTAL,TOTAL,2011,Poland,275,u,,
PL622,UNK,T,TOTAL,TOTAL,TOTAL,TOTAL,2011,Poland,352,u,,
PL623,UNK,T,TOTAL,TOTAL,TOTAL,TOTAL,2011,Poland,152,u,,
PL63,UNK,T,TOTAL,TOTAL,TOTAL,TOTAL,2011,Poland,1389,,,
PL631,UNK,T,TOTAL,TOTAL,TOTAL,TOTAL,2011,Poland,262,u,,
PL633,UNK,T,TOTAL,TOTAL,TOTAL,TOTAL,2011,Poland,569,,,
PL634,UNK,T,TOTAL,TOTAL,TOTAL,TOTAL,2011,Poland,149,u,,
PL635,UNK,T,TOTAL,TOTAL,TOTAL,TOTAL,2011,Poland,409,u,,
PLZ,UNK,T,TOTAL,TOTAL,TOTAL,TOTAL,2011,Poland,0,,,
PLZZ,UNK,T,TOTAL,TOTAL,TOTAL,TOTAL,2011,Poland,0,,,
PLZZZ,UNK,T,TOTAL,TOTAL,TOTAL,TOTAL,2011,Poland,0,,,
RO,NAT,T,TOTAL,TOTAL,TOTAL,TOTAL,2011,Romania,19971077,,,
RO1,NAT,T,TOTAL,TOTAL,TOTAL,TOTAL,2011,Romania,4929609,,,
RO11,NAT,T,TOTAL,TOTAL,TOTAL,TOTAL,2011,Romania,2582785,,,
RO111,NAT,T,TOTAL,TOTAL,TOTAL,TOTAL,2011,Romania,572480,,,
RO112,NAT,T,TOTAL,TOTAL,TOTAL,TOTAL,2011,Romania,284592,,,
RO113,NAT,T,TOTAL,TOTAL,TOTAL,TOTAL,2011,Romania,683995,,,
RO114,NAT,T,TOTAL,TOTAL,TOTAL,TOTAL,2011,Romania,475889,,,
RO115,NAT,T,TOTAL,TOTAL,TOTAL,TOTAL,2011,Romania,342252,,,
RO116,NAT,T,TOTAL,TOTAL,TOTAL,TOTAL,2011,Romania,223577,,,
RO12,NAT,T,TOTAL,TOTAL,TOTAL,TOTAL,2011,Romania,2346824,,,
RO121,NAT,T,TOTAL,TOTAL,TOTAL,TOTAL,2011,Romania,340334,,,
RO122,NAT,T,TOTAL,TOTAL,TOTAL,TOTAL,2011,Romania,544625,,,
RO123,NAT,T,TOTAL,TOTAL,TOTAL,TOTAL,2011,Romania,209382,,,
RO124,NAT,T,TOTAL,TOTAL,TOTAL,TOTAL,2011,Romania,309680,,,
RO125,NAT,T,TOTAL,TOTAL,TOTAL,TOTAL,2011,Romania,548413,,,
RO126,NAT,T,TOTAL,TOTAL,TOTAL,TOTAL,2011,Romania,394390,,,
RO2,NAT,T,TOTAL,TOTAL,TOTAL,TOTAL,2011,Romania,5804648,,,
RO21,NAT,T,TOTAL,TOTAL,TOTAL,TOTAL,2011,Romania,3278497,,,
RO211,NAT,T,TOTAL,TOTAL,TOTAL,TOTAL,2011,Romania,612002,,,
RO212,NAT,T,TOTAL,TOTAL,TOTAL,TOTAL,2011,Romania,410947,,,
RO213,NAT,T,TOTAL,TOTAL,TOTAL,TOTAL,2011,Romania,764102,,,
RO214,NAT,T,TOTAL,TOTAL,TOTAL,TOTAL,2011,Romania,467955,,,
RO215,NAT,T,TOTAL,TOTAL,TOTAL,TOTAL,2011,Romania,629494,,,
RO216,NAT,T,TOTAL,TOTAL,TOTAL,TOTAL,2011,Romania,393997,,,
RO22,NAT,T,TOTAL,TOTAL,TOTAL,TOTAL,2011,Romania,2526151,,,
RO221,NAT,T,TOTAL,TOTAL,TOTAL,TOTAL,2011,Romania,319448,,,
RO222,NAT,T,TOTAL,TOTAL,TOTAL,TOTAL,2011,Romania,449835,,,
RO223,NAT,T,TOTAL,TOTAL,TOTAL,TOTAL,2011,Romania,675323,,,
RO224,NAT,T,TOTAL,TOTAL,TOTAL,TOTAL,2011,Romania,532576,,,
RO225,NAT,T,TOTAL,TOTAL,TOTAL,TOTAL,2011,Romania,210854,,,
RO226,NAT,T,TOTAL,TOTAL,TOTAL,TOTAL,2011,Romania,338115,,,
RO3,NAT,T,TOTAL,TOTAL,TOTAL,TOTAL,2011,Romania,5356017,,,
RO31,NAT,T,TOTAL,TOTAL,TOTAL,TOTAL,2011,Romania,3123533,,,
RO311,NAT,T,TOTAL,TOTAL,TOTAL,TOTAL,2011,Romania,610622,,,
RO312,NAT,T,TOTAL,TOTAL,TOTAL,TOTAL,2011,Romania,304622,,,
RO313,NAT,T,TOTAL,TOTAL,TOTAL,TOTAL,2011,Romania,517098,,,
RO314,NAT,T,TOTAL,TOTAL,TOTAL,TOTAL,2011,Romania,280664,,,
RO315,NAT,T,TOTAL,TOTAL,TOTAL,TOTAL,2011,Romania,271545,,,
RO316,NAT,T,TOTAL,TOTAL,TOTAL,TOTAL,2011,Romania,760178,,,
RO317,NAT,T,TOTAL,TOTAL,TOTAL,TOTAL,2011,Romania,378804,,,
RO32,NAT,T,TOTAL,TOTAL,TOTAL,TOTAL,2011,Romania,2232484,,,
RO321,NAT,T,TOTAL,TOTAL,TOTAL,TOTAL,2011,Romania,1848150,,,
RO322,NAT,T,TOTAL,TOTAL,TOTAL,TOTAL,2011,Romania,384334,,,
RO4,NAT,T,TOTAL,TOTAL,TOTAL,TOTAL,2011,Romania,3880803,,,
RO41,NAT,T,TOTAL,TOTAL,TOTAL,TOTAL,2011,Romania,2068445,,,
RO411,NAT,T,TOTAL,TOTAL,TOTAL,TOTAL,2011,Romania,657349,,,
RO412,NAT,T,TOTAL,TOTAL,TOTAL,TOTAL,2011,Romania,340865,,,
RO413,NAT,T,TOTAL,TOTAL,TOTAL,TOTAL,2011,Romania,264417,,,
RO414,NAT,T,TOTAL,TOTAL,TOTAL,TOTAL,2011,Romania,435668,,,
RO415,NAT,T,TOTAL,TOTAL,TOTAL,TOTAL,2011,Romania,370146,,,
RO42,NAT,T,TOTAL,TOTAL,TOTAL,TOTAL,2011,Romania,1812358,,,
RO421,NAT,T,TOTAL,TOTAL,TOTAL,TOTAL,2011,Romania,427165,,,
RO422,NAT,T,TOTAL,TOTAL,TOTAL,TOTAL,2011,Romania,293889,,,
RO423,NAT,T,TOTAL,TOTAL,TOTAL,TOTAL,2011,Romania,415874,,,
RO424,NAT,T,TOTAL,TOTAL,TOTAL,TOTAL,2011,Romania,675430,,,
ROZ,NAT,T,TOTAL,TOTAL,TOTAL,TOTAL,2011,Romania,0,,,
ROZZ,NAT,T,TOTAL,TOTAL,TOTAL,TOTAL,2011,Romania,0,,,
ROZZZ,NAT,T,TOTAL,TOTAL,TOTAL,TOTAL,2011,Romania,0,,,
RO,FOR,T,TOTAL,TOTAL,TOTAL,TOTAL,2011,Romania,150564,,,
RO1,FOR,T,TOTAL,TOTAL,TOTAL,TOTAL,2011,Romania,31328,,,
RO11,FOR,T,TOTAL,TOTAL,TOTAL,TOTAL,2011,Romania,17347,,,
RO111,FOR,T,TOTAL,TOTAL,TOTAL,TOTAL,2011,Romania,2918,,,
RO112,FOR,T,TOTAL,TOTAL,TOTAL,TOTAL,2011,Romania,1633,,,
RO113,FOR,T,TOTAL,TOTAL,TOTAL,TOTAL,2011,Romania,7111,,,
RO114,FOR,T,TOTAL,TOTAL,TOTAL,TOTAL,2011,Romania,2770,,,
RO115,FOR,T,TOTAL,TOTAL,TOTAL,TOTAL,2011,Romania,2108,,,
RO116,FOR,T,TOTAL,TOTAL,TOTAL,TOTAL,2011,Romania,807,,,
RO12,FOR,T,TOTAL,TOTAL,TOTAL,TOTAL,2011,Romania,13981,,,
RO121,FOR,T,TOTAL,TOTAL,TOTAL,TOTAL,2011,Romania,2042,,,
RO122,FOR,T,TOTAL,TOTAL,TOTAL,TOTAL,2011,Romania,4592,,,
RO123,FOR,T,TOTAL,TOTAL,TOTAL,TOTAL,2011,Romania,795,,,
RO124,FOR,T,TOTAL,TOTAL,TOTAL,TOTAL,2011,Romania,1187,,,
RO125,FOR,T,TOTAL,TOTAL,TOTAL,TOTAL,2011,Romania,2433,,,
RO126,FOR,T,TOTAL,TOTAL,TOTAL,TOTAL,2011,Romania,2932,,,
RO2,FOR,T,TOTAL,TOTAL,TOTAL,TOTAL,2011,Romania,43492,,,
RO21,FOR,T,TOTAL,TOTAL,TOTAL,TOTAL,2011,Romania,23720,,,
RO211,FOR,T,TOTAL,TOTAL,TOTAL,TOTAL,2011,Romania,4166,,,
RO212,FOR,T,TOTAL,TOTAL,TOTAL,TOTAL,2011,Romania,1679,,,
RO213,FOR,T,TOTAL,TOTAL,TOTAL,TOTAL,2011,Romania,8246,,,
RO214,FOR,T,TOTAL,TOTAL,TOTAL,TOTAL,2011,Romania,2811,,,
RO215,FOR,T,TOTAL,TOTAL,TOTAL,TOTAL,2011,Romania,5316,,,
RO216,FOR,T,TOTAL,TOTAL,TOTAL,TOTAL,2011,Romania,1502,,,
RO22,FOR,T,TOTAL,TOTAL,TOTAL,TOTAL,2011,Romania,19772,,,
RO221,FOR,T,TOTAL,TOTAL,TOTAL,TOTAL,2011,Romania,1764,,,
RO222,FOR,T,TOTAL,TOTAL,TOTAL,TOTAL,2011,Romania,1234,,,
RO223,FOR,T,TOTAL,TOTAL,TOTAL,TOTAL,2011,Romania,8759,,,
RO224,FOR,T,TOTAL,TOTAL,TOTAL,TOTAL,2011,Romania,3591,,,
RO225,FOR,T,TOTAL,TOTAL,TOTAL,TOTAL,2011,Romania,2229,,,
RO226,FOR,T,TOTAL,TOTAL,TOTAL,TOTAL,2011,Romania,2195,,,
RO3,FOR,T,TOTAL,TOTAL,TOTAL,TOTAL,2011,Romania,52592,,,
RO31,FOR,T,TOTAL,TOTAL,TOTAL,TOTAL,2011,Romania,12913,,,
RO311,FOR,T,TOTAL,TOTAL,TOTAL,TOTAL,2011,Romania,1809,,,
RO312,FOR,T,TOTAL,TOTAL,TOTAL,TOTAL,2011,Romania,2069,,,
RO313,FOR,T,TOTAL,TOTAL,TOTAL,TOTAL,2011,Romania,1647,,,
RO314,FOR,T,TOTAL,TOTAL,TOTAL,TOTAL,2011,Romania,758,,,
RO315,FOR,T,TOTAL,TOTAL,TOTAL,TOTAL,2011,Romania,2603,,,
RO316,FOR,T,TOTAL,TOTAL,TOTAL,TOTAL,2011,Romania,2708,,,
RO317,FOR,T,TOTAL,TOTAL,TOTAL,TOTAL,2011,Romania,1319,,,
RO32,FOR,T,TOTAL,TOTAL,TOTAL,TOTAL,2011,Romania,39679,,,
RO321,FOR,T,TOTAL,TOTAL,TOTAL,TOTAL,2011,Romania,35275,,,
RO322,FOR,T,TOTAL,TOTAL,TOTAL,TOTAL,2011,Romania,4404,,,
RO4,FOR,T,TOTAL,TOTAL,TOTAL,TOTAL,2011,Romania,23152,,,
RO41,FOR,T,TOTAL,TOTAL,TOTAL,TOTAL,2011,Romania,7197,,,
RO411,FOR,T,TOTAL,TOTAL,TOTAL,TOTAL,2011,Romania,3195,,,
RO412,FOR,T,TOTAL,TOTAL,TOTAL,TOTAL,2011,Romania,729,,,
RO413,FOR,T,TOTAL,TOTAL,TOTAL,TOTAL,2011,Romania,973,,,
RO414,FOR,T,TOTAL,TOTAL,TOTAL,TOTAL,2011,Romania,732,,,
RO415,FOR,T,TOTAL,TOTAL,TOTAL,TOTAL,2011,Romania,1568,,,
RO42,FOR,T,TOTAL,TOTAL,TOTAL,TOTAL,2011,Romania,15955,,,
RO421,FOR,T,TOTAL,TOTAL,TOTAL,TOTAL,2011,Romania,3464,,,
RO422,FOR,T,TOTAL,TOTAL,TOTAL,TOTAL,2011,Romania,1690,,,
RO423,FOR,T,TOTAL,TOTAL,TOTAL,TOTAL,2011,Romania,2691,,,
RO424,FOR,T,TOTAL,TOTAL,TOTAL,TOTAL,2011,Romania,8110,,,
ROZ,FOR,T,TOTAL,TOTAL,TOTAL,TOTAL,2011,Romania,0,,,
ROZZ,FOR,T,TOTAL,TOTAL,TOTAL,TOTAL,2011,Romania,0,,,
ROZZZ,FOR,T,TOTAL,TOTAL,TOTAL,TOTAL,2011,Romania,0,,,
RO,OTH,T,TOTAL,TOTAL,TOTAL,TOTAL,2011,Romania,0,,,
RO1,OTH,T,TOTAL,TOTAL,TOTAL,TOTAL,2011,Romania,0,,,
RO11,OTH,T,TOTAL,TOTAL,TOTAL,TOTAL,2011,Romania,0,,,
RO111,OTH,T,TOTAL,TOTAL,TOTAL,TOTAL,2011,Romania,0,,,
RO112,OTH,T,TOTAL,TOTAL,TOTAL,TOTAL,2011,Romania,0,,,
RO113,OTH,T,TOTAL,TOTAL,TOTAL,TOTAL,2011,Romania,0,,,
RO114,OTH,T,TOTAL,TOTAL,TOTAL,TOTAL,2011,Romania,0,,,
RO115,OTH,T,TOTAL,TOTAL,TOTAL,TOTAL,2011,Romania,0,,,
RO116,OTH,T,TOTAL,TOTAL,TOTAL,TOTAL,2011,Romania,0,,,
RO12,OTH,T,TOTAL,TOTAL,TOTAL,TOTAL,2011,Romania,0,,,
RO121,OTH,T,TOTAL,TOTAL,TOTAL,TOTAL,2011,Romania,0,,,
RO122,OTH,T,TOTAL,TOTAL,TOTAL,TOTAL,2011,Romania,0,,,
RO123,OTH,T,TOTAL,TOTAL,TOTAL,TOTAL,2011,Romania,0,,,
RO124,OTH,T,TOTAL,TOTAL,TOTAL,TOTAL,2011,Romania,0,,,
RO125,OTH,T,TOTAL,TOTAL,TOTAL,TOTAL,2011,Romania,0,,,
RO126,OTH,T,TOTAL,TOTAL,TOTAL,TOTAL,2011,Romania,0,,,
RO2,OTH,T,TOTAL,TOTAL,TOTAL,TOTAL,2011,Romania,0,,,
RO21,OTH,T,TOTAL,TOTAL,TOTAL,TOTAL,2011,Romania,0,,,
RO211,OTH,T,TOTAL,TOTAL,TOTAL,TOTAL,2011,Romania,0,,,
RO212,OTH,T,TOTAL,TOTAL,TOTAL,TOTAL,2011,Romania,0,,,
RO213,OTH,T,TOTAL,TOTAL,TOTAL,TOTAL,2011,Romania,0,,,
RO214,OTH,T,TOTAL,TOTAL,TOTAL,TOTAL,2011,Romania,0,,,
RO215,OTH,T,TOTAL,TOTAL,TOTAL,TOTAL,2011,Romania,0,,,
RO216,OTH,T,TOTAL,TOTAL,TOTAL,TOTAL,2011,Romania,0,,,
RO22,OTH,T,TOTAL,TOTAL,TOTAL,TOTAL,2011,Romania,0,,,
RO221,OTH,T,TOTAL,TOTAL,TOTAL,TOTAL,2011,Romania,0,,,
RO222,OTH,T,TOTAL,TOTAL,TOTAL,TOTAL,2011,Romania,0,,,
RO223,OTH,T,TOTAL,TOTAL,TOTAL,TOTAL,2011,Romania,0,,,
RO224,OTH,T,TOTAL,TOTAL,TOTAL,TOTAL,2011,Romania,0,,,
RO225,OTH,T,TOTAL,TOTAL,TOTAL,TOTAL,2011,Romania,0,,,
RO226,OTH,T,TOTAL,TOTAL,TOTAL,TOTAL,2011,Romania,0,,,
RO3,OTH,T,TOTAL,TOTAL,TOTAL,TOTAL,2011,Romania,0,,,
RO31,OTH,T,TOTAL,TOTAL,TOTAL,TOTAL,2011,Romania,0,,,
RO311,OTH,T,TOTAL,TOTAL,TOTAL,TOTAL,2011,Romania,0,,,
RO312,OTH,T,TOTAL,TOTAL,TOTAL,TOTAL,2011,Romania,0,,,
RO313,OTH,T,TOTAL,TOTAL,TOTAL,TOTAL,2011,Romania,0,,,
RO314,OTH,T,TOTAL,TOTAL,TOTAL,TOTAL,2011,Romania,0,,,
RO315,OTH,T,TOTAL,TOTAL,TOTAL,TOTAL,2011,Romania,0,,,
RO316,OTH,T,TOTAL,TOTAL,TOTAL,TOTAL,2011,Romania,0,,,
RO317,OTH,T,TOTAL,TOTAL,TOTAL,TOTAL,2011,Romania,0,,,
RO32,OTH,T,TOTAL,TOTAL,TOTAL,TOTAL,2011,Romania,0,,,
RO321,OTH,T,TOTAL,TOTAL,TOTAL,TOTAL,2011,Romania,0,,,
RO322,OTH,T,TOTAL,TOTAL,TOTAL,TOTAL,2011,Romania,0,,,
RO4,OTH,T,TOTAL,TOTAL,TOTAL,TOTAL,2011,Romania,0,,,
RO41,OTH,T,TOTAL,TOTAL,TOTAL,TOTAL,2011,Romania,0,,,
RO411,OTH,T,TOTAL,TOTAL,TOTAL,TOTAL,2011,Romania,0,,,
RO412,OTH,T,TOTAL,TOTAL,TOTAL,TOTAL,2011,Romania,0,,,
RO413,OTH,T,TOTAL,TOTAL,TOTAL,TOTAL,2011,Romania,0,,,
RO414,OTH,T,TOTAL,TOTAL,TOTAL,TOTAL,2011,Romania,0,,,
RO415,OTH,T,TOTAL,TOTAL,TOTAL,TOTAL,2011,Romania,0,,,
RO42,OTH,T,TOTAL,TOTAL,TOTAL,TOTAL,2011,Romania,0,,,
RO421,OTH,T,TOTAL,TOTAL,TOTAL,TOTAL,2011,Romania,0,,,
RO422,OTH,T,TOTAL,TOTAL,TOTAL,TOTAL,2011,Romania,0,,,
RO423,OTH,T,TOTAL,TOTAL,TOTAL,TOTAL,2011,Romania,0,,,
RO424,OTH,T,TOTAL,TOTAL,TOTAL,TOTAL,2011,Romania,0,,,
ROZ,OTH,T,TOTAL,TOTAL,TOTAL,TOTAL,2011,Romania,0,,,
ROZZ,OTH,T,TOTAL,TOTAL,TOTAL,TOTAL,2011,Romania,0,,,
ROZZZ,OTH,T,TOTAL,TOTAL,TOTAL,TOTAL,2011,Romania,0,,,
RO,UNK,T,TOTAL,TOTAL,TOTAL,TOTAL,2011,Romania,0,,,
RO1,UNK,T,TOTAL,TOTAL,TOTAL,TOTAL,2011,Romania,0,,,
RO11,UNK,T,TOTAL,TOTAL,TOTAL,TOTAL,2011,Romania,0,,,
RO111,UNK,T,TOTAL,TOTAL,TOTAL,TOTAL,2011,Romania,0,,,
RO112,UNK,T,TOTAL,TOTAL,TOTAL,TOTAL,2011,Romania,0,,,
RO113,UNK,T,TOTAL,TOTAL,TOTAL,TOTAL,2011,Romania,0,,,
RO114,UNK,T,TOTAL,TOTAL,TOTAL,TOTAL,2011,Romania,0,,,
RO115,UNK,T,TOTAL,TOTAL,TOTAL,TOTAL,2011,Romania,0,,,
RO116,UNK,T,TOTAL,TOTAL,TOTAL,TOTAL,2011,Romania,0,,,
RO12,UNK,T,TOTAL,TOTAL,TOTAL,TOTAL,2011,Romania,0,,,
RO121,UNK,T,TOTAL,TOTAL,TOTAL,TOTAL,2011,Romania,0,,,
RO122,UNK,T,TOTAL,TOTAL,TOTAL,TOTAL,2011,Romania,0,,,
RO123,UNK,T,TOTAL,TOTAL,TOTAL,TOTAL,2011,Romania,0,,,
RO124,UNK,T,TOTAL,TOTAL,TOTAL,TOTAL,2011,Romania,0,,,
RO125,UNK,T,TOTAL,TOTAL,TOTAL,TOTAL,2011,Romania,0,,,
RO126,UNK,T,TOTAL,TOTAL,TOTAL,TOTAL,2011,Romania,0,,,
RO2,UNK,T,TOTAL,TOTAL,TOTAL,TOTAL,2011,Romania,0,,,
RO21,UNK,T,TOTAL,TOTAL,TOTAL,TOTAL,2011,Romania,0,,,
RO211,UNK,T,TOTAL,TOTAL,TOTAL,TOTAL,2011,Romania,0,,,
RO212,UNK,T,TOTAL,TOTAL,TOTAL,TOTAL,2011,Romania,0,,,
RO213,UNK,T,TOTAL,TOTAL,TOTAL,TOTAL,2011,Romania,0,,,
RO214,UNK,T,TOTAL,TOTAL,TOTAL,TOTAL,2011,Romania,0,,,
RO215,UNK,T,TOTAL,TOTAL,TOTAL,TOTAL,2011,Romania,0,,,
RO216,UNK,T,TOTAL,TOTAL,TOTAL,TOTAL,2011,Romania,0,,,
RO22,UNK,T,TOTAL,TOTAL,TOTAL,TOTAL,2011,Romania,0,,,
RO221,UNK,T,TOTAL,TOTAL,TOTAL,TOTAL,2011,Romania,0,,,
RO222,UNK,T,TOTAL,TOTAL,TOTAL,TOTAL,2011,Romania,0,,,
RO223,UNK,T,TOTAL,TOTAL,TOTAL,TOTAL,2011,Romania,0,,,
RO224,UNK,T,TOTAL,TOTAL,TOTAL,TOTAL,2011,Romania,0,,,
RO225,UNK,T,TOTAL,TOTAL,TOTAL,TOTAL,2011,Romania,0,,,
RO226,UNK,T,TOTAL,TOTAL,TOTAL,TOTAL,2011,Romania,0,,,
RO3,UNK,T,TOTAL,TOTAL,TOTAL,TOTAL,2011,Romania,0,,,
RO31,UNK,T,TOTAL,TOTAL,TOTAL,TOTAL,2011,Romania,0,,,
RO311,UNK,T,TOTAL,TOTAL,TOTAL,TOTAL,2011,Romania,0,,,
RO312,UNK,T,TOTAL,TOTAL,TOTAL,TOTAL,2011,Romania,0,,,
RO313,UNK,T,TOTAL,TOTAL,TOTAL,TOTAL,2011,Romania,0,,,
RO314,UNK,T,TOTAL,TOTAL,TOTAL,TOTAL,2011,Romania,0,,,
RO315,UNK,T,TOTAL,TOTAL,TOTAL,TOTAL,2011,Romania,0,,,
RO316,UNK,T,TOTAL,TOTAL,TOTAL,TOTAL,2011,Romania,0,,,
RO317,UNK,T,TOTAL,TOTAL,TOTAL,TOTAL,2011,Romania,0,,,
RO32,UNK,T,TOTAL,TOTAL,TOTAL,TOTAL,2011,Romania,0,,,
RO321,UNK,T,TOTAL,TOTAL,TOTAL,TOTAL,2011,Romania,0,,,
RO322,UNK,T,TOTAL,TOTAL,TOTAL,TOTAL,2011,Romania,0,,,
RO4,UNK,T,TOTAL,TOTAL,TOTAL,TOTAL,2011,Romania,0,,,
RO41,UNK,T,TOTAL,TOTAL,TOTAL,TOTAL,2011,Romania,0,,,
RO411,UNK,T,TOTAL,TOTAL,TOTAL,TOTAL,2011,Romania,0,,,
RO412,UNK,T,TOTAL,TOTAL,TOTAL,TOTAL,2011,Romania,0,,,
RO413,UNK,T,TOTAL,TOTAL,TOTAL,TOTAL,2011,Romania,0,,,
RO414,UNK,T,TOTAL,TOTAL,TOTAL,TOTAL,2011,Romania,0,,,
RO415,UNK,T,TOTAL,TOTAL,TOTAL,TOTAL,2011,Romania,0,,,
RO42,UNK,T,TOTAL,TOTAL,TOTAL,TOTAL,2011,Romania,0,,,
RO421,UNK,T,TOTAL,TOTAL,TOTAL,TOTAL,2011,Romania,0,,,
RO422,UNK,T,TOTAL,TOTAL,TOTAL,TOTAL,2011,Romania,0,,,
RO423,UNK,T,TOTAL,TOTAL,TOTAL,TOTAL,2011,Romania,0,,,
RO424,UNK,T,TOTAL,TOTAL,TOTAL,TOTAL,2011,Romania,0,,,
ROZ,UNK,T,TOTAL,TOTAL,TOTAL,TOTAL,2011,Romania,0,,,
ROZZ,UNK,T,TOTAL,TOTAL,TOTAL,TOTAL,2011,Romania,0,,,
ROZZZ,UNK,T,TOTAL,TOTAL,TOTAL,TOTAL,2011,Romania,0,,,
LI,NAT,T,TOTAL,TOTAL,TOTAL,TOTAL,2011,Liechtenstein,21494,,,
LI0,NAT,T,TOTAL,TOTAL,TOTAL,TOTAL,2011,Liechtenstein,21494,,,
LI00,NAT,T,TOTAL,TOTAL,TOTAL,TOTAL,2011,Liechtenstein,21494,,,
LI000,NAT,T,TOTAL,TOTAL,TOTAL,TOTAL,2011,Liechtenstein,21494,,,
LIZ,NAT,T,TOTAL,TOTAL,TOTAL,TOTAL,2011,Liechtenstein,0,,,
LIZZ,NAT,T,TOTAL,TOTAL,TOTAL,TOTAL,2011,Liechtenstein,0,,,
LIZZZ,NAT,T,TOTAL,TOTAL,TOTAL,TOTAL,2011,Liechtenstein,0,,,
LI,FOR,T,TOTAL,TOTAL,TOTAL,TOTAL,2011,Liechtenstein,14649,,,
LI0,FOR,T,TOTAL,TOTAL,TOTAL,TOTAL,2011,Liechtenstein,14649,,,
LI00,FOR,T,TOTAL,TOTAL,TOTAL,TOTAL,2011,Liechtenstein,14649,,,
LI000,FOR,T,TOTAL,TOTAL,TOTAL,TOTAL,2011,Liechtenstein,14649,,,
LIZ,FOR,T,TOTAL,TOTAL,TOTAL,TOTAL,2011,Liechtenstein,0,,,
LIZZ,FOR,T,TOTAL,TOTAL,TOTAL,TOTAL,2011,Liechtenstein,0,,,
LIZZZ,FOR,T,TOTAL,TOTAL,TOTAL,TOTAL,2011,Liechtenstein,0,,,
LI,OTH,T,TOTAL,TOTAL,TOTAL,TOTAL,2011,Liechtenstein,0,,,
LI0,OTH,T,TOTAL,TOTAL,TOTAL,TOTAL,2011,Liechtenstein,0,,,
LI00,OTH,T,TOTAL,TOTAL,TOTAL,TOTAL,2011,Liechtenstein,0,,,
LI000,OTH,T,TOTAL,TOTAL,TOTAL,TOTAL,2011,Liechtenstein,0,,,
LIZ,OTH,T,TOTAL,TOTAL,TOTAL,TOTAL,2011,Liechtenstein,0,,,
LIZZ,OTH,T,TOTAL,TOTAL,TOTAL,TOTAL,2011,Liechtenstein,0,,,
LIZZZ,OTH,T,TOTAL,TOTAL,TOTAL,TOTAL,2011,Liechtenstein,0,,,
LI,UNK,T,TOTAL,TOTAL,TOTAL,TOTAL,2011,Liechtenstein,6,,,
LI0,UNK,T,TOTAL,TOTAL,TOTAL,TOTAL,2011,Liechtenstein,6,,,
LI00,UNK,T,TOTAL,TOTAL,TOTAL,TOTAL,2011,Liechtenstein,6,,,
LI000,UNK,T,TOTAL,TOTAL,TOTAL,TOTAL,2011,Liechtenstein,6,,,
LIZ,UNK,T,TOTAL,TOTAL,TOTAL,TOTAL,2011,Liechtenstein,0,,,
LIZZ,UNK,T,TOTAL,TOTAL,TOTAL,TOTAL,2011,Liechtenstein,0,,,
LIZZZ,UNK,T,TOTAL,TOTAL,TOTAL,TOTAL,2011,Liechtenstein,0,,,
NL,NAT,T,TOTAL,TOTAL,TOTAL,TOTAL,2011,Netherlands,14787144,,,
NL1,NAT,T,TOTAL,TOTAL,TOTAL,TOTAL,2011,Netherlands,1620160,,,
NL11,NAT,T,TOTAL,TOTAL,TOTAL,TOTAL,2011,Netherlands,535471,,,
NL111,NAT,T,TOTAL,TOTAL,TOTAL,TOTAL,2011,Netherlands,144030,,,
NL112,NAT,T,TOTAL,TOTAL,TOTAL,TOTAL,2011,Netherlands,45523,,,
NL113,NAT,T,TOTAL,TOTAL,TOTAL,TOTAL,2011,Netherlands,345918,,,
NL12,NAT,T,TOTAL,TOTAL,TOTAL,TOTAL,2011,Netherlands,616576,,,
NL121,NAT,T,TOTAL,TOTAL,TOTAL,TOTAL,2011,Netherlands,315589,,,
NL122,NAT,T,TOTAL,TOTAL,TOTAL,TOTAL,2011,Netherlands,102165,,,
NL123,NAT,T,TOTAL,TOTAL,TOTAL,TOTAL,2011,Netherlands,198822,,,
NL13,NAT,T,TOTAL,TOTAL,TOTAL,TOTAL,2011,Netherlands,468113,,,
NL131,NAT,T,TOTAL,TOTAL,TOTAL,TOTAL,2011,Netherlands,180679,,,
NL132,NAT,T,TOTAL,TOTAL,TOTAL,TOTAL,2011,Netherlands,162490,,,
NL133,NAT,T,TOTAL,TOTAL,TOTAL,TOTAL,2011,Netherlands,124944,,,
NL2,NAT,T,TOTAL,TOTAL,TOTAL,TOTAL,2011,Netherlands,3242714,,,
NL21,NAT,T,TOTAL,TOTAL,TOTAL,TOTAL,2011,Netherlands,1050367,,,
NL211,NAT,T,TOTAL,TOTAL,TOTAL,TOTAL,2011,Netherlands,338323,,,
NL212,NAT,T,TOTAL,TOTAL,TOTAL,TOTAL,2011,Netherlands,139848,,,
NL213,NAT,T,TOTAL,TOTAL,TOTAL,TOTAL,2011,Netherlands,572196,,,
NL22,NAT,T,TOTAL,TOTAL,TOTAL,TOTAL,2011,Netherlands,1857779,,,
NL221,NAT,T,TOTAL,TOTAL,TOTAL,TOTAL,2011,Netherlands,612530,,,
NL224,NAT,T,TOTAL,TOTAL,TOTAL,TOTAL,2011,Netherlands,221510,,,
NL225,NAT,T,TOTAL,TOTAL,TOTAL,TOTAL,2011,Netherlands,380570,,,
NL226,NAT,T,TOTAL,TOTAL,TOTAL,TOTAL,2011,Netherlands,643169,,,
NL23,NAT,T,TOTAL,TOTAL,TOTAL,TOTAL,2011,Netherlands,334568,,,
NL230,NAT,T,TOTAL,TOTAL,TOTAL,TOTAL,2011,Netherlands,334568,,,
NL3,NAT,T,TOTAL,TOTAL,TOTAL,TOTAL,2011,Netherlands,6664259,,,
NL31,NAT,T,TOTAL,TOTAL,TOTAL,TOTAL,2011,Netherlands,1097369,,,
NL310,NAT,T,TOTAL,TOTAL,TOTAL,TOTAL,2011,Netherlands,1097369,,,
NL32,NAT,T,TOTAL,TOTAL,TOTAL,TOTAL,2011,Netherlands,2262982,,,
NL321,NAT,T,TOTAL,TOTAL,TOTAL,TOTAL,2011,Netherlands,345569,,,
NL322,NAT,T,TOTAL,TOTAL,TOTAL,TOTAL,2011,Netherlands,210580,,,
NL323,NAT,T,TOTAL,TOTAL,TOTAL,TOTAL,2011,Netherlands,176878,,,
NL324,NAT,T,TOTAL,TOTAL,TOTAL,TOTAL,2011,Netherlands,194561,,,
NL325,NAT,T,TOTAL,TOTAL,TOTAL,TOTAL,2011,Netherlands,141645,,,
NL326,NAT,T,TOTAL,TOTAL,TOTAL,TOTAL,2011,Netherlands,975470,,,
NL327,NAT,T,TOTAL,TOTAL,TOTAL,TOTAL,2011,Netherlands,218279,,,
NL33,NAT,T,TOTAL,TOTAL,TOTAL,TOTAL,2011,Netherlands,2957429,,,
NL332,NAT,T,TOTAL,TOTAL,TOTAL,TOTAL,2011,Netherlands,616431,,,
NL333,NAT,T,TOTAL,TOTAL,TOTAL,TOTAL,2011,Netherlands,189505,,,
NL337,NAT,T,TOTAL,TOTAL,TOTAL,TOTAL,2011,Netherlands,364524,,,
NL338,NAT,T,TOTAL,TOTAL,TOTAL,TOTAL,2011,Netherlands,269400,,,
NL339,NAT,T,TOTAL,TOTAL,TOTAL,TOTAL,2011,Netherlands,1159237,,,
NL33A,NAT,T,TOTAL,TOTAL,TOTAL,TOTAL,2011,Netherlands,358332,,,
NL34,NAT,T,TOTAL,TOTAL,TOTAL,TOTAL,2011,Netherlands,346479,,,
NL341,NAT,T,TOTAL,TOTAL,TOTAL,TOTAL,2011,Netherlands,91411,,,
NL342,NAT,T,TOTAL,TOTAL,TOTAL,TOTAL,2011,Netherlands,255068,,,
NL4,NAT,T,TOTAL,TOTAL,TOTAL,TOTAL,2011,Netherlands,3260011,,,
NL41,NAT,T,TOTAL,TOTAL,TOTAL,TOTAL,2011,Netherlands,2243236,,,
NL411,NAT,T,TOTAL,TOTAL,TOTAL,TOTAL,2011,Netherlands,560370,,,
NL412,NAT,T,TOTAL,TOTAL,TOTAL,TOTAL,2011,Netherlands,419738,,,
NL413,NAT,T,TOTAL,TOTAL,TOTAL,TOTAL,2011,Netherlands,594482,,,
NL414,NAT,T,TOTAL,TOTAL,TOTAL,TOTAL,2011,Netherlands,668646,,,
NL42,NAT,T,TOTAL,TOTAL,TOTAL,TOTAL,2011,Netherlands,1016775,,,
NL421,NAT,T,TOTAL,TOTAL,TOTAL,TOTAL,2011,Netherlands,256447,,,
NL422,NAT,T,TOTAL,TOTAL,TOTAL,TOTAL,2011,Netherlands,215515,,,
NL423,NAT,T,TOTAL,TOTAL,TOTAL,TOTAL,2011,Netherlands,544813,,,
NLZ,NAT,T,TOTAL,TOTAL,TOTAL,TOTAL,2011,Netherlands,0,,,
NLZZ,NAT,T,TOTAL,TOTAL,TOTAL,TOTAL,2011,Netherlands,0,,,
NLZZZ,NAT,T,TOTAL,TOTAL,TOTAL,TOTAL,2011,Netherlands,0,,,
NL,FOR,T,TOTAL,TOTAL,TOTAL,TOTAL,2011,Netherlands,1868655,,,
NL1,FOR,T,TOTAL,TOTAL,TOTAL,TOTAL,2011,Netherlands,97569,,,
NL11,FOR,T,TOTAL,TOTAL,TOTAL,TOTAL,2011,Netherlands,43565,,,
NL111,FOR,T,TOTAL,TOTAL,TOTAL,TOTAL,2011,Netherlands,7500,,,
NL112,FOR,T,TOTAL,TOTAL,TOTAL,TOTAL,2011,Netherlands,3612,,,
NL113,FOR,T,TOTAL,TOTAL,TOTAL,TOTAL,2011,Netherlands,32453,,,
NL12,FOR,T,TOTAL,TOTAL,TOTAL,TOTAL,2011,Netherlands,30706,,,
NL121,FOR,T,TOTAL,TOTAL,TOTAL,TOTAL,2011,Netherlands,17295,,,
NL122,FOR,T,TOTAL,TOTAL,TOTAL,TOTAL,2011,Netherlands,4126,,,
NL123,FOR,T,TOTAL,TOTAL,TOTAL,TOTAL,2011,Netherlands,9285,,,
NL13,FOR,T,TOTAL,TOTAL,TOTAL,TOTAL,2011,Netherlands,23298,,,
NL131,FOR,T,TOTAL,TOTAL,TOTAL,TOTAL,2011,Netherlands,9108,,,
NL132,FOR,T,TOTAL,TOTAL,TOTAL,TOTAL,2011,Netherlands,8777,,,
NL133,FOR,T,TOTAL,TOTAL,TOTAL,TOTAL,2011,Netherlands,5413,,,
NL2,FOR,T,TOTAL,TOTAL,TOTAL,TOTAL,2011,Netherlands,288389,,,
NL21,FOR,T,TOTAL,TOTAL,TOTAL,TOTAL,2011,Netherlands,84098,,,
NL211,FOR,T,TOTAL,TOTAL,TOTAL,TOTAL,2011,Netherlands,17838,,,
NL212,FOR,T,TOTAL,TOTAL,TOTAL,TOTAL,2011,Netherlands,13079,,,
NL213,FOR,T,TOTAL,TOTAL,TOTAL,TOTAL,2011,Netherlands,53181,,,
NL22,FOR,T,TOTAL,TOTAL,TOTAL,TOTAL,2011,Netherlands,146892,,,
NL221,FOR,T,TOTAL,TOTAL,TOTAL,TOTAL,2011,Netherlands,43842,,,
NL224,FOR,T,TOTAL,TOTAL,TOTAL,TOTAL,2011,Netherlands,13747,,,
NL225,FOR,T,TOTAL,TOTAL,TOTAL,TOTAL,2011,Netherlands,21064,,,
NL226,FOR,T,TOTAL,TOTAL,TOTAL,TOTAL,2011,Netherlands,68239,,,
NL23,FOR,T,TOTAL,TOTAL,TOTAL,TOTAL,2011,Netherlands,57399,,,
NL230,FOR,T,TOTAL,TOTAL,TOTAL,TOTAL,2011,Netherlands,57399,,,
NL3,FOR,T,TOTAL,TOTAL,TOTAL,TOTAL,2011,Netherlands,1165866,,,
NL31,FOR,T,TOTAL,TOTAL,TOTAL,TOTAL,2011,Netherlands,131425,,,
NL310,FOR,T,TOTAL,TOTAL,TOTAL,TOTAL,2011,Netherlands,131425,,,
NL32,FOR,T,TOTAL,TOTAL,TOTAL,TOTAL,2011,Netherlands,428495,,,
NL321,FOR,T,TOTAL,TOTAL,TOTAL,TOTAL,2011,Netherlands,25470,,,
NL322,FOR,T,TOTAL,TOTAL,TOTAL,TOTAL,2011,Netherlands,21145,,,
NL323,FOR,T,TOTAL,TOTAL,TOTAL,TOTAL,2011,Netherlands,16416,,,
NL324,FOR,T,TOTAL,TOTAL,TOTAL,TOTAL,2011,Netherlands,26509,,,
NL325,FOR,T,TOTAL,TOTAL,TOTAL,TOTAL,2011,Netherlands,21096,,,
NL326,FOR,T,TOTAL,TOTAL,TOTAL,TOTAL,2011,Netherlands,291658,,,
NL327,FOR,T,TOTAL,TOTAL,TOTAL,TOTAL,2011,Netherlands,26201,,,
NL33,FOR,T,TOTAL,TOTAL,TOTAL,TOTAL,2011,Netherlands,570895,,,
NL332,FOR,T,TOTAL,TOTAL,TOTAL,TOTAL,2011,Netherlands,194418,,,
NL333,FOR,T,TOTAL,TOTAL,TOTAL,TOTAL,2011,Netherlands,26115,,,
NL337,FOR,T,TOTAL,TOTAL,TOTAL,TOTAL,2011,Netherlands,42713,,,
NL338,FOR,T,TOTAL,TOTAL,TOTAL,TOTAL,2011,Netherlands,24419,,,
NL339,FOR,T,TOTAL,TOTAL,TOTAL,TOTAL,2011,Netherlands,245554,,,
NL33A,FOR,T,TOTAL,TOTAL,TOTAL,TOTAL,2011,Netherlands,37676,,,
NL34,FOR,T,TOTAL,TOTAL,TOTAL,TOTAL,2011,Netherlands,35051,,,
NL341,FOR,T,TOTAL,TOTAL,TOTAL,TOTAL,2011,Netherlands,15110,,,
NL342,FOR,T,TOTAL,TOTAL,TOTAL,TOTAL,2011,Netherlands,19941,,,
NL4,FOR,T,TOTAL,TOTAL,TOTAL,TOTAL,2011,Netherlands,316831,,,
NL41,FOR,T,TOTAL,TOTAL,TOTAL,TOTAL,2011,Netherlands,210979,,,
NL411,FOR,T,TOTAL,TOTAL,TOTAL,TOTAL,2011,Netherlands,55887,,,
NL412,FOR,T,TOTAL,TOTAL,TOTAL,TOTAL,2011,Netherlands,39745,,,
NL413,FOR,T,TOTAL,TOTAL,TOTAL,TOTAL,2011,Netherlands,45138,,,
NL414,FOR,T,TOTAL,TOTAL,TOTAL,TOTAL,2011,Netherlands,70209,,,
NL42,FOR,T,TOTAL,TOTAL,TOTAL,TOTAL,2011,Netherlands,105852,,,
NL421,FOR,T,TOTAL,TOTAL,TOTAL,TOTAL,2011,Netherlands,23656,,,
NL422,FOR,T,TOTAL,TOTAL,TOTAL,TOTAL,2011,Netherlands,19696,,,
NL423,FOR,T,TOTAL,TOTAL,TOTAL,TOTAL,2011,Netherlands,62500,,,
NLZ,FOR,T,TOTAL,TOTAL,TOTAL,TOTAL,2011,Netherlands,0,,,
NLZZ,FOR,T,TOTAL,TOTAL,TOTAL,TOTAL,2011,Netherlands,0,,,
NLZZZ,FOR,T,TOTAL,TOTAL,TOTAL,TOTAL,2011,Netherlands,0,,,
NL,OTH,T,TOTAL,TOTAL,TOTAL,TOTAL,2011,Netherlands,0,,,
NL1,OTH,T,TOTAL,TOTAL,TOTAL,TOTAL,2011,Netherlands,0,,,
NL11,OTH,T,TOTAL,TOTAL,TOTAL,TOTAL,2011,Netherlands,0,,,
NL111,OTH,T,TOTAL,TOTAL,TOTAL,TOTAL,2011,Netherlands,0,,,
NL112,OTH,T,TOTAL,TOTAL,TOTAL,TOTAL,2011,Netherlands,0,,,
NL113,OTH,T,TOTAL,TOTAL,TOTAL,TOTAL,2011,Netherlands,0,,,
NL12,OTH,T,TOTAL,TOTAL,TOTAL,TOTAL,2011,Netherlands,0,,,
NL121,OTH,T,TOTAL,TOTAL,TOTAL,TOTAL,2011,Netherlands,0,,,
NL122,OTH,T,TOTAL,TOTAL,TOTAL,TOTAL,2011,Netherlands,0,,,
NL123,OTH,T,TOTAL,TOTAL,TOTAL,TOTAL,2011,Netherlands,0,,,
NL13,OTH,T,TOTAL,TOTAL,TOTAL,TOTAL,2011,Netherlands,0,,,
NL131,OTH,T,TOTAL,TOTAL,TOTAL,TOTAL,2011,Netherlands,0,,,
NL132,OTH,T,TOTAL,TOTAL,TOTAL,TOTAL,2011,Netherlands,0,,,
NL133,OTH,T,TOTAL,TOTAL,TOTAL,TOTAL,2011,Netherlands,0,,,
NL2,OTH,T,TOTAL,TOTAL,TOTAL,TOTAL,2011,Netherlands,0,,,
NL21,OTH,T,TOTAL,TOTAL,TOTAL,TOTAL,2011,Netherlands,0,,,
NL211,OTH,T,TOTAL,TOTAL,TOTAL,TOTAL,2011,Netherlands,0,,,
NL212,OTH,T,TOTAL,TOTAL,TOTAL,TOTAL,2011,Netherlands,0,,,
NL213,OTH,T,TOTAL,TOTAL,TOTAL,TOTAL,2011,Netherlands,0,,,
NL22,OTH,T,TOTAL,TOTAL,TOTAL,TOTAL,2011,Netherlands,0,,,
NL221,OTH,T,TOTAL,TOTAL,TOTAL,TOTAL,2011,Netherlands,0,,,
NL224,OTH,T,TOTAL,TOTAL,TOTAL,TOTAL,2011,Netherlands,0,,,
NL225,OTH,T,TOTAL,TOTAL,TOTAL,TOTAL,2011,Netherlands,0,,,
NL226,OTH,T,TOTAL,TOTAL,TOTAL,TOTAL,2011,Netherlands,0,,,
NL23,OTH,T,TOTAL,TOTAL,TOTAL,TOTAL,2011,Netherlands,0,,,
NL230,OTH,T,TOTAL,TOTAL,TOTAL,TOTAL,2011,Netherlands,0,,,
NL3,OTH,T,TOTAL,TOTAL,TOTAL,TOTAL,2011,Netherlands,0,,,
NL31,OTH,T,TOTAL,TOTAL,TOTAL,TOTAL,2011,Netherlands,0,,,
NL310,OTH,T,TOTAL,TOTAL,TOTAL,TOTAL,2011,Netherlands,0,,,
NL32,OTH,T,TOTAL,TOTAL,TOTAL,TOTAL,2011,Netherlands,0,,,
NL321,OTH,T,TOTAL,TOTAL,TOTAL,TOTAL,2011,Netherlands,0,,,
NL322,OTH,T,TOTAL,TOTAL,TOTAL,TOTAL,2011,Netherlands,0,,,
NL323,OTH,T,TOTAL,TOTAL,TOTAL,TOTAL,2011,Netherlands,0,,,
NL324,OTH,T,TOTAL,TOTAL,TOTAL,TOTAL,2011,Netherlands,0,,,
NL325,OTH,T,TOTAL,TOTAL,TOTAL,TOTAL,2011,Netherlands,0,,,
NL326,OTH,T,TOTAL,TOTAL,TOTAL,TOTAL,2011,Netherlands,0,,,
NL327,OTH,T,TOTAL,TOTAL,TOTAL,TOTAL,2011,Netherlands,0,,,
NL33,OTH,T,TOTAL,TOTAL,TOTAL,TOTAL,2011,Netherlands,0,,,
NL332,OTH,T,TOTAL,TOTAL,TOTAL,TOTAL,2011,Netherlands,0,,,
NL333,OTH,T,TOTAL,TOTAL,TOTAL,TOTAL,2011,Netherlands,0,,,
NL337,OTH,T,TOTAL,TOTAL,TOTAL,TOTAL,2011,Netherlands,0,,,
NL338,OTH,T,TOTAL,TOTAL,TOTAL,TOTAL,2011,Netherlands,0,,,
NL339,OTH,T,TOTAL,TOTAL,TOTAL,TOTAL,2011,Netherlands,0,,,
NL33A,OTH,T,TOTAL,TOTAL,TOTAL,TOTAL,2011,Netherlands,0,,,
NL34,OTH,T,TOTAL,TOTAL,TOTAL,TOTAL,2011,Netherlands,0,,,
NL341,OTH,T,TOTAL,TOTAL,TOTAL,TOTAL,2011,Netherlands,0,,,
NL342,OTH,T,TOTAL,TOTAL,TOTAL,TOTAL,2011,Netherlands,0,,,
NL4,OTH,T,TOTAL,TOTAL,TOTAL,TOTAL,2011,Netherlands,0,,,
NL41,OTH,T,TOTAL,TOTAL,TOTAL,TOTAL,2011,Netherlands,0,,,
NL411,OTH,T,TOTAL,TOTAL,TOTAL,TOTAL,2011,Netherlands,0,,,
NL412,OTH,T,TOTAL,TOTAL,TOTAL,TOTAL,2011,Netherlands,0,,,
NL413,OTH,T,TOTAL,TOTAL,TOTAL,TOTAL,2011,Netherlands,0,,,
NL414,OTH,T,TOTAL,TOTAL,TOTAL,TOTAL,2011,Netherlands,0,,,
NL42,OTH,T,TOTAL,TOTAL,TOTAL,TOTAL,2011,Netherlands,0,,,
NL421,OTH,T,TOTAL,TOTAL,TOTAL,TOTAL,2011,Netherlands,0,,,
NL422,OTH,T,TOTAL,TOTAL,TOTAL,TOTAL,2011,Netherlands,0,,,
NL423,OTH,T,TOTAL,TOTAL,TOTAL,TOTAL,2011,Netherlands,0,,,
NLZ,OTH,T,TOTAL,TOTAL,TOTAL,TOTAL,2011,Netherlands,0,,,
NLZZ,OTH,T,TOTAL,TOTAL,TOTAL,TOTAL,2011,Netherlands,0,,,
NLZZZ,OTH,T,TOTAL,TOTAL,TOTAL,TOTAL,2011,Netherlands,0,,,
NL,UNK,T,TOTAL,TOTAL,TOTAL,TOTAL,2011,Netherlands,0,,,
NL1,UNK,T,TOTAL,TOTAL,TOTAL,TOTAL,2011,Netherlands,0,,,
NL11,UNK,T,TOTAL,TOTAL,TOTAL,TOTAL,2011,Netherlands,0,,,
NL111,UNK,T,TOTAL,TOTAL,TOTAL,TOTAL,2011,Netherlands,0,,,
NL112,UNK,T,TOTAL,TOTAL,TOTAL,TOTAL,2011,Netherlands,0,,,
NL113,UNK,T,TOTAL,TOTAL,TOTAL,TOTAL,2011,Netherlands,0,,,
NL12,UNK,T,TOTAL,TOTAL,TOTAL,TOTAL,2011,Netherlands,0,,,
NL121,UNK,T,TOTAL,TOTAL,TOTAL,TOTAL,2011,Netherlands,0,,,
NL122,UNK,T,TOTAL,TOTAL,TOTAL,TOTAL,2011,Netherlands,0,,,
NL123,UNK,T,TOTAL,TOTAL,TOTAL,TOTAL,2011,Netherlands,0,,,
NL13,UNK,T,TOTAL,TOTAL,TOTAL,TOTAL,2011,Netherlands,0,,,
NL131,UNK,T,TOTAL,TOTAL,TOTAL,TOTAL,2011,Netherlands,0,,,
NL132,UNK,T,TOTAL,TOTAL,TOTAL,TOTAL,2011,Netherlands,0,,,
NL133,UNK,T,TOTAL,TOTAL,TOTAL,TOTAL,2011,Netherlands,0,,,
NL2,UNK,T,TOTAL,TOTAL,TOTAL,TOTAL,2011,Netherlands,0,,,
NL21,UNK,T,TOTAL,TOTAL,TOTAL,TOTAL,2011,Netherlands,0,,,
NL211,UNK,T,TOTAL,TOTAL,TOTAL,TOTAL,2011,Netherlands,0,,,
NL212,UNK,T,TOTAL,TOTAL,TOTAL,TOTAL,2011,Netherlands,0,,,
NL213,UNK,T,TOTAL,TOTAL,TOTAL,TOTAL,2011,Netherlands,0,,,
NL22,UNK,T,TOTAL,TOTAL,TOTAL,TOTAL,2011,Netherlands,0,,,
NL221,UNK,T,TOTAL,TOTAL,TOTAL,TOTAL,2011,Netherlands,0,,,
NL224,UNK,T,TOTAL,TOTAL,TOTAL,TOTAL,2011,Netherlands,0,,,
NL225,UNK,T,TOTAL,TOTAL,TOTAL,TOTAL,2011,Netherlands,0,,,
NL226,UNK,T,TOTAL,TOTAL,TOTAL,TOTAL,2011,Netherlands,0,,,
NL23,UNK,T,TOTAL,TOTAL,TOTAL,TOTAL,2011,Netherlands,0,,,
NL230,UNK,T,TOTAL,TOTAL,TOTAL,TOTAL,2011,Netherlands,0,,,
NL3,UNK,T,TOTAL,TOTAL,TOTAL,TOTAL,2011,Netherlands,0,,,
NL31,UNK,T,TOTAL,TOTAL,TOTAL,TOTAL,2011,Netherlands,0,,,
NL310,UNK,T,TOTAL,TOTAL,TOTAL,TOTAL,2011,Netherlands,0,,,
NL32,UNK,T,TOTAL,TOTAL,TOTAL,TOTAL,2011,Netherlands,0,,,
NL321,UNK,T,TOTAL,TOTAL,TOTAL,TOTAL,2011,Netherlands,0,,,
NL322,UNK,T,TOTAL,TOTAL,TOTAL,TOTAL,2011,Netherlands,0,,,
NL323,UNK,T,TOTAL,TOTAL,TOTAL,TOTAL,2011,Netherlands,0,,,
NL324,UNK,T,TOTAL,TOTAL,TOTAL,TOTAL,2011,Netherlands,0,,,
NL325,UNK,T,TOTAL,TOTAL,TOTAL,TOTAL,2011,Netherlands,0,,,
NL326,UNK,T,TOTAL,TOTAL,TOTAL,TOTAL,2011,Netherlands,0,,,
NL327,UNK,T,TOTAL,TOTAL,TOTAL,TOTAL,2011,Netherlands,0,,,
NL33,UNK,T,TOTAL,TOTAL,TOTAL,TOTAL,2011,Netherlands,0,,,
NL332,UNK,T,TOTAL,TOTAL,TOTAL,TOTAL,2011,Netherlands,0,,,
NL333,UNK,T,TOTAL,TOTAL,TOTAL,TOTAL,2011,Netherlands,0,,,
NL337,UNK,T,TOTAL,TOTAL,TOTAL,TOTAL,2011,Netherlands,0,,,
NL338,UNK,T,TOTAL,TOTAL,TOTAL,TOTAL,2011,Netherlands,0,,,
NL339,UNK,T,TOTAL,TOTAL,TOTAL,TOTAL,2011,Netherlands,0,,,
NL33A,UNK,T,TOTAL,TOTAL,TOTAL,TOTAL,2011,Netherlands,0,,,
NL34,UNK,T,TOTAL,TOTAL,TOTAL,TOTAL,2011,Netherlands,0,,,
NL341,UNK,T,TOTAL,TOTAL,TOTAL,TOTAL,2011,Netherlands,0,,,
NL342,UNK,T,TOTAL,TOTAL,TOTAL,TOTAL,2011,Netherlands,0,,,
NL4,UNK,T,TOTAL,TOTAL,TOTAL,TOTAL,2011,Netherlands,0,,,
NL41,UNK,T,TOTAL,TOTAL,TOTAL,TOTAL,2011,Netherlands,0,,,
NL411,UNK,T,TOTAL,TOTAL,TOTAL,TOTAL,2011,Netherlands,0,,,
NL412,UNK,T,TOTAL,TOTAL,TOTAL,TOTAL,2011,Netherlands,0,,,
NL413,UNK,T,TOTAL,TOTAL,TOTAL,TOTAL,2011,Netherlands,0,,,
NL414,UNK,T,TOTAL,TOTAL,TOTAL,TOTAL,2011,Netherlands,0,,,
NL42,UNK,T,TOTAL,TOTAL,TOTAL,TOTAL,2011,Netherlands,0,,,
NL421,UNK,T,TOTAL,TOTAL,TOTAL,TOTAL,2011,Netherlands,0,,,
NL422,UNK,T,TOTAL,TOTAL,TOTAL,TOTAL,2011,Netherlands,0,,,
NL423,UNK,T,TOTAL,TOTAL,TOTAL,TOTAL,2011,Netherlands,0,,,
NLZ,UNK,T,TOTAL,TOTAL,TOTAL,TOTAL,2011,Netherlands,0,,,
NLZZ,UNK,T,TOTAL,TOTAL,TOTAL,TOTAL,2011,Netherlands,0,,,
NLZZZ,UNK,T,TOTAL,TOTAL,TOTAL,TOTAL,2011,Netherlands,0,,,
